ts_code,x,y
000001.SZ,7.1856747,13.942907
000002.SZ,-2.1689937,-5.0056605
000004.SZ,4.5652356,-2.8879695
000006.SZ,3.5466263,19.272156
000007.SZ,19.599857,-11.722103
000008.SZ,8.050675,16.468998
000009.SZ,5.6503425,3.8843744
000010.SZ,-0.39390743,11.758005
000011.SZ,-5.4745517,22.661812
000012.SZ,6.879496,22.110483
000014.SZ,-2.2173994,-5.0697865
000016.SZ,14.766302,2.4278939
000017.SZ,-16.153746,6.823685
000019.SZ,-5.3029466,18.710764
000020.SZ,-5.1541667,10.636143
000021.SZ,-5.85137,10.591631
000025.SZ,-17.69528,-5.992055
000026.SZ,-15.9819355,6.288478
000027.SZ,-16.342169,3.3953288
000028.SZ,-2.4546578,16.397085
000029.SZ,3.4718971,19.346296
000030.SZ,12.708224,-1.6019136
000031.SZ,-2.1549625,-4.991553
000032.SZ,-0.6061528,11.615999
000034.SZ,4.482152,-3.313459
000035.SZ,-11.378184,8.359963
000036.SZ,-2.1516943,-4.9886365
000037.SZ,-16.41951,3.3160853
000039.SZ,7.7870626,16.244537
000040.SZ,-20.640442,4.454004
000042.SZ,-2.2046418,-5.0582643
000045.SZ,-5.7137775,10.802978
000048.SZ,3.5751362,19.243874
000049.SZ,5.292036,3.0865462
000050.SZ,-6.295166,10.652209
000055.SZ,10.584625,-7.271069
000056.SZ,19.59968,-11.722062
000058.SZ,5.1838946,4.6808405
000059.SZ,-12.790694,-8.418138
000060.SZ,7.788787,-18.622713
000061.SZ,-5.30737,18.715227
000062.SZ,-5.8901095,10.562308
000063.SZ,-11.611939,0.53953475
000065.SZ,-0.22512223,11.810844
000066.SZ,-3.6738396,-12.8256235
000068.SZ,-11.918902,8.505905
000069.SZ,-2.1525831,-4.9903646
000070.SZ,-10.973012,0.14185116
000078.SZ,-2.507066,16.344164
000088.SZ,-8.857596,12.924211
000089.SZ,-10.355216,-2.3453257
000090.SZ,0.73444754,12.291174
000096.SZ,-12.651201,-13.043113
000099.SZ,10.2235775,19.445158
000100.SZ,-6.2982306,10.666026
000151.SZ,-10.481133,-14.719283
000153.SZ,11.522366,-11.985507
000155.SZ,-20.607983,4.486213
000156.SZ,-5.5358443,-4.8425865
000157.SZ,20.13228,6.5133696
000158.SZ,4.361202,-3.2393112
000159.SZ,-12.651223,-13.043095
000166.SZ,15.601941,-10.540334
000301.SZ,7.627924,-12.636763
000333.SZ,14.793497,2.4686425
000338.SZ,12.740731,-1.6246822
000400.SZ,4.7403445,4.083596
000401.SZ,22.781641,3.3946438
000402.SZ,-2.1311443,-4.968909
000403.SZ,6.209241,10.065338
000404.SZ,14.61984,2.1720707
000407.SZ,-0.11758971,21.916996
000408.SZ,3.6654346,14.859419
000409.SZ,4.89368,-3.726499
000410.SZ,0.12621951,-12.323114
000411.SZ,-2.4093018,16.44154
000415.SZ,13.843542,5.9382772
000417.SZ,-12.577527,4.2135687
000419.SZ,-12.446413,4.344006
000420.SZ,7.623177,-12.641673
000421.SZ,0.17111686,22.194334
000422.SZ,3.8129032,14.710843
000423.SZ,-5.7529187,-8.576332
000425.SZ,20.054758,6.435182
000426.SZ,7.78713,-18.6211
000428.SZ,11.0894,-17.96088
000429.SZ,-16.431246,-9.649744
000430.SZ,17.653955,10.3080225
000488.SZ,11.578743,8.204162
000498.SZ,0.37506014,12.173025
000501.SZ,-12.636138,4.1550565
000503.SZ,4.645135,-3.5366786
000504.SZ,0.3961963,-5.97445
000505.SZ,15.543309,12.933531
000506.SZ,3.860268,22.002626
000507.SZ,-8.871377,12.938311
000509.SZ,-5.718892,10.824831
000510.SZ,-2.93189,2.7868798
000513.SZ,11.286237,-11.331922
000514.SZ,3.2327547,19.58198
000516.SZ,-0.05056571,-6.387972
000517.SZ,3.4899554,19.328716
000518.SZ,6.2082577,10.057387
000519.SZ,0.52179044,-1.4522828
000520.SZ,-5.0728064,-2.0831985
000521.SZ,14.621496,2.1694493
000523.SZ,15.67969,12.985185
000524.SZ,-14.344047,-5.946226
000525.SZ,3.7624793,14.761471
000526.SZ,2.5522008,-10.780946
000528.SZ,20.108696,6.4894323
000529.SZ,15.4433565,12.92646
000530.SZ,6.0836663,-8.631511
000531.SZ,-16.380096,3.356886
000532.SZ,13.795678,5.985677
000533.SZ,4.664579,4.011461
000534.SZ,6.191556,10.076739
000536.SZ,-5.342444,10.753675
000537.SZ,-20.607357,4.4868402
000538.SZ,-5.745494,-8.619697
000539.SZ,-16.432348,3.302049
000541.SZ,14.684239,2.6201289
000543.SZ,-16.392921,3.3427978
000544.SZ,-10.947672,8.293025
000545.SZ,-2.9817412,2.8121178
000546.SZ,-12.091247,8.587702
000547.SZ,-11.669009,0.5683767
000548.SZ,-16.42271,-9.656209
000550.SZ,20.375307,-0.3652594
000551.SZ,-0.16620696,-1.4338065
000552.SZ,9.208419,10.105098
000553.SZ,3.4575953,15.069877
000554.SZ,-12.670174,-13.063468
000555.SZ,5.7838206,-3.8178723
000557.SZ,-1.8924243,18.534576
000558.SZ,17.65679,10.311114
000559.SZ,12.714334,-1.6238092
000560.SZ,-5.4745507,22.663214
000561.SZ,-11.602509,0.45148364
000563.SZ,13.8549,5.926759
000564.SZ,-12.396561,4.3940268
000565.SZ,-11.549687,14.704927
000566.SZ,11.650939,-11.595936
000567.SZ,13.734019,6.0472684
000568.SZ,17.035952,4.8505297
000570.SZ,-7.3952355,-17.665392
000571.SZ,9.202902,10.099819
000572.SZ,20.387552,-0.3776829
000573.SZ,4.6583977,3.7968411
000576.SZ,5.650657,3.9332037
000581.SZ,12.738782,-1.6634425
000582.SZ,-8.872272,12.939123
000584.SZ,1.0631713,-1.6432025
000586.SZ,-11.21985,0.13569084
000589.SZ,12.659176,-1.5944476
000590.SZ,-5.627867,-8.669169
000591.SZ,-20.587149,4.507308
000592.SZ,5.6302767,4.4812937
000593.SZ,0.15994897,22.18408
000595.SZ,5.9496617,-8.172489
000596.SZ,17.050463,4.8652196
000597.SZ,11.620883,-11.357238
000598.SZ,-6.0855575,14.908527
000599.SZ,12.259392,-1.5676548
000600.SZ,-16.428297,3.307059
000601.SZ,-14.537831,-1.5417976
000603.SZ,7.7782006,-18.609814
000605.SZ,-6.0844207,14.907583
000607.SZ,16.965605,-4.689475
000608.SZ,3.4046052,19.412521
000609.SZ,3.2889717,19.526192
000610.SZ,-14.343759,-5.9460845
000612.SZ,14.383102,17.238142
000615.SZ,0.72189134,-5.950424
000617.SZ,13.810864,5.970634
000619.SZ,10.614804,-7.29873
000620.SZ,-2.2113397,-5.066295
000622.SZ,20.04429,-3.5438335
000623.SZ,-5.735821,-8.282229
000625.SZ,20.37568,-0.3655582
000626.SZ,-10.49023,-14.72974
000627.SZ,-14.493883,-7.9427032
000628.SZ,-0.63123834,11.621402
000629.SZ,16.838055,7.865666
000630.SZ,-9.4440565,-6.119106
000631.SZ,-17.667639,-6.0196524
000632.SZ,-17.698528,-5.989014
000633.SZ,16.697598,8.006106
000635.SZ,-2.6412525,2.0770173
000636.SZ,-6.191685,10.5205
000637.SZ,-12.790813,-8.418162
000638.SZ,-5.5528035,18.959772
000639.SZ,15.677424,13.008928
000650.SZ,-5.6966863,-8.303472
000651.SZ,14.745506,2.5449028
000652.SZ,20.044651,-3.543755
000655.SZ,17.19136,-0.11163905
000656.SZ,-2.2056017,-5.0634265
000657.SZ,16.681973,8.020939
000659.SZ,16.750004,-4.456163
000661.SZ,6.7190194,9.506118
000663.SZ,5.6561227,4.4399643
000665.SZ,-5.349033,-4.65738
000668.SZ,-5.4745293,22.663328
000669.SZ,-0.09349278,21.940199
000670.SZ,-5.1728296,9.883844
000672.SZ,22.746988,3.3597274
000676.SZ,-6.7108283,-13.875768
000677.SZ,7.604589,-12.660167
000678.SZ,11.359121,-1.4869465
000679.SZ,-12.367022,4.423517
000680.SZ,19.985722,6.36553
000681.SZ,-6.9973774,-13.59825
000682.SZ,4.7698812,4.3012786
000683.SZ,-2.882926,2.779499
000685.SZ,-6.1086802,14.931363
000686.SZ,15.692759,-10.442915
000688.SZ,7.779695,-18.613935
000690.SZ,-16.337069,3.3997755
000691.SZ,-2.766541,2.788809
000692.SZ,0.1378539,22.161911
000695.SZ,16.87442,-4.5904927
000697.SZ,-8.699723,5.2728786
000698.SZ,-12.790626,-8.417897
000700.SZ,12.359752,-1.5687194
000701.SZ,-10.483811,-14.734624
000702.SZ,-16.355867,-2.4297078
000703.SZ,7.595996,-12.669289
000705.SZ,-2.4679122,16.383972
000707.SZ,-2.6707373,2.6239755
000708.SZ,-12.776553,18.479599
000709.SZ,17.203882,-0.12386757
000710.SZ,0.36129007,-5.9955125
000711.SZ,-11.916512,8.534334
000712.SZ,15.978775,-10.137092
000713.SZ,14.12847,-16.178333
000715.SZ,-12.382399,4.408051
000716.SZ,15.221588,13.091939
000717.SZ,17.191189,-0.11120697
000718.SZ,3.5730731,19.246037
000719.SZ,2.473134,-18.976479
000720.SZ,5.42497,4.6305404
000721.SZ,11.0893345,-17.960907
000722.SZ,10.637965,-7.320376
000723.SZ,7.249259,-17.10167
000725.SZ,-6.3310537,10.686081
000726.SZ,-12.43956,-3.8294554
000727.SZ,-6.22815,10.681459
000728.SZ,15.653501,-10.485042
000729.SZ,9.926228,21.640123
000731.SZ,3.5115545,15.015787
000733.SZ,-5.364306,8.851304
000735.SZ,-5.2991533,18.707132
000736.SZ,-2.2129931,-5.0662007
000737.SZ,-9.451257,-6.1309614
000738.SZ,-8.705442,5.267122
000739.SZ,11.371883,-11.667381
000750.SZ,15.624906,-10.515396
000751.SZ,7.7870636,-18.621122
000752.SZ,9.926283,21.640133
000753.SZ,-17.665293,-6.0220284
000755.SZ,-16.4224,-9.656521
000756.SZ,11.535613,-12.283539
000757.SZ,-8.432263,-16.029837
000758.SZ,7.8185515,-18.652512
000759.SZ,8.509302,19.6047
000761.SZ,17.222399,-0.14250465
000762.SZ,16.48155,8.203962
000766.SZ,11.560062,-12.113095
000767.SZ,-16.4063,3.3303456
000768.SZ,-8.699631,5.2725115
000776.SZ,15.835627,-10.286934
000777.SZ,6.231609,-8.802386
000778.SZ,-9.032137,16.794567
000779.SZ,-0.2553987,11.796501
000782.SZ,7.5968747,-12.668184
000783.SZ,15.590835,-10.552356
000785.SZ,-12.6060505,4.1849456
000786.SZ,10.576074,-7.261657
000788.SZ,11.643169,-11.561109
000789.SZ,22.750633,3.363371
000790.SZ,-5.640213,-8.412916
000791.SZ,-14.538202,-1.5406752
000792.SZ,3.5948198,14.931364
000793.SZ,2.4308171,-18.934042
000795.SZ,13.390345,10.411817
000796.SZ,-14.343743,-5.9458303
000797.SZ,-2.2153132,-5.0675254
000798.SZ,5.633022,-18.513493
000799.SZ,17.056204,4.870263
000800.SZ,20.365364,-0.35556108
000801.SZ,14.693541,2.0731688
000802.SZ,-5.5084257,-4.815617
000803.SZ,-11.975845,8.639035
000807.SZ,14.404671,17.216274
000809.SZ,3.4069352,19.410484
000810.SZ,14.919203,1.871832
000811.SZ,19.95565,6.3353267
000812.SZ,16.9989,-4.726662
000813.SZ,11.668912,-11.476036
000815.SZ,11.464527,8.093171
000816.SZ,-7.3952346,-17.665453
000818.SZ,-3.2333486,2.2014964
000819.SZ,-12.791103,-8.418253
000820.SZ,-17.708391,-5.9788494
000821.SZ,4.695847,3.1087115
000822.SZ,-3.0622017,2.8564062
000823.SZ,-6.306227,10.665918
000825.SZ,-12.776564,18.479645
000826.SZ,-11.859869,8.530333
000828.SZ,-16.41874,-9.66175
000829.SZ,19.599726,-11.722088
000830.SZ,-3.5695703,3.0903103
000831.SZ,16.68514,8.014996
000833.SZ,-17.683065,-6.004382
000837.SZ,0.15049592,-12.299186
000838.SZ,3.254569,19.560427
000839.SZ,-17.662025,-6.025448
000848.SZ,-5.6629577,-19.172802
000850.SZ,-12.476134,-3.8660321
000851.SZ,-11.132245,0.19769199
000852.SZ,22.14392,8.538685
000856.SZ,0.48167285,-2.0452864
000858.SZ,17.050413,4.8647003
000859.SZ,0.87808365,15.69447
000860.SZ,17.093773,4.905879
000862.SZ,-20.605423,4.4888625
000863.SZ,3.2473257,19.567562
000868.SZ,20.380075,-0.36978802
000869.SZ,2.6735086,23.00141
000875.SZ,-16.417286,3.3189936
000876.SZ,-16.370178,-2.4429762
000877.SZ,22.750769,3.3633778
000878.SZ,-9.402649,-6.077484
000880.SZ,0.31840074,-1.9655861
000881.SZ,-3.5061524,3.2396364
000882.SZ,19.59984,-11.722126
000883.SZ,-14.503712,-1.574411
000885.SZ,-10.988477,8.284899
000886.SZ,3.5487907,19.270098
000887.SZ,11.937359,-1.8291619
000888.SZ,17.658594,10.313219
000889.SZ,-11.184371,0.21530008
000890.SZ,-11.855668,8.498424
000892.SZ,-5.2915115,-4.6002054
000893.SZ,3.700387,14.82478
000895.SZ,15.861984,13.053538
000897.SZ,3.5229843,19.295404
000898.SZ,17.223394,-0.1432092
000899.SZ,-16.420689,3.3146307
000900.SZ,-16.42275,-9.658325
000901.SZ,12.627556,-1.5713972
000902.SZ,3.4593987,15.067749
000903.SZ,12.46556,-1.6829842
000905.SZ,-8.871865,12.938747
000906.SZ,20.164076,-6.263464
000908.SZ,11.563104,-12.139538
000909.SZ,3.362657,19.453745
000910.SZ,3.777269,-13.851745
000911.SZ,15.488056,13.018705
000912.SZ,3.529962,14.9972
000913.SZ,-13.630705,-9.873772
000915.SZ,11.281522,-11.453317
000917.SZ,16.759888,-4.466817
000919.SZ,11.545122,-11.249518
000920.SZ,0.8497102,15.655622
000921.SZ,14.639555,2.2214267
000922.SZ,4.7669897,4.2525787
000923.SZ,17.197,-0.11720185
000925.SZ,7.7516227,16.210361
000926.SZ,3.4275246,19.38986
000927.SZ,20.133148,-6.2328944
000928.SZ,0.13148208,12.126458
000929.SZ,9.926254,21.64011
000930.SZ,-5.3229203,18.73072
000931.SZ,11.6702,-11.357021
000932.SZ,17.235771,-0.1556103
000933.SZ,14.390282,17.230423
000935.SZ,22.723043,3.3363457
000936.SZ,7.623486,-12.64125
000937.SZ,9.211286,10.108173
000938.SZ,-3.58589,-12.793432
000948.SZ,4.4217725,-3.1566777
000949.SZ,7.612243,-12.65321
000950.SZ,-2.5037322,16.348177
000951.SZ,20.373676,-0.36368778
000952.SZ,11.640064,-11.35174
000953.SZ,11.531554,-12.292513
000955.SZ,-12.676842,-4.0659766
000957.SZ,20.381811,-0.37091255
000958.SZ,13.839638,5.942093
000959.SZ,17.217201,-0.13693891
000960.SZ,16.836164,7.867408
000962.SZ,16.809345,7.8952136
000963.SZ,11.269941,-11.455132
000965.SZ,3.2348387,19.580173
000966.SZ,-16.374208,3.36261
000967.SZ,-10.828014,8.287975
000968.SZ,-15.287339,1.3326844
000969.SZ,16.835548,7.8676233
000970.SZ,13.423197,10.379792
000972.SZ,15.381083,12.89684
000973.SZ,0.9131389,15.756676
000975.SZ,3.8600116,22.00321
000977.SZ,-3.4410865,-12.852004
000978.SZ,17.654444,10.3071575
000980.SZ,10.758462,-2.3902621
000981.SZ,11.100504,-1.8070596
000983.SZ,9.223799,10.120695
000985.SZ,-2.6286147,2.5789852
000987.SZ,13.839621,5.9420166
000988.SZ,0.4598245,-1.5045806
000989.SZ,-5.6463203,-8.384329
000990.SZ,-3.5714965,3.1373467
000993.SZ,-14.54819,-1.531819
000995.SZ,17.090721,4.9036264
000997.SZ,-3.667754,-12.822847
000998.SZ,14.111788,-16.196363
000999.SZ,-5.7215247,-8.683758
001201.SZ,-5.4941545,18.901184
001202.SZ,20.33017,-6.4288993
001203.SZ,17.19121,-0.11109023
001205.SZ,-5.0821147,-2.0925145
001206.SZ,11.495679,8.123642
001207.SZ,-3.4586873,3.1003375
001208.SZ,5.424382,3.8749428
001209.SZ,-16.114105,6.7623534
001210.SZ,0.15007055,22.174513
001211.SZ,3.641619,-13.988915
001212.SZ,10.636969,-7.319016
001213.SZ,-1.8920658,18.53452
001215.SZ,15.526507,13.435636
001216.SZ,3.573001,-14.05914
001217.SZ,-2.8474748,2.519907
001218.SZ,-3.4385087,2.4921193
001219.SZ,15.341134,13.2834835
001222.SZ,2.4821446,-10.851086
001223.SZ,1.3421794,-0.812669
001225.SZ,0.43545938,-0.8977486
001226.SZ,19.907492,6.286925
001227.SZ,7.1860933,13.894418
001228.SZ,20.317635,-6.416539
001229.SZ,-3.441481,-12.848866
001230.SZ,-11.386816,8.558107
001231.SZ,3.7231772,14.802149
001234.SZ,-16.112547,6.748382
001236.SZ,13.76064,6.0205846
001238.SZ,3.548184,-14.082133
001239.SZ,19.925165,6.304956
001255.SZ,-20.61291,4.481211
001256.SZ,-12.720351,-14.836816
001258.SZ,-20.607626,4.486288
001259.SZ,14.877184,2.2524233
001260.SZ,11.291503,-2.0841155
001266.SZ,-0.62155634,-16.18944
001267.SZ,-0.30960178,11.764169
001268.SZ,6.3745327,-8.475667
001269.SZ,13.247282,10.569639
001270.SZ,2.2194183,6.3523736
001277.SZ,1.4717325,-1.17015
001278.SZ,11.273618,-2.0954862
001282.SZ,10.573644,-2.3471067
001283.SZ,5.7116585,3.4125261
001286.SZ,-16.34956,3.3878136
001287.SZ,-5.2719364,9.75169
001288.SZ,0.13557366,-1.6531031
001289.SZ,-20.582554,4.5119014
001296.SZ,10.675159,-7.3575425
001298.SZ,-4.521272,9.3472595
001299.SZ,0.17823878,22.20247
001300.SZ,2.5402267,-10.792866
001301.SZ,5.3690233,3.0021956
001306.SZ,6.148763,-7.8495245
001308.SZ,-5.403066,9.648551
001309.SZ,1.9182267,6.660351
001311.SZ,10.696059,-2.5932348
001313.SZ,-16.356947,-2.430404
001314.SZ,-4.8769894,9.546206
001316.SZ,20.044592,-3.5437427
001317.SZ,5.084209,2.7092586
001318.SZ,22.555204,-2.7413313
001319.SZ,10.98552,-1.6870183
001322.SZ,3.4559913,-14.177151
001323.SZ,3.6050394,-14.025964
001324.SZ,7.682432,16.14255
001326.SZ,5.3326077,2.752943
001328.SZ,-17.85631,-0.15022473
001330.SZ,-5.4607353,-4.7680845
001331.SZ,5.2044277,2.7610893
001332.SZ,1.2830114,-0.8484768
001333.SZ,-3.5571568,2.7698562
001336.SZ,0.514342,-1.0601174
001337.SZ,3.8600829,22.002918
001338.SZ,9.926227,21.640165
001339.SZ,-3.207011,-12.728458
001358.SZ,-2.7887251,1.4845555
001359.SZ,13.353235,10.454664
001360.SZ,19.90566,6.285566
001366.SZ,-16.355936,-2.429608
001367.SZ,11.240387,-12.42039
001368.SZ,2.4574,-10.875762
001373.SZ,-4.7212467,9.34261
001376.SZ,0.26235488,22.28718
001378.SZ,0.70365644,14.845517
001379.SZ,5.891943,-7.5893707
001380.SZ,10.643919,-2.5063157
001387.SZ,14.93053,2.0354195
001389.SZ,-5.434027,9.633234
001696.SZ,-13.632447,-9.871975
001872.SZ,-8.871435,12.938236
001896.SZ,-16.412632,3.3229496
001914.SZ,-5.47453,22.663277
001965.SZ,-16.41875,-9.662179
001979.SZ,-2.1607583,-4.9960365
002001.SZ,11.33763,-11.258212
002003.SZ,-15.9755945,6.365256
002004.SZ,3.467832,15.059677
002005.SZ,14.719806,2.5525577
002006.SZ,0.7995723,-1.6585677
002007.SZ,6.1393285,10.133642
002008.SZ,0.4052006,-0.9598652
002009.SZ,19.923904,6.3035936
002010.SZ,20.156033,-6.255499
002011.SZ,14.885668,1.8791339
002012.SZ,11.514625,8.142521
002014.SZ,0.9179267,15.758639
002015.SZ,-20.59761,4.4968214
002016.SZ,3.5509238,19.26784
002017.SZ,-11.4362335,0.33702192
002019.SZ,11.490186,-11.30598
002020.SZ,11.462936,-11.304841
002021.SZ,18.668404,12.303836
002022.SZ,-0.06873868,-6.43936
002023.SZ,-8.6913185,5.281437
002024.SZ,5.5954027,4.591911
002025.SZ,-5.489334,9.167079
002026.SZ,6.2969193,-8.575869
002027.SZ,16.644524,-4.34737
002028.SZ,5.579872,3.500645
002029.SZ,-15.991762,6.2597246
002030.SZ,-0.024442669,-6.560005
002031.SZ,11.361239,-1.4138569
002032.SZ,14.777227,2.4552207
002033.SZ,17.655783,10.309423
002034.SZ,-10.879713,8.299265
002035.SZ,14.666778,2.5547457
002036.SZ,-5.346899,10.194292
002037.SZ,-2.4464257,1.9631674
002038.SZ,6.14151,10.131146
002039.SZ,-14.560787,-1.5190337
002040.SZ,-8.871729,12.938712
002041.SZ,14.12998,-16.178333
002042.SZ,-12.570988,-3.9608653
002043.SZ,10.593608,-7.2768455
002044.SZ,-0.24170993,-6.495936
002045.SZ,-4.855769,10.349909
002046.SZ,6.181206,-8.6618595
002047.SZ,-11.621499,-11.289822
002048.SZ,12.631437,-1.6567029
002049.SZ,2.5090346,5.967987
002050.SZ,14.820048,2.2550611
002051.SZ,0.33245343,12.114911
002052.SZ,14.706749,2.075867
002053.SZ,15.385461,12.913672
002054.SZ,-11.548001,14.7028885
002055.SZ,-5.6375604,10.526663
002056.SZ,5.505936,4.1483016
002057.SZ,13.388531,10.414622
002058.SZ,-0.48425776,-15.692762
002059.SZ,17.658102,10.312298
002060.SZ,0.11160252,11.979998
002061.SZ,0.30241498,12.147729
002062.SZ,0.11130011,11.972228
002063.SZ,5.677447,-3.7167938
002064.SZ,7.604851,-12.660481
002065.SZ,5.8170853,-3.8508453
002066.SZ,10.635005,-7.3191156
002067.SZ,11.584122,8.209641
002068.SZ,-2.4666314,1.9280697
002069.SZ,5.6330323,-18.5135
002072.SZ,-10.482598,-14.726059
002073.SZ,0.34475905,-1.9837931
002074.SZ,5.7081914,3.4306202
002075.SZ,-12.776584,18.479637
002076.SZ,14.73067,2.0570579
002077.SZ,1.1739553,7.5507956
002078.SZ,11.580816,8.206339
002079.SZ,5.3284316,3.911209
002080.SZ,6.873694,22.1054
002081.SZ,-11.613504,-11.297619
002082.SZ,-5.6278524,-8.530974
002083.SZ,-12.448148,-3.838305
002084.SZ,3.5654542,-14.06659
002085.SZ,11.314409,-1.3702081
002086.SZ,-0.07540666,-6.2859044
002088.SZ,13.39523,10.410769
002090.SZ,4.7226324,3.7740471
002091.SZ,-10.4845,-14.731425
002092.SZ,-3.5632892,3.0001764
002093.SZ,2.3651583,-10.967715
002094.SZ,-17.853174,-0.15366848
002095.SZ,-6.9656186,-13.631344
002096.SZ,-2.57194,2.5329745
002097.SZ,19.969244,6.3489847
002098.SZ,-15.966268,6.3088174
002099.SZ,11.623502,-11.31493
002100.SZ,-16.337244,-2.4103773
002101.SZ,11.002566,-1.5429825
002102.SZ,11.5578785,-11.2361965
002103.SZ,2.5187578,-10.814572
002104.SZ,-11.405169,0.2833642
002105.SZ,-13.630969,-9.873262
002106.SZ,-6.2698317,10.648006
002107.SZ,-5.6428924,-8.412362
002108.SZ,0.9228245,15.751145
002109.SZ,-3.521953,3.109274
002110.SZ,17.21639,-0.13621296
002111.SZ,-8.700311,5.2724595
002112.SZ,4.5540867,3.2875469
002114.SZ,7.780329,-18.614351
002115.SZ,-6.6755943,-13.908149
002116.SZ,-0.3258505,11.73783
002117.SZ,16.709959,-4.415432
002119.SZ,1.0451131,7.4757957
002120.SZ,20.287193,-6.385957
002121.SZ,-0.48379144,-15.684271
002122.SZ,0.13478409,-12.314585
002123.SZ,-6.851496,-13.737706
002124.SZ,-5.514576,18.921757
002125.SZ,-2.6668239,2.4616938
002126.SZ,12.008323,-1.499306
002127.SZ,-6.6467843,-13.933664
002128.SZ,14.371281,17.24965
002129.SZ,5.6370945,3.165477
002130.SZ,4.7505226,4.279985
002131.SZ,-6.651907,-13.929266
002132.SZ,-9.111491,16.876972
002133.SZ,-2.174152,-5.0208936
002134.SZ,-5.810943,10.783975
002135.SZ,-9.097688,16.861834
002136.SZ,-3.0920277,2.6313267
002137.SZ,-5.385741,10.722472
002138.SZ,-6.2156615,10.483884
002139.SZ,-5.76516,10.707343
002140.SZ,-0.0034596534,11.981989
002141.SZ,-5.5633125,18.970776
002142.SZ,7.195165,13.931311
002144.SZ,-12.534499,-3.9242668
002145.SZ,-3.0651495,2.4745317
002146.SZ,-2.2020857,-5.062979
002148.SZ,-6.70582,-13.880092
002149.SZ,16.822565,7.8807054
002150.SZ,6.0074034,-8.32769
002151.SZ,-11.612873,0.55656606
002152.SZ,-3.6547606,-12.817751
002153.SZ,5.2847695,-2.9314048
002154.SZ,-15.987106,6.3844457
002155.SZ,3.859845,22.003265
002156.SZ,1.0401005,7.459921
002157.SZ,-5.528012,18.935225
002158.SZ,19.956352,6.3359947
002159.SZ,-14.344013,-5.9458528
002160.SZ,14.396588,17.224503
002161.SZ,-11.529889,0.37806043
002162.SZ,10.410064,12.920728
002163.SZ,-11.626311,-11.284796
002164.SZ,6.1692905,-8.704621
002165.SZ,-2.8034816,2.7978897
002166.SZ,-5.6387477,-8.650345
002167.SZ,16.74711,7.9565754
002168.SZ,4.8287807,3.5823789
002169.SZ,5.6434813,3.9529028
002170.SZ,3.586222,14.940196
002171.SZ,-9.439177,-6.115958
002172.SZ,-0.09299249,-6.274425
002173.SZ,0.41419283,-5.974445
002174.SZ,-6.771053,-13.815653
002175.SZ,-0.5281958,-15.601872
002176.SZ,16.596352,8.104237
002177.SZ,19.599802,-11.722153
002178.SZ,4.4252644,-2.981539
002179.SZ,-5.4668837,9.117031
002180.SZ,-3.5119054,-12.90348
002181.SZ,2.4709797,-18.974508
002182.SZ,16.628511,8.07301
002183.SZ,20.255253,-6.3542223
002184.SZ,6.216676,-8.531469
002185.SZ,0.84671474,7.3499393
002186.SZ,11.091906,-17.961103
002187.SZ,-12.472422,4.3179846
002188.SZ,-5.474554,22.663208
002189.SZ,-5.712037,10.607633
002190.SZ,12.29471,-1.7145604
002191.SZ,16.719564,-4.4253
002192.SZ,16.388655,8.28959
002193.SZ,-12.675041,-4.0645776
002194.SZ,-11.421702,0.34878707
002195.SZ,5.759724,-3.844842
002196.SZ,18.668926,12.303506
002197.SZ,-3.489213,-12.733677
002198.SZ,-5.664448,-8.401572
002199.SZ,-5.0664086,10.534442
002200.SZ,0.66899776,12.269662
002201.SZ,6.8748956,22.106607
002202.SZ,5.5855255,4.707478
002203.SZ,-9.437151,-6.1092124
002204.SZ,-0.11378883,-1.5961777
002205.SZ,22.734154,3.3465197
002206.SZ,7.6233883,-12.6417885
002207.SZ,-15.292927,1.3342898
002208.SZ,3.5285828,19.290026
002209.SZ,-12.720349,-14.836751
002210.SZ,-11.329263,8.316639
002211.SZ,-10.608791,-8.244994
002212.SZ,5.7180448,-3.5266564
002213.SZ,1.1597781,7.533988
002214.SZ,-0.93456143,-15.564487
002215.SZ,3.5264127,15.000044
002216.SZ,15.809101,13.076253
002217.SZ,-5.4118547,10.290966
002218.SZ,-20.607002,4.4873686
002219.SZ,-0.061047845,-6.28502
002221.SZ,-12.790455,-8.417468
002222.SZ,-5.635743,10.3981695
002223.SZ,0.06481496,-6.5128937
002224.SZ,-10.609249,-8.245287
002225.SZ,10.533107,-7.219795
002226.SZ,-3.6151056,3.274009
002227.SZ,5.397036,3.885302
002228.SZ,16.639198,-4.342177
002229.SZ,17.064371,-4.795332
002230.SZ,5.5835567,-2.6461265
002231.SZ,-10.829893,0.08320356
002232.SZ,4.311699,-3.0287051
002233.SZ,22.76569,3.3785155
002234.SZ,-5.507008,18.914253
002235.SZ,11.501772,8.130309
002236.SZ,-3.7046914,-12.866894
002237.SZ,3.8600736,22.003006
002238.SZ,-5.3672066,-4.67526
002239.SZ,12.540598,-1.6417683
002240.SZ,16.467325,8.217548
002241.SZ,-5.454686,9.601943
002242.SZ,14.756245,2.5341222
002243.SZ,16.739735,-4.445658
002244.SZ,3.4274628,19.390062
002245.SZ,5.4499073,3.6363134
002246.SZ,-2.5291772,2.314862
002247.SZ,10.628908,-7.3124504
002248.SZ,0.16216618,-12.287347
002249.SZ,5.571899,4.7154756
002250.SZ,-3.549237,2.8737917
002251.SZ,8.50933,19.604654
002252.SZ,6.121393,10.151826
002253.SZ,4.7657704,-3.2153692
002254.SZ,7.61452,-12.650797
002255.SZ,-0.027354289,-1.6909925
002256.SZ,-20.61012,4.4842196
002258.SZ,3.6401896,14.885697
002259.SZ,-0.13891836,21.895458
002261.SZ,4.3149395,-3.0010986
002262.SZ,11.344584,-11.4423275
002263.SZ,0.90587056,15.742693
002264.SZ,-6.661561,-13.920859
002265.SZ,0.86535597,-2.0333934
002266.SZ,-10.914516,8.3272085
002267.SZ,-0.18598978,21.848372
002268.SZ,-3.3931541,-12.923424
002269.SZ,-16.108603,6.733148
002270.SZ,4.7294917,4.27387
002271.SZ,10.626938,-7.3108425
002272.SZ,5.9986625,-8.253128
002273.SZ,-5.9410224,10.624026
002274.SZ,3.4937963,15.034064
002275.SZ,-5.731505,-8.292742
002276.SZ,5.305083,4.529555
002277.SZ,-12.444392,4.346197
002278.SZ,22.143528,8.538869
002279.SZ,4.710211,-3.5864277
002281.SZ,-11.194194,0.4022389
002282.SZ,6.329349,-8.94106
002283.SZ,12.363853,-1.7507274
002284.SZ,11.769127,-1.5157902
002285.SZ,-5.4743543,22.66369
002286.SZ,15.651467,13.011877
002287.SZ,-5.7179885,-8.318183
002289.SZ,-5.354319,10.192447
002290.SZ,14.668798,2.1192605
002291.SZ,16.886774,-4.6065135
002292.SZ,-5.3044977,-4.6129637
002293.SZ,-12.445626,-3.8354151
002294.SZ,11.295261,-11.359411
002295.SZ,-9.435955,-6.1147075
002296.SZ,-11.5434,0.42204803
002297.SZ,-8.669051,5.3034935
002298.SZ,5.6745176,-3.6754801
002299.SZ,-5.3081894,18.71576
002300.SZ,5.170063,4.4064627
002301.SZ,2.302356,-11.030054
002302.SZ,22.755737,3.3684204
002303.SZ,11.614271,8.240027
002304.SZ,17.055552,4.8695946
002305.SZ,3.2465668,19.56834
002306.SZ,11.0895195,-17.960932
002307.SZ,0.3193242,12.224724
002309.SZ,4.8869762,3.3988283
002310.SZ,-11.593532,8.467193
002311.SZ,-16.36793,-2.4413009
002312.SZ,-3.1169126,2.8784456
002313.SZ,-10.941867,0.13856806
002314.SZ,3.453074,19.365042
002315.SZ,-6.932933,-13.665185
002316.SZ,4.4935284,-2.5828118
002317.SZ,-5.5419283,-8.982877
002318.SZ,-12.776576,18.479649
002319.SZ,-11.580202,14.73628
002320.SZ,-5.056023,-2.066573
002321.SZ,-5.32254,18.730341
002322.SZ,5.741349,-3.8346603
002323.SZ,-0.8416177,11.581759
002324.SZ,0.7995678,15.556309
002326.SZ,-3.2357032,1.594546
002327.SZ,-12.433589,-3.8238692
002328.SZ,12.648606,-1.5835869
002329.SZ,22.551798,-2.737997
002330.SZ,15.448702,12.957769
002331.SZ,4.967879,-3.7163622
002332.SZ,11.454768,-11.26139
002333.SZ,10.626857,-7.308196
002334.SZ,4.8472614,4.224378
002335.SZ,5.2162514,3.0587192
002336.SZ,8.509299,19.604649
002337.SZ,22.14359,8.538845
002338.SZ,-0.65020776,-15.857932
002339.SZ,4.61778,3.7101347
002340.SZ,16.829052,7.8738084
002342.SZ,6.3450127,-8.983554
002343.SZ,-5.3289647,-4.637439
002344.SZ,5.270602,4.747585
002345.SZ,-15.978413,6.449491
002346.SZ,5.6936116,3.9497132
002347.SZ,6.1696506,-8.657513
002348.SZ,2.47299,-10.859935
002349.SZ,-5.5238376,-9.021385
002350.SZ,4.809228,3.584726
002351.SZ,-3.5838559,-12.769853
002352.SZ,20.197216,-6.2965426
002353.SZ,22.143612,8.538925
002354.SZ,-6.951461,-13.64291
002355.SZ,11.124727,-1.5909604
002356.SZ,19.599884,-11.72218
002357.SZ,2.7430253,-21.671717
002358.SZ,5.391869,4.690097
002360.SZ,-3.5129254,3.2037745
002361.SZ,-3.3740885,3.2194672
002362.SZ,4.564441,-3.10644
002363.SZ,11.59878,-1.4871302
002364.SZ,5.325333,4.6125255
002365.SZ,11.574637,-11.262432
002366.SZ,0.67772907,-2.0723052
002367.SZ,8.116444,16.524355
002368.SZ,5.3445945,-2.7860918
002369.SZ,-10.87532,0.10173212
002370.SZ,11.5646925,-12.118091
002371.SZ,2.5346413,5.931329
002372.SZ,10.573544,-7.2594194
002373.SZ,5.741494,-3.7175617
002374.SZ,17.030115,-4.758358
002375.SZ,-11.613966,-11.296679
002376.SZ,-3.6897058,-12.840687
002377.SZ,10.63198,-7.3143926
002378.SZ,16.84624,7.8575506
002379.SZ,14.35257,17.268337
002380.SZ,4.425078,-3.2731225
002381.SZ,-10.618822,-8.249637
002382.SZ,-0.070884,-6.574939
002383.SZ,-11.283827,0.14820655
002384.SZ,-5.6365576,10.375584
002385.SZ,-16.364412,-2.4376676
002386.SZ,-3.3024356,2.8323958
002387.SZ,-5.958324,10.71731
002388.SZ,-4.883591,10.413043
002389.SZ,-8.7117,5.2607117
002390.SZ,-2.4700735,16.381306
002391.SZ,3.473326,15.053389
002392.SZ,10.505475,-7.191906
002393.SZ,11.382601,-11.504395
002394.SZ,-12.470525,-3.8607092
002395.SZ,0.6889165,15.20029
002396.SZ,-11.65246,0.54696417
002397.SZ,-12.655802,-4.0454993
002398.SZ,10.577072,-7.2631087
002399.SZ,11.389803,-11.189678
002400.SZ,16.86947,-4.5853286
002401.SZ,4.4275403,-3.3403866
002402.SZ,-6.034717,10.484695
002403.SZ,14.899926,1.894524
002404.SZ,-12.455411,-3.8459353
002405.SZ,5.6799974,-3.6820478
002406.SZ,12.152176,-1.6266267
002407.SZ,-3.2634344,1.6424773
002408.SZ,-3.137436,2.8143103
002409.SZ,1.5910758,6.762646
002410.SZ,5.5004883,-2.2009907
002412.SZ,-5.6574745,-8.443516
002413.SZ,-11.708771,0.57291985
002414.SZ,-0.85742337,-15.758546
002415.SZ,-3.5959957,-12.841166
002416.SZ,5.5016646,4.6770673
002418.SZ,14.796304,2.0226657
002419.SZ,-12.497879,4.2928743
002420.SZ,14.854542,1.9004699
002421.SZ,5.827385,-3.8493931
002422.SZ,11.299067,-11.362591
002423.SZ,13.817302,5.964587
002424.SZ,-5.638804,-8.479615
002425.SZ,-6.8094387,-13.778986
002426.SZ,-5.8615937,10.758026
002427.SZ,7.6265273,-12.638522
002428.SZ,16.792858,7.91131
002429.SZ,14.684736,2.6200962
002430.SZ,22.143637,8.5389595
002431.SZ,0.09312671,12.0831995
002432.SZ,0.4582001,-6.2661266
002434.SZ,12.191702,-1.8491492
002436.SZ,-5.632958,10.700016
002437.SZ,11.593874,-11.26937
002438.SZ,6.256047,-8.802109
002439.SZ,5.6938224,-3.373986
002440.SZ,-11.551291,14.706403
002441.SZ,5.3653364,4.585708
002442.SZ,-3.0665796,2.8880348
002443.SZ,-9.10995,16.8749
002444.SZ,-12.720476,-14.836737
002445.SZ,-9.092244,16.874352
002446.SZ,-11.568614,0.44224593
002448.SZ,12.688768,-1.5965619
002449.SZ,0.8790532,7.3508253
002451.SZ,5.0159593,4.390863
002452.SZ,4.7386484,4.2354417
002453.SZ,-2.6317484,1.9628893
002454.SZ,11.624579,-1.5739021
002455.SZ,-2.7046065,2.088588
002456.SZ,-5.77542,10.799285
002457.SZ,0.84431386,15.645921
002458.SZ,-5.4754453,18.883028
002459.SZ,5.5567446,2.064802
002460.SZ,16.395668,8.283163
002461.SZ,9.92622,21.640457
002462.SZ,-2.52444,16.32709
002463.SZ,-4.7255564,10.16407
002465.SZ,-11.69469,0.54929143
002466.SZ,16.383282,8.296517
002467.SZ,-6.6237674,-13.957397
002468.SZ,20.190697,-6.290014
002469.SZ,-3.323409,3.1944842
002470.SZ,3.5247686,15.002188
002471.SZ,5.4109945,4.649027
002472.SZ,11.415549,-1.7193689
002474.SZ,4.7855005,-3.658226
002475.SZ,-5.877154,10.310343
002476.SZ,-2.8256629,2.8413172
002478.SZ,-9.095234,16.858202
002479.SZ,-20.58367,4.5108314
002480.SZ,7.769362,16.227644
002481.SZ,15.561978,13.05013
002482.SZ,-11.609365,-11.300685
002483.SZ,-0.059385948,-1.6880679
002484.SZ,-5.761877,10.344126
002485.SZ,-10.484335,-14.731283
002486.SZ,-15.994865,6.496087
002487.SZ,4.9265223,2.8971865
002488.SZ,12.179908,-1.5230342
002489.SZ,3.7353559,-13.895127
002490.SZ,22.143545,8.538894
002491.SZ,-11.567843,0.43777534
002492.SZ,20.191507,-6.2908583
002493.SZ,7.5895076,-12.675741
002494.SZ,-16.13006,6.7717404
002495.SZ,15.479194,12.970836
002496.SZ,3.6878133,14.8373785
002497.SZ,16.735275,7.964744
002498.SZ,5.5406365,4.730064
002500.SZ,15.6207905,-10.520747
002501.SZ,14.363621,17.257553
002506.SZ,5.595298,4.5914016
002507.SZ,15.689623,13.283603
002508.SZ,14.804711,2.397763
002510.SZ,12.509602,-1.5733478
002511.SZ,11.569293,8.19546
002512.SZ,-3.4554932,-12.677117
002513.SZ,3.8024018,14.7216425
002514.SZ,5.931073,-8.149803
002515.SZ,15.869418,12.976605
002516.SZ,12.557708,-1.6600219
002517.SZ,-6.8330836,-13.75948
002518.SZ,5.193487,2.940515
002519.SZ,-11.622156,0.47926235
002520.SZ,0.16144963,-12.287959
002521.SZ,11.551621,8.178526
002522.SZ,0.9141033,15.760731
002523.SZ,-0.03876656,-1.7403357
002524.SZ,-0.09297989,-6.409965
002526.SZ,20.008976,6.388777
002527.SZ,-0.45044467,-15.687611
002528.SZ,-3.1868563,-12.697941
002529.SZ,1.3895777,-1.5549008
002530.SZ,0.7939261,-2.0555508
002531.SZ,4.841223,3.6012366
002532.SZ,14.38079,17.240267
002533.SZ,5.3633237,4.615238
002534.SZ,0.8865907,-1.6040503
002535.SZ,19.959312,6.3388157
002536.SZ,11.386232,-1.4346185
002537.SZ,11.664062,-1.506563
002538.SZ,3.5576189,14.969136
002539.SZ,3.5866005,14.940071
002540.SZ,14.398468,17.222607
002541.SZ,-9.120973,16.88605
002542.SZ,0.2763471,12.180732
002543.SZ,14.632813,2.2736826
002544.SZ,-11.35909,0.41888225
002545.SZ,3.4861157,15.0419235
002546.SZ,5.316515,4.617308
002547.SZ,11.425341,-1.5676441
002548.SZ,-16.399258,-2.4725506
002549.SZ,-11.940479,8.636196
002550.SZ,6.2007117,10.066184
002551.SZ,-0.08715269,-6.324887
002552.SZ,-5.8519583,10.606914
002553.SZ,11.028853,-1.7562044
002554.SZ,-15.289282,1.3344223
002555.SZ,-6.9097824,-13.6908655
002556.SZ,3.4323025,15.095345
002557.SZ,15.631889,13.340992
002558.SZ,-6.6753087,-13.90797
002559.SZ,0.16890477,-12.279948
002560.SZ,4.974608,4.368325
002561.SZ,-12.381607,4.409009
002562.SZ,11.671691,-11.580194
002563.SZ,-15.9731245,6.2190566
002564.SZ,22.143644,8.538968
002565.SZ,11.51909,8.147464
002566.SZ,-5.6379027,-8.495513
002567.SZ,-16.361525,-2.4346392
002568.SZ,2.6734526,23.001343
002569.SZ,-15.973924,6.3116083
002570.SZ,22.551554,-2.7330756
002571.SZ,3.5657735,-14.066383
002572.SZ,3.648025,-13.9837675
002573.SZ,-10.998558,8.304241
002574.SZ,-15.976401,6.4898825
002575.SZ,2.3582401,-10.974596
002576.SZ,4.5777016,3.1711075
002577.SZ,-3.5647516,-12.752717
002578.SZ,14.393147,17.227945
002579.SZ,-5.1840377,10.57569
002580.SZ,5.129097,4.1517754
002581.SZ,6.2540007,10.010144
002582.SZ,15.70849,12.97026
002583.SZ,-11.615085,0.4725378
002584.SZ,-2.4566188,1.9055021
002585.SZ,0.6971828,14.846186
002586.SZ,0.18801457,12.135995
002587.SZ,-5.2827573,10.748561
002588.SZ,3.5090518,15.018354
002589.SZ,-2.4445562,16.407013
002590.SZ,11.292671,-1.3795435
002591.SZ,-12.083967,8.509736
002592.SZ,12.381844,-1.7460263
002593.SZ,-9.112784,16.879242
002594.SZ,5.455075,-1.4418947
002595.SZ,-0.16502945,-1.3504288
002596.SZ,22.724733,3.3371508
002597.SZ,15.617583,13.347809
002598.SZ,6.2193074,-8.4777565
002599.SZ,17.01166,-4.740095
002600.SZ,-5.9718633,10.743747
002601.SZ,-3.562455,3.0187602
002602.SZ,-6.665589,-13.916964
002603.SZ,-5.6746783,-8.742907
002605.SZ,-6.910887,-13.687012
002606.SZ,4.7301702,4.192286
002607.SZ,2.495948,-10.837267
002608.SZ,-16.317112,3.4203665
002609.SZ,5.6326637,-3.6832013
002611.SZ,-12.720411,-14.837309
002612.SZ,-16.071724,6.7059937
002613.SZ,0.3983596,-2.0353217
002614.SZ,14.748483,2.5038288
002615.SZ,3.6222954,-14.00945
002616.SZ,-11.364168,8.355208
002617.SZ,5.4406295,3.865256
002620.SZ,-11.585309,-11.325391
002622.SZ,0.36650547,-5.9722886
002623.SZ,6.872945,22.104221
002624.SZ,-6.7113867,-13.874016
002625.SZ,-8.686748,5.2859054
002626.SZ,0.0686398,-6.535083
002627.SZ,17.652277,10.306891
002628.SZ,0.40668428,12.200916
002629.SZ,-15.293004,1.3340893
002630.SZ,0.40732738,-2.0359087
002631.SZ,3.6168048,-14.012649
002632.SZ,0.76647204,15.472151
002633.SZ,6.1495996,-8.688961
002634.SZ,-16.122723,6.7347307
002635.SZ,-5.981274,10.620949
002636.SZ,-6.0011573,10.554007
002637.SZ,-17.868956,-0.13788709
002638.SZ,14.701168,2.06033
002639.SZ,0.072245896,-1.7878367
002640.SZ,-6.9203396,-13.674745
002641.SZ,0.8043809,15.575494
002642.SZ,4.347488,-3.1830144
002643.SZ,-3.4235923,2.9587803
002644.SZ,-5.6318736,-8.712596
002645.SZ,0.8658663,-1.4326301
002646.SZ,17.091822,4.904762
002647.SZ,13.7349825,6.0463514
002648.SZ,-3.3035707,2.1117523
002649.SZ,5.6921372,-3.7465744
002650.SZ,15.567222,13.031697
002651.SZ,-8.660753,5.3124833
002652.SZ,10.620415,-7.3035197
002653.SZ,11.368087,-11.532447
002654.SZ,-6.9409385,-13.651707
002655.SZ,-5.10379,10.643219
002656.SZ,-16.128971,6.746443
002657.SZ,4.4040747,-3.2012343
002658.SZ,-11.475079,8.375536
002659.SZ,2.4513278,-10.881902
002660.SZ,4.717422,4.1122837
002661.SZ,15.889204,13.007751
002662.SZ,12.667716,-1.5853398
002663.SZ,0.45227328,12.211195
002664.SZ,11.956341,-1.8221755
002666.SZ,-3.353115,3.2503004
002667.SZ,16.606161,8.094933
002668.SZ,14.598214,2.2188315
002669.SZ,-2.752607,2.5531204
002670.SZ,15.969316,-10.146738
002671.SZ,22.730764,3.3432336
002672.SZ,-10.938197,8.332617
002673.SZ,15.618763,-10.523273
002674.SZ,-12.532108,-3.9223773
002675.SZ,11.479303,-11.42906
002676.SZ,14.632109,2.1374986
002677.SZ,14.719979,2.609961
002678.SZ,2.2926993,-11.040427
002679.SZ,5.6597466,4.4078083
002681.SZ,-5.7868176,10.828421
002682.SZ,20.412636,-6.5115495
002683.SZ,-3.3282871,2.9528422
002685.SZ,0.14775771,-12.300834
002686.SZ,-0.07680996,-1.7690614
002687.SZ,-16.054485,6.6034102
002688.SZ,-5.322614,18.730185
002689.SZ,7.657157,16.116913
002690.SZ,0.3960804,-0.9666418
002691.SZ,0.5433544,-2.071954
002692.SZ,5.4344754,4.7346325
002693.SZ,6.3946743,9.851573
002694.SZ,0.7340489,15.366974
002695.SZ,15.82408,13.051225
002696.SZ,-16.363281,-2.436809
002697.SZ,8.509314,19.60466
002698.SZ,22.143597,8.538895
002700.SZ,-0.12397669,21.906576
002701.SZ,16.615389,-4.317649
002702.SZ,15.447503,12.958382
002703.SZ,11.038486,-1.4613999
002705.SZ,14.75026,2.450228
002706.SZ,5.6625996,3.9670656
002707.SZ,-14.343944,-5.9459996
002708.SZ,11.144802,-1.4910762
002709.SZ,-3.5383153,1.306232
002712.SZ,16.995075,-4.7222223
002713.SZ,-11.598473,-11.312383
002714.SZ,-5.369357,18.776525
002715.SZ,11.490277,-1.5926142
002716.SZ,16.85357,7.850264
002717.SZ,-12.066574,8.565949
002718.SZ,10.593802,-7.277657
002719.SZ,22.536617,-2.7233632
002721.SZ,-16.124456,6.7580566
002722.SZ,-9.096612,16.861795
002723.SZ,14.919938,2.0424964
002724.SZ,-5.882676,10.4121275
002725.SZ,11.151027,-1.4865905
002726.SZ,15.910352,12.979702
002727.SZ,-2.4149375,16.43602
002728.SZ,-5.51417,-9.040891
002729.SZ,-5.099637,9.3907795
002730.SZ,-0.010735834,-1.5305972
002731.SZ,-16.151007,6.8099217
002732.SZ,22.553013,-2.735383
002733.SZ,5.406856,3.9239423
002734.SZ,3.5000443,15.027871
002735.SZ,0.67396617,14.909642
002736.SZ,15.614281,-10.529067
002737.SZ,-5.7466745,-8.558251
002738.SZ,16.412731,8.268316
002739.SZ,-5.535161,-4.8420186
002741.SZ,-3.0857449,2.5587468
002742.SZ,22.732082,3.3445532
002743.SZ,-9.085705,16.850273
002745.SZ,-6.3316526,10.655159
002746.SZ,-5.427373,18.834846
002747.SZ,6.333923,-8.43981
002748.SZ,-2.4654956,1.9942063
002749.SZ,3.5056236,15.021222
002750.SZ,-5.498049,-9.069979
002752.SZ,16.67854,-4.3822627
002753.SZ,-2.9863174,2.8577616
002755.SZ,11.613907,-11.524258
002756.SZ,16.396288,8.283093
002757.SZ,0.064845994,-1.7300211
002758.SZ,20.044643,-3.5435414
002759.SZ,5.6208515,3.4196835
002760.SZ,6.355777,-8.61872
002761.SZ,-0.5851812,11.649803
002762.SZ,-16.166725,6.816358
002763.SZ,-15.992752,6.2597466
002765.SZ,-5.24711,10.637877
002766.SZ,11.322167,-1.5022008
002767.SZ,-0.5275621,-15.646763
002768.SZ,0.8992944,15.753182
002769.SZ,20.389114,-6.488061
002771.SZ,4.366861,-2.7245603
002772.SZ,14.124228,-16.184088
002773.SZ,11.423145,-11.2073765
002774.SZ,7.7999015,16.255604
002775.SZ,0.08098668,12.043208
002777.SZ,4.7303557,-2.8762722
002778.SZ,-11.49699,8.49986
002779.SZ,-7.3943634,-17.666224
002780.SZ,-16.091352,6.6858354
002782.SZ,-5.206964,10.628514
002783.SZ,-2.9103835,2.9101613
002785.SZ,10.594272,-7.2778125
002786.SZ,1.2827914,-2.0108292
002787.SZ,16.746927,-4.4545884
002788.SZ,-2.5203457,16.331478
002789.SZ,-11.604599,-11.306448
002790.SZ,3.613681,-14.018293
002791.SZ,10.640425,-7.3234096
002792.SZ,-11.024536,0.16483204
002793.SZ,11.501303,-11.962835
002795.SZ,6.0390086,-8.074738
002796.SZ,-10.749639,0.13885501
002797.SZ,15.610902,-10.529811
002798.SZ,3.4808178,-14.151564
002799.SZ,16.811607,-4.5231886
002800.SZ,20.398914,-6.497872
002801.SZ,5.5548415,4.1362424
002802.SZ,-2.8554883,2.1949768
002803.SZ,-6.976336,-13.619467
002805.SZ,5.080446,2.602247
002806.SZ,11.060581,-1.8443826
002807.SZ,7.2254086,13.902753
002808.SZ,-5.0445547,9.794208
002809.SZ,-3.429751,3.2235816
002810.SZ,-3.3599067,2.0985038
002811.SZ,-11.614859,-11.296619
002812.SZ,5.522579,1.3804982
002813.SZ,11.180742,-1.7494792
002815.SZ,-6.099157,10.646193
002816.SZ,0.06950836,-1.5135411
002817.SZ,11.530495,-11.933344
002818.SZ,19.600273,-11.722254
002819.SZ,-0.67280203,-15.943681
002820.SZ,15.41271,12.973949
002821.SZ,6.7188387,9.506072
002822.SZ,-11.595596,-11.315283
002823.SZ,6.185524,-8.739764
002824.SZ,14.423699,17.19662
002825.SZ,-2.5873308,1.8936816
002826.SZ,11.601044,-11.514152
002827.SZ,-2.5880413,2.5251684
002828.SZ,-15.298852,1.3372316
002829.SZ,-8.437486,5.5351105
002830.SZ,-11.627089,-11.284363
002831.SZ,16.619024,-4.3218346
002832.SZ,-15.996267,6.3308477
002833.SZ,0.40744054,-1.1055676
002835.SZ,-3.3599722,-12.690589
002836.SZ,16.85657,-4.5713887
002837.SZ,1.4590676,-1.6634009
002838.SZ,0.8077336,15.593541
002839.SZ,7.2274055,13.897145
002840.SZ,15.323447,12.991696
002841.SZ,-5.4689007,9.130551
002842.SZ,16.859419,7.8442845
002843.SZ,-9.098433,16.863907
002845.SZ,-5.3063507,9.902156
002846.SZ,16.956722,-4.6824107
002847.SZ,15.517899,13.49173
002848.SZ,14.910021,1.8887097
002849.SZ,-0.53224623,-15.70554
002850.SZ,5.5868263,1.9179429
002851.SZ,5.57785,4.0686216
002852.SZ,15.515819,13.042734
002853.SZ,3.470018,-14.16274
002855.SZ,-4.6996818,10.063005
002856.SZ,-11.612262,-11.2989235
002857.SZ,-0.5348019,-15.687397
002858.SZ,2.5469077,-10.786366
002859.SZ,-6.167594,10.477614
002860.SZ,14.919774,2.0423245
002861.SZ,-4.8669934,10.411112
002862.SZ,2.5147264,-10.818916
002863.SZ,12.586987,-1.6036943
002864.SZ,-5.6363,-8.833141
002865.SZ,5.5782723,1.7495326
002866.SZ,-3.2443209,-12.723727
002867.SZ,-15.998828,6.2928944
002868.SZ,-5.595823,19.002739
002869.SZ,-10.746959,0.25756383
002870.SZ,12.035546,-1.678458
002871.SZ,6.141261,-8.564415
002872.SZ,-2.5361338,16.315468
002873.SZ,-5.505854,-9.040822
002875.SZ,-16.15432,6.8188734
002876.SZ,-5.3502617,9.523555
002877.SZ,6.1380987,-8.654597
002878.SZ,17.025126,-4.753688
002879.SZ,5.5338197,4.0421095
002880.SZ,6.146753,10.126871
002881.SZ,-5.116275,9.810147
002882.SZ,4.5731983,3.1325324
002883.SZ,-0.28777683,11.789855
002884.SZ,6.3548946,-8.99315
002885.SZ,-4.674677,9.798858
002886.SZ,0.6643915,14.971471
002887.SZ,-11.310406,8.374981
002888.SZ,-4.6598682,10.139059
002889.SZ,20.409466,-6.508406
002890.SZ,-7.395196,-17.665659
002891.SZ,-16.364689,-2.4377172
002892.SZ,4.8221407,2.552116
002893.SZ,0.14693788,22.17092
002895.SZ,-3.1614263,2.1697578
002896.SZ,5.945727,-8.160905
002897.SZ,-4.8870087,9.518151
002898.SZ,11.539213,-12.294466
002899.SZ,2.290302,-11.042313
002900.SZ,11.500283,-11.9512415
002901.SZ,0.45657292,-6.516278
002902.SZ,-10.660538,0.2638292
002903.SZ,0.17152494,-12.276314
002905.SZ,-5.3622603,-4.6700106
002906.SZ,10.999283,-2.1258082
002907.SZ,-5.5524216,-8.974135
002908.SZ,5.047153,-3.0436172
002909.SZ,-2.8044653,2.837081
002910.SZ,22.554302,-2.7394545
002911.SZ,0.1362875,22.160435
002912.SZ,-3.39998,-12.939292
002913.SZ,-5.160644,9.026077
002915.SZ,-2.7074652,1.8071016
002916.SZ,-5.42735,8.979183
002917.SZ,-2.5973902,2.4961576
002918.SZ,10.410081,12.920709
002919.SZ,-7.176987,-13.418168
002920.SZ,10.709651,-2.242658
002921.SZ,11.929568,-1.8446991
002922.SZ,4.5864635,3.204461
002923.SZ,11.320192,-12.223195
002925.SZ,-6.2020316,10.535006
002926.SZ,15.63836,-10.500808
002927.SZ,4.6291356,3.7769666
002928.SZ,10.223508,19.445345
002929.SZ,-11.346007,0.42974287
002930.SZ,20.18605,-6.285408
002931.SZ,6.2093544,-8.535157
002932.SZ,1.1481721,-6.1072297
002933.SZ,-8.440755,5.5319247
002935.SZ,-8.446125,5.5268493
002936.SZ,7.3624525,13.749131
002937.SZ,-5.564773,10.458616
002938.SZ,-5.999136,10.352618
002939.SZ,15.859905,-10.261394
002940.SZ,11.185494,-12.374038
002941.SZ,-0.22345945,11.865987
002942.SZ,3.5537884,14.9740305
002943.SZ,0.18054037,-12.268705
002945.SZ,15.971163,-10.144567
002946.SZ,22.554316,-2.7373645
002947.SZ,-5.5775843,10.313565
002948.SZ,7.3010125,13.820303
002949.SZ,-0.19823237,11.878461
002950.SZ,-0.2111746,-6.5182266
002951.SZ,16.881796,-4.597683
002952.SZ,-4.677994,10.125205
002953.SZ,4.8256683,3.5617256
002955.SZ,-3.4860854,-12.8182
002956.SZ,15.743284,13.060326
002957.SZ,0.6615412,-1.4711642
002958.SZ,7.410261,13.693745
002959.SZ,14.904636,2.2633126
002960.SZ,1.0329813,-1.243727
002961.SZ,13.803286,5.978095
002962.SZ,-5.094978,10.628339
002963.SZ,-11.632238,-11.278862
002965.SZ,10.810505,-2.1526923
002966.SZ,7.202656,13.927678
002967.SZ,-0.8701001,-15.680218
002968.SZ,-5.474528,22.66329
002969.SZ,16.62866,-4.330457
002970.SZ,-3.4662137,-12.858412
002971.SZ,-3.15386,2.3934586
002972.SZ,7.741371,16.200716
002973.SZ,-11.248095,8.402318
002975.SZ,0.95619047,-1.080854
002976.SZ,11.025667,-1.681963
002977.SZ,-10.578834,0.60400516
002978.SZ,16.742308,7.9564314
002979.SZ,0.36418128,-1.4788492
002980.SZ,-0.73466146,-15.87956
002981.SZ,-5.426789,10.309462
002982.SZ,-5.5340743,18.940914
002983.SZ,-5.8185964,10.36976
002984.SZ,12.077445,-1.6909301
002985.SZ,-8.478386,5.4937754
002986.SZ,-3.3293903,2.1915822
002987.SZ,5.059944,-2.3238056
002988.SZ,14.40131,17.219492
002989.SZ,-11.606466,-11.305067
002990.SZ,5.6246295,-3.1585526
002991.SZ,15.58362,13.462074
002992.SZ,-4.7915077,9.962058
002993.SZ,-5.7804356,10.189476
002995.SZ,-7.1652164,-13.431606
002996.SZ,14.4092455,17.211552
002997.SZ,1.1928167,-1.9031174
002998.SZ,7.586031,-12.679103
002999.SZ,20.044662,-3.5436616
003000.SZ,15.393567,12.918079
003001.SZ,-0.24348097,11.836251
003002.SZ,-2.596983,2.5060194
003003.SZ,16.714676,-4.4199853
003004.SZ,-3.326477,-12.753374
003005.SZ,5.119112,-2.4208705
003006.SZ,11.495058,8.123347
003007.SZ,4.389232,-2.777558
003008.SZ,5.4288054,3.8569238
003009.SZ,-8.609354,5.3631077
003010.SZ,-7.0591025,-13.536316
003011.SZ,3.4582348,-14.174672
003012.SZ,10.41017,12.920854
003013.SZ,0.7456432,12.292933
003015.SZ,-5.144625,10.585455
003016.SZ,-16.029991,6.525366
003017.SZ,-3.379951,2.198064
003018.SZ,0.8923577,15.734368
003019.SZ,-5.9514556,10.413855
003020.SZ,11.193015,-12.353059
003021.SZ,-5.128511,8.992459
003022.SZ,-3.2113905,1.6386204
003023.SZ,14.890522,2.2427154
003025.SZ,0.15875444,-12.290694
003026.SZ,1.752052,6.8010273
003027.SZ,-11.973468,8.680361
003028.SZ,-5.5056944,9.932094
003029.SZ,4.685002,-2.8409805
003030.SZ,15.70408,13.236903
003031.SZ,-5.319125,8.853057
003032.SZ,2.513816,-10.819522
003033.SZ,12.135671,-1.7123255
003035.SZ,-20.572012,4.522413
003036.SZ,18.669,12.303779
003037.SZ,22.731823,3.3443334
003038.SZ,14.472094,17.148226
003039.SZ,-6.0884337,14.911289
003040.SZ,-11.045424,0.4147451
003041.SZ,-12.581249,-3.9710824
003042.SZ,3.7970982,14.72694
003043.SZ,1.7357923,6.792164
003816.SZ,-20.587757,4.5069814
300001.SZ,5.6170363,4.063648
300002.SZ,-6.828356,-13.764215
300003.SZ,0.019924613,-6.5670557
300004.SZ,5.288317,4.5910277
300005.SZ,-16.105286,6.7261157
300006.SZ,11.483734,-11.967631
300007.SZ,-0.63897675,-15.735332
300008.SZ,14.217055,-6.3627486
300009.SZ,6.1183057,10.155815
300010.SZ,4.462702,-2.6106873
300011.SZ,7.7264314,16.186008
300012.SZ,-0.9357876,-15.561814
300013.SZ,20.408781,-6.5076785
300014.SZ,5.6186357,1.976213
300015.SZ,0.8473394,-6.315798
300016.SZ,11.668988,-11.331324
300017.SZ,5.684225,-3.8226273
300018.SZ,5.2972736,4.6369524
300019.SZ,-3.1155562,2.6942892
300020.SZ,5.064955,-2.937804
300021.SZ,0.7603297,12.291443
300022.SZ,-7.3951864,-17.665548
300024.SZ,0.051144496,-1.7521491
300025.SZ,-10.719198,0.21107371
300026.SZ,-5.588844,-8.783831
300027.SZ,-5.4960785,-4.803603
300029.SZ,-0.6641102,11.610282
300030.SZ,0.39665207,-5.95018
300031.SZ,-7.1130633,-13.477414
300032.SZ,-5.292735,10.573521
300033.SZ,5.4594474,-1.6772937
300034.SZ,-8.460588,5.511806
300035.SZ,5.235465,3.1027215
300036.SZ,5.675615,-3.3695703
300037.SZ,-3.452358,1.3963183
300039.SZ,-5.549948,-8.956696
300040.SZ,-20.608461,4.4858437
300041.SZ,-2.8286374,2.2505317
300042.SZ,-3.2225227,-12.704714
300043.SZ,-6.8988357,-13.695323
300044.SZ,4.3134127,-2.4733403
300045.SZ,-3.2153192,-12.689132
300046.SZ,1.1719083,7.5208406
300047.SZ,4.3664236,-3.1902685
300048.SZ,5.4455276,4.6648526
300049.SZ,0.48973528,-6.12573
300050.SZ,-10.738383,0.13624382
300051.SZ,-17.693663,-5.993839
300052.SZ,-7.147106,-13.446777
300053.SZ,1.1662526,7.5581594
300054.SZ,-3.356663,3.04432
300055.SZ,-12.79079,-8.418105
300056.SZ,-12.030178,8.558982
300057.SZ,14.401919,17.219011
300058.SZ,17.07023,-4.80112
300059.SZ,15.958621,-10.157949
300061.SZ,-7.108897,-13.484598
300062.SZ,4.8676476,3.4661694
300063.SZ,-6.9609995,-13.6340065
300065.SZ,14.219551,-6.367404
300066.SZ,-0.94568324,-15.516953
300067.SZ,-11.600254,14.756639
300068.SZ,4.627463,2.9839864
300069.SZ,4.995516,3.0994608
300070.SZ,-10.875364,8.305507
300071.SZ,17.038555,-4.7678833
300072.SZ,-2.8610928,2.7710085
300073.SZ,5.54744,2.2566273
300074.SZ,4.8967123,-3.7478516
300075.SZ,4.442325,-2.8165507
300076.SZ,-3.543786,-12.701707
300077.SZ,1.2039676,7.460331
300078.SZ,5.040629,-3.1521528
300079.SZ,-11.03118,0.1335939
300080.SZ,5.201399,4.3453326
300081.SZ,2.5996773,-10.733631
300082.SZ,-2.6527076,1.9452863
300083.SZ,0.15265389,-12.296617
300084.SZ,0.69706845,-2.0712395
300085.SZ,4.3223367,-3.1422465
300086.SZ,11.525655,-12.312219
300087.SZ,14.111468,-16.197842
300088.SZ,-5.7965612,10.782637
300091.SZ,6.266693,-8.47889
300092.SZ,0.52453595,-2.0098317
300093.SZ,4.9420886,2.4808955
300094.SZ,5.632992,-18.513546
300095.SZ,0.33280554,-1.5359627
300096.SZ,4.989976,-3.0613973
300097.SZ,1.2213284,-1.8567159
300098.SZ,4.876391,-3.7166588
300099.SZ,-0.9117024,-15.540769
300100.SZ,11.329418,-1.3658491
300101.SZ,-11.067052,0.3825025
300102.SZ,0.9439148,7.456338
300103.SZ,0.73606956,-1.5976138
300105.SZ,-0.47413322,-15.662497
300106.SZ,22.549173,-2.7359307
300107.SZ,-2.438999,1.9134014
300108.SZ,-5.511136,-9.047644
300109.SZ,-2.6164858,1.9879286
300110.SZ,11.585928,-11.2619
300111.SZ,11.655814,-11.527597
300112.SZ,-0.63529825,-15.582954
300113.SZ,-6.8915286,-13.704226
300114.SZ,-0.6811512,-15.973989
300115.SZ,-5.221881,10.54907
300117.SZ,4.8061023,2.4973543
300118.SZ,5.10753,3.129714
300119.SZ,-5.360659,18.768385
300120.SZ,-5.3603196,10.611348
300121.SZ,-3.4797506,3.2256238
300122.SZ,6.6753006,9.551077
300123.SZ,1.0758228,7.4603033
300124.SZ,-0.82781076,-15.831709
300125.SZ,4.7532864,2.4068005
300126.SZ,-12.720385,-14.836811
300127.SZ,13.390184,10.415335
300128.SZ,-5.6188016,10.845195
300129.SZ,4.859918,4.2594743
300130.SZ,-3.2612336,-12.679753
300131.SZ,-5.6262937,10.730867
300132.SZ,-3.051943,2.5385187
300133.SZ,-5.3602176,-4.6684985
300134.SZ,-10.75756,0.13936505
300135.SZ,-12.7911625,-8.418253
300136.SZ,-5.883388,10.456426
300137.SZ,-11.399903,8.386875
300138.SZ,15.845404,13.061664
300139.SZ,3.8601093,22.002659
300140.SZ,-11.767767,8.412647
300141.SZ,4.811559,3.7276042
300142.SZ,6.5375113,9.706454
300143.SZ,-0.0819239,-6.4139996
300144.SZ,17.667074,10.321101
300145.SZ,6.359184,-9.005403
300146.SZ,15.794555,13.136844
300147.SZ,-5.5129685,-9.034146
300148.SZ,2.3984358,-18.901546
300149.SZ,6.4305086,9.81414
300150.SZ,4.944964,-3.7490125
300151.SZ,0.6898529,-1.4964044
300152.SZ,-12.0643,8.5762005
300153.SZ,5.023055,3.8887382
300154.SZ,6.3513193,-8.997206
300155.SZ,-3.5221415,-12.710432
300157.SZ,1.0576078,-1.8364785
300158.SZ,11.538156,-12.322504
300159.SZ,-7.395037,-17.66583
300160.SZ,14.711892,2.5332866
300161.SZ,0.17122242,-12.277926
300162.SZ,-4.9823213,10.454129
300163.SZ,3.5211542,-14.110787
300164.SZ,-15.307262,1.3449932
300165.SZ,-0.455133,-16.111494
300166.SZ,4.862887,-3.6600034
300167.SZ,4.8388147,-2.818118
300168.SZ,5.229048,-3.3148088
300169.SZ,0.6532774,15.062149
300170.SZ,4.734713,-3.605946
300171.SZ,0.92725754,-6.296648
300172.SZ,-11.87522,8.492407
300173.SZ,-12.720428,-14.8369255
300174.SZ,-3.15809,2.9539409
300175.SZ,15.161094,13.166174
300176.SZ,11.747356,-1.5759481
300177.SZ,-10.985729,0.100251615
300179.SZ,13.354944,10.452341
300180.SZ,7.6207185,-12.644231
300181.SZ,-5.6491675,-8.733783
300182.SZ,-5.3274703,-4.635876
300183.SZ,-11.487011,0.39228868
300184.SZ,-5.129352,10.651841
300185.SZ,20.124807,6.505481
300187.SZ,-11.567076,8.489099
300188.SZ,5.598734,-3.5260184
300189.SZ,14.116984,-16.191896
300190.SZ,-10.99599,8.335873
300191.SZ,-15.309809,1.3127017
300192.SZ,2.5755665,-10.757722
300193.SZ,0.02062198,-1.2772236
300194.SZ,11.557803,-11.239009
300195.SZ,-12.720553,-14.836995
300196.SZ,6.8766823,22.107996
300197.SZ,-11.320462,8.33444
300198.SZ,0.6522114,14.925147
300199.SZ,11.395199,-12.466007
300200.SZ,-2.8737807,2.8652039
300201.SZ,19.874546,6.2541313
300203.SZ,-0.56974965,-16.018003
300204.SZ,6.445535,9.7977495
300205.SZ,-10.813507,0.20789516
300206.SZ,-0.033155654,-6.3274355
300207.SZ,5.577795,3.3966928
300208.SZ,-10.257264,-9.729217
300209.SZ,-7.2127433,-13.381463
300210.SZ,1.3715422,-1.9903823
300211.SZ,-10.905541,0.14230554
300212.SZ,4.903098,-2.365149
300213.SZ,-11.314559,0.1545758
300214.SZ,-3.4447582,3.2413456
300215.SZ,5.264672,4.0197906
300217.SZ,14.7162695,2.0959241
300218.SZ,0.80367225,15.566071
300219.SZ,-5.644635,10.370547
300220.SZ,1.1119691,-1.8544097
300221.SZ,0.8533615,15.658683
300222.SZ,5.3621187,3.9449346
300223.SZ,1.9919794,6.537976
300224.SZ,13.408856,10.39465
300225.SZ,-11.626397,14.783472
300226.SZ,-7.15228,-13.442156
300227.SZ,0.0062372815,-1.5697017
300228.SZ,22.143661,8.53892
300229.SZ,4.4695935,-3.0103106
300230.SZ,0.91361314,15.756439
300231.SZ,4.830798,-3.6874952
300232.SZ,-6.051285,10.666254
300233.SZ,11.240548,-12.292656
300234.SZ,10.410205,12.920734
300235.SZ,4.4083724,-2.424248
300236.SZ,0.99290997,7.2502136
300237.SZ,11.910252,-1.712515
300238.SZ,0.41104665,-5.9516935
300239.SZ,6.20447,10.061758
300240.SZ,20.382675,-6.4814544
300241.SZ,1.0042061,7.416472
300242.SZ,-6.9657288,-13.629132
300243.SZ,-3.0541203,2.7929418
300244.SZ,0.14040716,-6.623176
300245.SZ,4.724966,-3.5733428
300246.SZ,0.34574613,-6.0091934
300247.SZ,-0.19190319,-6.420075
300248.SZ,4.5233264,-2.9762018
300249.SZ,-3.2253268,-12.682788
300250.SZ,4.379653,-2.5175676
300251.SZ,-5.527608,-4.834754
300252.SZ,-10.914384,0.10863365
300253.SZ,5.6741514,-3.5725586
300254.SZ,11.509753,-12.33309
300255.SZ,6.3836417,9.862812
300256.SZ,-4.809298,10.38751
300257.SZ,6.3476124,-8.959723
300258.SZ,11.936709,-1.8182817
300259.SZ,-0.9481799,-15.517181
300260.SZ,6.034274,-7.694738
300261.SZ,3.8247106,14.6987095
300263.SZ,0.2089466,-1.5162847
300264.SZ,4.4369926,-2.311547
300265.SZ,5.062385,4.0890317
300266.SZ,-11.921479,8.529183
300267.SZ,11.683352,-11.494101
300268.SZ,-5.5853834,18.992449
300269.SZ,-4.634912,10.167707
300270.SZ,-3.25453,-12.672563
300271.SZ,5.436106,-3.4351158
300272.SZ,14.742656,2.035927
300274.SZ,5.5743284,1.9534026
300275.SZ,19.917463,6.297021
300276.SZ,-0.039298397,-1.690754
300277.SZ,4.8485217,-3.7008715
300278.SZ,0.2092989,-1.9172904
300279.SZ,-5.7664366,10.759835
300280.SZ,17.08091,-4.8115873
300281.SZ,0.32447922,-2.0016778
300283.SZ,5.2302027,4.440367
300284.SZ,0.076985195,11.9548025
300285.SZ,10.410092,12.920787
300286.SZ,-0.62352294,-15.963507
300287.SZ,4.8305516,-3.0996337
300288.SZ,4.4066515,-2.7757492
300289.SZ,-0.24318635,-6.4586306
300290.SZ,4.3199162,-2.5082924
300291.SZ,-5.3096237,-4.618446
300292.SZ,-6.6714163,-13.911987
300293.SZ,1.2692957,-1.9954652
300294.SZ,6.215165,10.056001
300295.SZ,-7.080089,-13.513485
300296.SZ,-6.3736405,10.750406
300298.SZ,0.25313872,-6.3128734
300299.SZ,-7.002561,-13.592316
300300.SZ,4.935443,-2.9368916
300301.SZ,1.1369945,7.4770985
300302.SZ,-3.3149035,-12.661917
300303.SZ,0.93483824,7.413669
300304.SZ,12.5669,-1.5853658
300305.SZ,0.6918522,14.889415
300306.SZ,-0.48616087,-15.679923
300307.SZ,18.668915,12.303582
300308.SZ,-10.466536,0.5525196
300310.SZ,-11.294453,0.14034267
300311.SZ,4.861271,-3.1012437
300313.SZ,-5.5833817,18.990294
300314.SZ,0.072889544,-6.2547894
300315.SZ,-6.7275333,-13.860207
300316.SZ,0.9778894,-0.8170331
300317.SZ,4.8004494,3.5354135
300318.SZ,-0.056600038,-6.2832246
300319.SZ,-5.5573215,10.776183
300320.SZ,-10.609306,-8.244961
300321.SZ,0.7619569,15.511952
300322.SZ,-4.6109934,10.060539
300323.SZ,0.9502848,7.37346
300324.SZ,4.958309,-3.739139
300326.SZ,-0.22749048,-6.520174
300327.SZ,1.447463,6.976458
300328.SZ,16.680214,8.023213
300329.SZ,2.51328,-10.819961
300331.SZ,-4.7798085,9.812841
300332.SZ,0.0897963,22.114746
300333.SZ,-3.3732367,-12.663871
300334.SZ,1.041702,-1.7771571
300335.SZ,0.16738562,22.19149
300337.SZ,14.391216,17.229385
300338.SZ,2.588738,-10.7445135
300339.SZ,4.491495,-2.988121
300340.SZ,5.0210915,3.108571
300341.SZ,4.6592994,4.008633
300342.SZ,14.920359,1.8919452
300343.SZ,-2.7014067,1.6066236
300344.SZ,4.640037,-2.8629615
300345.SZ,6.2208223,-8.786434
300346.SZ,1.3547796,7.1571603
300347.SZ,5.050616,0.15914188
300348.SZ,5.6338873,-3.5882876
300349.SZ,-0.94320536,-15.5225525
300350.SZ,20.35785,-6.4565783
300351.SZ,7.6690464,16.12981
300352.SZ,5.697819,-3.7111754
300353.SZ,-11.311915,0.1493006
300354.SZ,-0.6404661,-16.006115
300355.SZ,-11.197863,8.318277
300357.SZ,6.4504824,9.800606
300358.SZ,0.00629661,-6.5046897
300359.SZ,2.4906185,-10.842593
300360.SZ,-0.45694813,-15.724148
300363.SZ,11.085422,-12.572259
300364.SZ,2.3740027,-18.877188
300365.SZ,5.023901,-3.176651
300366.SZ,4.4531927,-2.3842106
300368.SZ,-3.4469812,-12.749727
300369.SZ,5.4190917,-3.0128534
300370.SZ,-0.5395939,-15.549252
300371.SZ,-0.6683043,-15.641385
300373.SZ,1.5742942,6.780637
300374.SZ,10.638596,-7.319827
300375.SZ,11.712419,-1.5221968
300376.SZ,5.6118045,3.7374775
300377.SZ,4.8970013,-3.6636784
300378.SZ,4.785875,-3.2338152
300379.SZ,5.3758907,-2.9167113
300380.SZ,4.35986,-2.9143372
300381.SZ,11.584839,-11.814649
300382.SZ,1.180424,-1.4427204
300383.SZ,5.7673855,-3.7695348
300384.SZ,0.17594299,12.160756
300385.SZ,-11.486538,8.437298
300386.SZ,-3.3206756,-12.700525
300387.SZ,3.7991235,14.724666
300388.SZ,-10.820228,8.283825
300389.SZ,-5.097441,10.653406
300390.SZ,5.552808,2.0710666
300391.SZ,-5.502092,-9.0630665
300393.SZ,0.6847702,14.934902
300394.SZ,-10.487236,0.5260452
300395.SZ,6.859145,22.09053
300396.SZ,0.24185115,-6.3236475
300397.SZ,-11.260153,0.23925549
300398.SZ,-2.801397,2.2520716
300399.SZ,-7.015465,-13.577868
300400.SZ,0.9819352,-1.6307303
300401.SZ,11.448457,-11.360448
300402.SZ,1.1563871,-1.9001739
300403.SZ,14.812845,1.9137696
300404.SZ,0.40109637,-5.9475703
300405.SZ,-2.6337287,2.000208
300406.SZ,0.03991222,-6.357562
300407.SZ,5.1164517,4.502208
300408.SZ,-6.1697626,10.463009
300409.SZ,5.570484,3.657852
300410.SZ,1.0621808,-1.6876037
300411.SZ,1.2286654,-2.0151408
300412.SZ,0.6780347,-5.895006
300413.SZ,-5.505403,-4.8126273
300414.SZ,-11.420195,0.35479566
300415.SZ,0.61701477,-1.930069
300416.SZ,-0.7585634,-15.895159
300417.SZ,-0.4503185,-15.798632
300418.SZ,-7.164705,-13.429743
300419.SZ,4.6024275,-3.0230942
300420.SZ,6.3848257,-9.029775
300421.SZ,5.9749103,-8.008912
300422.SZ,-11.448848,8.41438
300423.SZ,4.9396544,3.1464458
300424.SZ,-8.568182,5.404467
300425.SZ,-11.166913,8.315285
300426.SZ,-5.2984657,-4.6069245
300427.SZ,5.4810452,3.7052927
300428.SZ,11.0162735,-1.8085274
300429.SZ,-2.537952,2.2073796
300430.SZ,-0.45527816,-15.744734
300432.SZ,10.678523,-2.5351517
300433.SZ,-6.1728754,10.615417
300434.SZ,11.53885,-12.120846
300435.SZ,0.15773475,22.182146
300436.SZ,11.383474,-12.447119
300437.SZ,-2.5083616,1.666739
300438.SZ,5.12411,2.5302112
300439.SZ,-0.029177668,-6.4271064
300440.SZ,5.640157,-3.7223387
300441.SZ,0.07383075,-12.375783
300442.SZ,5.32039,-2.4213872
300443.SZ,5.246416,2.7995813
300444.SZ,4.5986905,3.8157198
300445.SZ,-0.89299226,-15.565276
300446.SZ,11.392748,-1.3915442
300447.SZ,5.344812,3.8682098
300448.SZ,4.879106,-3.7082553
300449.SZ,-3.531394,-12.734712
300450.SZ,1.0790919,-0.82144773
300451.SZ,5.640645,-3.6003706
300452.SZ,11.53371,-12.124405
300453.SZ,-0.24390677,-6.5128193
300454.SZ,5.464713,-1.6780772
300455.SZ,-3.59406,-12.771434
300456.SZ,1.1742024,7.4969773
300457.SZ,0.95473945,-1.6359347
300458.SZ,1.8967298,7.145037
300459.SZ,-6.9726467,-13.621681
300460.SZ,-4.83901,9.966784
300461.SZ,1.4737606,-1.8486948
300462.SZ,-3.168562,-12.641824
300463.SZ,0.016491447,-6.5825934
300464.SZ,6.196384,-8.377786
300465.SZ,4.722978,-3.5672169
300466.SZ,-0.41820672,-15.742647
300467.SZ,-6.9415464,-13.653859
300468.SZ,4.6357827,-2.8396854
300469.SZ,4.3503785,-2.7475405
300470.SZ,6.338658,-8.90549
300471.SZ,0.8448336,-1.5012586
300472.SZ,1.5818983,-1.8058916
300473.SZ,11.573682,-1.7785913
300474.SZ,-5.270478,8.811102
300475.SZ,-4.674447,10.088189
300476.SZ,-4.650025,10.102672
300477.SZ,4.969393,3.2499576
300478.SZ,0.75022125,15.465857
300479.SZ,4.4042454,-2.5033357
300480.SZ,1.1350192,-1.4608169
300481.SZ,-3.242576,2.2550411
300482.SZ,0.53856796,-6.363625
300483.SZ,-15.287904,1.3206701
300484.SZ,4.585226,3.1814795
300485.SZ,6.1520276,10.116305
300486.SZ,1.0718623,-1.7802361
300487.SZ,-3.3743088,1.5431508
300488.SZ,6.3167586,-8.36762
300489.SZ,0.8237996,-1.8200607
300490.SZ,1.1464909,-1.4043548
300491.SZ,4.6443806,2.990982
300492.SZ,-0.6835102,11.726199
300493.SZ,-5.514178,10.81614
300494.SZ,-7.1665373,-13.428948
300496.SZ,5.457955,-1.6906787
300497.SZ,11.497979,-12.340527
300498.SZ,-5.308874,18.716288
300499.SZ,1.4610213,-1.8926226
300500.SZ,-0.8125316,11.604896
300501.SZ,16.818333,-4.5280843
300502.SZ,-10.52971,0.47861212
300503.SZ,5.9117637,-8.065882
300504.SZ,-11.386473,0.37104738
300505.SZ,3.8540626,14.669821
300506.SZ,-0.8516737,11.571892
300507.SZ,10.974352,-1.8513781
300508.SZ,5.25022,-2.4538867
300509.SZ,-0.05392066,-1.7149781
300510.SZ,4.837407,3.5396676
300511.SZ,14.113484,-16.195744
300512.SZ,0.68868715,-1.5469664
300513.SZ,4.7539096,-3.5576887
300514.SZ,-0.45614517,-15.6691885
300515.SZ,-0.6137875,-15.600525
300516.SZ,-0.7553149,-15.855917
300517.SZ,-0.28473097,11.823327
300518.SZ,-7.2299385,-13.366205
300519.SZ,-5.636939,-8.6411295
300520.SZ,4.7902737,-3.2760496
300521.SZ,1.0633525,-1.8020227
300522.SZ,-11.586611,14.742558
300523.SZ,5.710059,-3.4890163
300525.SZ,5.672079,-3.4842951
300527.SZ,-0.005154163,-1.5437164
300528.SZ,-5.2981734,-4.606717
300529.SZ,0.54941374,-6.53749
300530.SZ,4.83204,2.575759
300531.SZ,-3.502739,-12.719946
300532.SZ,4.6447797,-3.1634812
300533.SZ,-7.1683345,-13.427941
300534.SZ,-5.517125,-9.03371
300535.SZ,-2.9262676,2.9057558
300536.SZ,-0.8348792,11.605555
300537.SZ,-11.628297,14.785338
300538.SZ,0.69046545,14.9391365
300539.SZ,0.7230514,15.328551
300540.SZ,0.9288128,-1.8387822
300541.SZ,4.685104,-3.0108287
300542.SZ,4.361504,-2.7295756
300543.SZ,-5.88456,10.680068
300545.SZ,1.0272858,-1.9293468
300546.SZ,-3.1319113,-12.69978
300547.SZ,11.559649,-1.5010679
300548.SZ,-10.617572,0.337091
300549.SZ,1.0669256,-1.8965616
300550.SZ,4.642606,-3.373445
300551.SZ,4.53874,-2.2225928
300552.SZ,-3.1441493,-12.725018
300553.SZ,-0.7744629,-16.233362
300554.SZ,13.299754,10.51288
300555.SZ,-11.689403,0.5439945
300556.SZ,4.5863843,-2.744847
300557.SZ,-0.73118776,-15.86001
300558.SZ,11.172705,-12.314338
300559.SZ,4.507331,-2.9255245
300560.SZ,-10.671497,0.21593522
300561.SZ,4.340943,-2.9823608
300562.SZ,0.40707248,-5.9633083
300563.SZ,-10.624661,0.26253682
300564.SZ,-0.78801197,11.629934
300565.SZ,-10.652989,0.28334287
300566.SZ,-5.473651,10.064002
300567.SZ,-0.7686309,-16.212805
300568.SZ,-3.1945484,1.5996137
300569.SZ,5.1466823,3.821545
300570.SZ,-10.712051,0.27566907
300571.SZ,-7.070792,-13.519194
300572.SZ,-0.48554537,-15.830948
300573.SZ,11.045464,-12.63388
300575.SZ,3.8202453,14.703567
300576.SZ,-11.696496,14.853667
300577.SZ,-12.658277,-4.047424
300578.SZ,-10.775165,0.26063976
300579.SZ,5.3167534,-2.595615
300580.SZ,10.467925,-2.046428
300581.SZ,-8.438072,5.5342355
300582.SZ,-5.3947387,10.020735
300583.SZ,11.501619,-12.316722
300584.SZ,11.369207,-12.52204
300585.SZ,10.441568,-2.0025299
300586.SZ,-2.5639286,2.01711
300587.SZ,-10.608502,-8.243735
300588.SZ,-3.1444292,-12.710612
300589.SZ,14.220081,-6.3672853
300590.SZ,-11.050296,0.341333
300591.SZ,-16.10177,6.714807
300592.SZ,-6.9910192,-13.604482
300593.SZ,5.3770213,2.641771
300594.SZ,7.6805925,16.141033
300595.SZ,0.99633217,-6.2831006
300596.SZ,-3.3871484,2.2207701
300597.SZ,-11.589863,0.45854956
300598.SZ,5.216577,-2.279373
300599.SZ,0.8928556,15.721583
300600.SZ,14.220092,-6.367518
300601.SZ,6.664373,9.5657625
300602.SZ,-4.795051,10.2699175
300603.SZ,-10.770545,0.12775601
300604.SZ,1.6032068,7.025278
300605.SZ,4.515497,-2.9671586
300606.SZ,5.919906,-8.063657
300607.SZ,0.44078085,-1.5620947
300608.SZ,4.5110574,-2.8295248
300609.SZ,4.37099,-2.7730796
300610.SZ,-2.704264,2.1360986
300611.SZ,11.433717,-1.5110285
300612.SZ,17.060635,-4.7911797
300613.SZ,2.3396764,6.198567
300614.SZ,-12.01336,8.720133
300615.SZ,-10.956654,0.12132477
300616.SZ,3.3653026,-14.268215
300617.SZ,5.707175,3.3766892
300618.SZ,16.467344,8.216374
300619.SZ,1.5780383,-0.9149454
300620.SZ,-10.615903,0.34838423
300621.SZ,-11.609218,-11.302897
300622.SZ,19.599804,-11.722143
300623.SZ,0.98292905,7.3558908
300624.SZ,5.4308863,-1.7005978
300625.SZ,14.726831,2.5108874
300626.SZ,4.814469,4.235904
300627.SZ,-11.43259,0.47253898
300628.SZ,-10.544379,0.57375914
300629.SZ,-5.391164,10.054823
300630.SZ,11.206502,-12.442961
300631.SZ,-12.031907,8.724175
300632.SZ,0.9081486,7.428189
300633.SZ,0.5592129,-6.428675
300634.SZ,4.533132,-3.0456176
300635.SZ,-0.26389277,11.842809
300636.SZ,11.474514,-12.349213
300637.SZ,-2.418463,1.8817005
300638.SZ,-10.580317,0.5470155
300639.SZ,0.82700735,-5.9885197
300640.SZ,3.531339,-14.101098
300641.SZ,-2.4056587,1.9576981
300642.SZ,0.81819934,-5.996247
300643.SZ,11.452795,-1.5350894
300644.SZ,0.75247395,15.46385
300645.SZ,5.128619,-2.9892728
300647.SZ,-2.5617423,1.9400727
300648.SZ,5.250885,2.5919898
300649.SZ,-0.7706635,11.607782
300650.SZ,-4.65803,9.582695
300651.SZ,2.4828706,-10.850221
300652.SZ,11.33221,-1.6740221
300653.SZ,0.99123275,-6.2466607
300654.SZ,2.3536046,-18.85667
300655.SZ,1.8339851,7.323621
300656.SZ,-3.342433,-12.930613
300657.SZ,-4.6952853,10.05619
300658.SZ,-12.635881,-4.0252705
300659.SZ,-3.2874444,-12.833362
300660.SZ,4.7295494,2.8611522
300661.SZ,2.6311626,5.8101993
300662.SZ,2.4586895,-10.874834
300663.SZ,4.762818,-3.3195434
300664.SZ,-10.830848,8.288741
300665.SZ,-11.563846,14.719493
300666.SZ,1.6362176,6.7586613
300667.SZ,-0.61994743,-15.68482
300668.SZ,-11.629871,-11.281684
300669.SZ,7.7653003,16.223457
300670.SZ,4.81368,3.4809685
300671.SZ,1.9408275,6.797359
300672.SZ,2.2341793,6.329228
300673.SZ,-16.338388,-2.4114945
300674.SZ,5.6643043,-3.540928
300675.SZ,-0.660408,11.611074
300676.SZ,0.8252217,-6.4230742
300677.SZ,1.041894,-6.2099905
300678.SZ,4.6143665,-2.2849846
300679.SZ,-5.548709,10.101262
300680.SZ,11.224148,-2.0280218
300681.SZ,10.585684,-2.3334556
300682.SZ,5.563865,-3.0366638
300683.SZ,6.4794135,9.764657
300684.SZ,-4.6968255,10.127215
300685.SZ,1.0339372,-6.274079
300686.SZ,-5.2135224,10.368958
300687.SZ,5.614619,-3.147958
300688.SZ,2.6006055,-10.732825
300689.SZ,-10.932904,0.24710415
300690.SZ,4.642933,2.8094091
300691.SZ,-4.7102118,10.221848
300692.SZ,-10.973986,8.317284
300693.SZ,5.0262213,2.546616
300694.SZ,12.539552,-1.6054847
300695.SZ,12.375159,-1.6980226
300696.SZ,-8.483403,5.4892006
300697.SZ,-9.449645,-6.131004
300698.SZ,-10.752065,0.30168083
300699.SZ,7.656934,-12.60797
300700.SZ,13.282288,10.531842
300701.SZ,-5.5867267,10.284709
300702.SZ,11.18665,-12.353308
300703.SZ,2.3006194,-11.032189
300705.SZ,11.477806,-12.272345
300706.SZ,-5.6644735,10.203489
300707.SZ,10.918365,-1.8390826
300708.SZ,1.2774057,7.4196224
300709.SZ,-4.661171,9.639455
300710.SZ,-10.533963,0.5238201
300711.SZ,-10.762144,0.15395829
300712.SZ,-0.7206332,11.72093
300713.SZ,4.6667767,2.7018137
300715.SZ,10.585889,-7.271543
300716.SZ,0.64175504,15.02827
300717.SZ,0.7908983,15.56173
300718.SZ,6.160407,-8.479186
300719.SZ,-8.467542,5.5049677
300720.SZ,-0.5041078,-15.621275
300721.SZ,-2.821739,1.491374
300722.SZ,-8.425744,5.547509
300723.SZ,11.179788,-12.37382
300724.SZ,1.5219222,-0.7226947
300725.SZ,11.030562,-12.6382
300726.SZ,-5.4380717,9.146904
300727.SZ,-2.847725,1.8709325
300729.SZ,3.4742186,-14.158396
300730.SZ,4.405941,-2.3850281
300731.SZ,-10.608475,-8.244574
300732.SZ,-0.37963167,11.772961
300733.SZ,11.289891,-2.1238196
300735.SZ,-4.6667204,10.1113615
300736.SZ,-11.05985,0.15171582
300737.SZ,10.6261425,-7.3093743
300738.SZ,4.5832267,-2.477203
300739.SZ,-5.7754884,10.633322
300740.SZ,-17.85653,-0.15022692
300741.SZ,15.539171,13.425453
300743.SZ,-3.663934,-12.8010845
300745.SZ,10.60419,-2.3484597
300746.SZ,-0.71433824,11.600254
300747.SZ,0.6818609,-0.92837924
300748.SZ,13.312208,10.498602
300749.SZ,3.5469189,-14.085418
300750.SZ,5.410695,1.055648
300751.SZ,5.369516,0.9929108
300752.SZ,-4.7201777,9.976838
300753.SZ,0.4262749,-5.964463
300755.SZ,19.599833,-11.7221575
300756.SZ,-14.344301,-5.946303
300757.SZ,1.5839617,-0.88948023
300758.SZ,-11.652299,14.809592
300759.SZ,11.039026,-12.644214
300760.SZ,5.1409755,0.31096986
300761.SZ,-5.5987773,19.005743
300762.SZ,-10.692086,0.28064165
300763.SZ,5.5314293,1.4201156
300765.SZ,15.198546,13.169728
300766.SZ,-7.05098,-13.544426
300767.SZ,-10.608915,-8.244375
300768.SZ,5.4175158,-2.8589013
300769.SZ,5.3887367,1.0181308
300770.SZ,-5.5117173,-4.818798
300771.SZ,-3.2234485,-12.723997
300772.SZ,5.1190805,2.693397
300773.SZ,5.670328,-3.4008262
300774.SZ,-11.653783,8.592281
300775.SZ,-8.585004,5.387688
300776.SZ,1.5837642,-0.68891835
300777.SZ,7.6438317,-12.621144
300778.SZ,-0.8096652,11.570719
300779.SZ,-12.1142645,8.602904
300780.SZ,5.929097,-8.141149
300781.SZ,17.068361,-4.7986317
300782.SZ,2.6027453,5.8474417
300783.SZ,15.531567,13.331361
300784.SZ,0.7068971,14.8295965
300785.SZ,-7.2021017,-13.393508
300786.SZ,-12.115502,8.651147
300787.SZ,-5.106157,9.65721
300788.SZ,2.390729,-18.893837
300789.SZ,7.6870127,16.147375
300790.SZ,-5.394045,9.63386
300791.SZ,0.3477893,-6.5023155
300792.SZ,-7.08839,-13.503116
300793.SZ,-3.4839141,-12.742058
300795.SZ,2.5772054,-10.755011
300796.SZ,3.822689,14.701059
300797.SZ,-0.60392344,-15.666228
300798.SZ,-11.581006,14.737079
300800.SZ,-11.601549,8.594506
300801.SZ,-3.3070188,2.9605908
300802.SZ,1.0794067,-1.2991948
300803.SZ,5.2550673,-2.4727085
300804.SZ,3.8005688,14.723813
300805.SZ,16.980122,-4.7070723
300806.SZ,0.69306034,14.844127
300807.SZ,4.4327345,-2.2992277
300808.SZ,14.718635,2.1052074
300809.SZ,0.17749275,-12.272165
300810.SZ,14.220409,-6.368064
300811.SZ,13.236549,10.579364
300812.SZ,1.5097954,-1.8027692
300813.SZ,1.0528903,-6.0466113
300814.SZ,-4.6456313,9.978823
300815.SZ,-11.464413,8.554955
300816.SZ,10.744902,-2.6447845
300817.SZ,5.985533,-8.006097
300818.SZ,1.3396544,-1.646305
300819.SZ,-12.676608,-4.0660667
300820.SZ,5.2487235,2.360981
300821.SZ,-3.1747022,2.485743
300822.SZ,-4.793653,9.696994
300823.SZ,1.1536357,-1.6355869
300824.SZ,14.905973,2.082816
300825.SZ,-8.432533,-16.029873
300826.SZ,-0.698479,11.610317
300827.SZ,5.2231913,2.369844
300828.SZ,6.0078454,-8.045591
300829.SZ,15.48823,13.397133
300830.SZ,4.7007627,-3.0581954
300831.SZ,1.1290087,7.5643806
300832.SZ,0.5290318,-6.5205665
300833.SZ,1.420759,-0.7888661
300834.SZ,-3.5749316,2.8649905
300835.SZ,13.265665,10.5487175
300836.SZ,1.1488677,-1.8690214
300837.SZ,0.5318012,-0.94970226
300838.SZ,6.339961,-8.942728
300839.SZ,-12.791096,-8.41795
300840.SZ,-16.107203,6.7426176
300841.SZ,6.7048426,9.5215645
300842.SZ,5.238826,2.4339464
300843.SZ,-4.678553,10.100403
300844.SZ,-0.8210979,11.654072
300845.SZ,4.5426517,-2.3280602
300846.SZ,4.4382443,-2.427759
300847.SZ,-2.5502741,2.0851648
300848.SZ,-2.680012,1.6120292
300849.SZ,0.92099524,15.76598
300850.SZ,6.1347537,-7.786456
300851.SZ,7.7449107,16.204224
300852.SZ,-5.421717,9.627254
300853.SZ,0.8448474,-1.206083
300854.SZ,-12.038509,8.670589
300855.SZ,16.475279,8.211036
300856.SZ,-17.857357,-0.14908345
300857.SZ,-3.29694,-12.790302
300858.SZ,15.387431,13.334132
300859.SZ,-14.344354,-5.9465995
300860.SZ,2.5506551,-10.782155
300861.SZ,13.279403,10.53555
300862.SZ,-0.75872606,-15.849033
300863.SZ,10.656149,-2.2404845
300864.SZ,-12.03957,8.709901
300865.SZ,0.9170571,-1.5646472
300866.SZ,-5.381035,8.940369
300867.SZ,-11.345033,8.495897
300868.SZ,-4.861275,10.275297
300869.SZ,0.3506268,-6.4452305
300870.SZ,5.2229495,2.6474597
300871.SZ,-5.511178,18.918402
300872.SZ,5.2957983,-2.845402
300873.SZ,20.352324,-6.4512086
300875.SZ,1.6094368,-1.0681325
300876.SZ,7.635866,-12.629237
300877.SZ,-12.587308,-3.977358
300878.SZ,-5.5195127,-9.036293
300879.SZ,-7.3949943,-17.66593
300880.SZ,-0.44310737,-15.921423
300881.SZ,-9.103735,16.868341
300882.SZ,-0.4437126,-16.073433
300883.SZ,11.516342,8.144082
300884.SZ,-3.4835086,-12.756
300885.SZ,6.0264983,-8.075566
300886.SZ,-3.1556594,2.326492
300887.SZ,-0.6596875,-16.264528
300888.SZ,0.8765283,-6.4077764
300889.SZ,5.3751287,3.8855317
300890.SZ,5.2302656,2.6637492
300891.SZ,-3.0681617,2.6145704
300892.SZ,22.55205,-2.7384803
300893.SZ,10.984161,-1.6317726
300894.SZ,14.951521,2.1401508
300895.SZ,5.1480293,-2.4237816
300896.SZ,5.2964473,0.7399449
300897.SZ,-0.77556026,-15.857315
300898.SZ,22.555737,-2.7417023
300899.SZ,-12.044218,8.679317
300900.SZ,-8.460425,5.5123763
300901.SZ,-16.154243,6.8056526
300902.SZ,1.3377479,-1.614305
300903.SZ,-4.7396283,9.553667
300904.SZ,5.0089817,2.3468516
300905.SZ,-11.637158,14.794313
300906.SZ,7.7585,16.218815
300907.SZ,4.940884,3.5177124
300908.SZ,15.476847,13.441456
300909.SZ,-5.2472854,9.63654
300910.SZ,-3.4888492,1.3584799
300911.SZ,14.942513,2.1890552
300912.SZ,10.715842,-2.4033926
300913.SZ,-10.621477,0.31844118
300915.SZ,22.55604,-2.7416315
300916.SZ,-4.811268,9.135863
300917.SZ,-5.4745164,22.662941
300918.SZ,-12.662197,-4.0512285
300919.SZ,5.587486,1.8815382
300920.SZ,0.6855885,14.904865
300921.SZ,-7.1116543,-13.483279
300922.SZ,1.1992153,-1.346302
300923.SZ,7.7197843,16.179947
300925.SZ,4.5607014,-2.4359438
300926.SZ,10.373801,-2.0399745
300927.SZ,-2.6118164,1.6418207
300928.SZ,10.635965,-2.2380152
300929.SZ,-11.98148,8.665737
300930.SZ,16.613094,8.088198
300931.SZ,7.7454743,16.204222
300932.SZ,5.150889,2.8137426
300933.SZ,4.832565,3.585535
300935.SZ,5.236915,-2.2287452
300936.SZ,-4.9322124,9.777068
300937.SZ,-2.4093075,16.441614
300938.SZ,-0.6894634,-16.210835
300939.SZ,-4.95745,9.620103
300940.SZ,-4.9664125,9.606389
300941.SZ,-3.2221828,-12.808468
300942.SZ,0.80918366,-5.96487
300943.SZ,5.962397,-7.8471203
300945.SZ,-16.125551,6.771157
300946.SZ,6.1560664,-7.853578
300947.SZ,-5.474574,22.663122
300948.SZ,-11.91107,8.668344
300949.SZ,-0.80246073,11.641731
300950.SZ,1.3955691,-1.4919468
300951.SZ,-5.213278,8.954146
300952.SZ,-12.610812,-4.0003037
300953.SZ,5.575832,1.9537259
300955.SZ,-17.85698,-0.1497649
300956.SZ,-4.674199,10.0226555
300957.SZ,-17.854313,-0.1524875
300958.SZ,-11.881608,8.692442
300959.SZ,-6.6868863,-1.1142073
300960.SZ,7.6700716,16.131111
300961.SZ,-11.888148,8.637995
300962.SZ,-0.013743983,-6.3969316
300963.SZ,16.596128,8.104686
300964.SZ,-4.851642,9.59856
300965.SZ,-8.459737,5.512874
300966.SZ,11.280353,-12.490136
300967.SZ,-5.575057,18.982042
300968.SZ,-5.174586,10.53528
300969.SZ,10.663208,-2.2291667
300970.SZ,14.114854,-16.194221
300971.SZ,6.3205457,-8.303443
300972.SZ,14.112894,-16.19615
300973.SZ,15.512092,13.489434
300975.SZ,-4.7001,9.709694
300976.SZ,-5.50757,9.209516
300977.SZ,-0.8322778,11.657633
300978.SZ,10.993052,-1.8616985
300979.SZ,-16.083256,6.506762
300980.SZ,0.6681563,14.866075
300981.SZ,1.1051708,-6.169382
300982.SZ,-0.75286704,11.70357
300983.SZ,-0.7596557,11.700466
300984.SZ,6.145689,-7.944449
300985.SZ,10.570172,-2.3314967
300986.SZ,-0.82123715,11.674599
300987.SZ,-7.134804,-13.461848
300988.SZ,5.932074,-7.690033
300989.SZ,-0.842524,11.643414
300990.SZ,1.6125045,-0.8264086
300991.SZ,-4.7058206,9.584778
300992.SZ,6.3561316,-8.498776
300993.SZ,3.3472483,-14.286001
300994.SZ,2.5380197,-10.795169
300995.SZ,0.67256874,14.894704
300996.SZ,5.268216,-2.4438393
300997.SZ,-5.663066,-19.172743
300998.SZ,1.2431674,-1.6276463
300999.SZ,15.708693,13.296677
301000.SZ,10.536388,-2.3584476
301001.SZ,-7.159147,-13.438955
301002.SZ,5.5139794,2.958068
301003.SZ,0.65764993,14.825433
301004.SZ,3.4611232,-14.171522
301005.SZ,10.660701,-2.4923446
301006.SZ,-0.8109115,-15.761194
301007.SZ,10.597497,-1.9966093
301008.SZ,14.952507,2.1301548
301009.SZ,11.497903,8.125148
301010.SZ,10.656304,-7.3379316
301011.SZ,2.552144,-10.780696
301012.SZ,4.9996367,2.5740695
301013.SZ,1.5273297,-1.727339
301015.SZ,-2.4194858,16.431505
301016.SZ,7.669999,16.131025
301017.SZ,-2.4099374,16.441172
301018.SZ,1.4815972,-1.6155146
301019.SZ,0.7158201,14.845127
301020.SZ,11.282033,-2.0803561
301021.SZ,1.3964043,-1.4726177
301022.SZ,1.4787818,-1.5085549
301023.SZ,5.2525744,2.638193
301024.SZ,-0.75504786,11.690156
301025.SZ,2.353696,-18.856804
301026.SZ,16.472372,8.213299
301027.SZ,-0.85060406,11.58491
301028.SZ,-0.0071866554,-1.5261159
301029.SZ,1.2998371,-0.7799759
301030.SZ,-12.087852,8.658687
301031.SZ,5.586523,1.8933709
301032.SZ,19.929205,6.308787
301033.SZ,0.611492,-6.3927
301035.SZ,3.72523,14.79862
301036.SZ,-11.651448,14.80855
301037.SZ,-11.621988,14.778647
301038.SZ,-0.7707571,11.610885
301039.SZ,20.371151,-0.36113098
301040.SZ,6.1504483,-7.96511
301041.SZ,-4.6302404,9.703905
301042.SZ,-3.4646254,-12.860937
301043.SZ,6.352913,-8.882175
301045.SZ,-5.676103,10.163855
301046.SZ,-0.76187426,11.696484
301047.SZ,6.747796,9.475482
301048.SZ,7.7092195,16.169209
301049.SZ,-12.144199,8.635261
301050.SZ,-8.514898,5.457404
301051.SZ,-5.294487,8.850436
301052.SZ,2.3674645,-18.870388
301053.SZ,0.669957,-1.3658013
301055.SZ,3.487188,-14.145557
301056.SZ,7.781244,16.239258
301057.SZ,7.625877,-12.639023
301058.SZ,-0.29133323,11.836548
301059.SZ,-2.6671753,1.5746204
301060.SZ,0.75587,-5.9437833
301061.SZ,3.3773713,-14.256143
301062.SZ,16.816126,-4.528471
301063.SZ,5.210527,2.829841
301065.SZ,11.192278,-12.456647
301066.SZ,-12.684322,-4.0738945
301067.SZ,-4.818436,9.325346
301068.SZ,-12.0574465,8.695318
301069.SZ,-3.1996307,1.6774577
301070.SZ,5.992985,-8.084114
301071.SZ,13.262765,10.553988
301072.SZ,10.475247,-2.105155
301073.SZ,11.089494,-17.960972
301075.SZ,11.358599,-12.469044
301076.SZ,-2.8708668,1.7569051
301077.SZ,-2.833307,1.5265563
301078.SZ,19.59987,-11.722167
301079.SZ,6.0501246,-8.001487
301080.SZ,6.720732,9.504271
301081.SZ,-11.953265,8.643209
301082.SZ,4.9124875,2.6548116
301083.SZ,1.5413793,-1.8426723
301085.SZ,4.8865757,-2.1317718
301086.SZ,-5.2420774,8.980749
301087.SZ,0.9907753,-6.2657332
301088.SZ,-16.040325,6.574262
301089.SZ,11.029078,-12.654009
301090.SZ,-3.5548472,3.0409532
301091.SZ,-0.8332088,11.627642
301092.SZ,-2.8923774,1.8183435
301093.SZ,0.30212066,-6.632204
301095.SZ,2.019743,6.553308
301096.SZ,0.789176,-6.413394
301097.SZ,0.6679333,-6.4413114
301098.SZ,-0.7482001,11.686522
301099.SZ,-5.0517244,8.9718685
301100.SZ,-3.1932018,2.3623526
301101.SZ,2.5667813,-10.766117
301102.SZ,16.92249,-4.6462336
301103.SZ,0.59458894,-6.351028
301105.SZ,0.6550362,-1.1272463
301106.SZ,-5.39421,9.927862
301107.SZ,6.3399425,-8.323195
301108.SZ,-17.857832,-0.14891168
301109.SZ,-11.482267,8.543499
301110.SZ,-7.2009454,-13.394764
301111.SZ,-5.5304365,-9.028718
301112.SZ,1.2901914,-1.3484033
301113.SZ,3.3553243,-14.278401
301115.SZ,0.23290482,12.192091
301116.SZ,15.434885,13.331407
301117.SZ,5.262463,-1.931122
301118.SZ,-3.1881585,1.5810945
301119.SZ,10.654464,-2.5362718
301120.SZ,4.8024235,2.48558
301121.SZ,5.233917,2.5261242
301122.SZ,1.0808444,-6.212946
301123.SZ,-5.1847734,9.72862
301125.SZ,6.020975,-7.7875824
301126.SZ,-2.4071767,16.44384
301127.SZ,-11.694573,8.566959
301128.SZ,1.5636792,-1.6248914
301129.SZ,-0.72223663,-16.272955
301130.SZ,11.159239,-12.388175
301131.SZ,0.6865039,14.867536
301132.SZ,-4.8052583,9.695579
301133.SZ,10.674078,-2.4827156
301135.SZ,-5.4424243,10.039836
301136.SZ,-0.84132606,11.595642
301137.SZ,5.97017,-8.167847
301138.SZ,1.4278079,-1.3853356
301139.SZ,-10.82566,0.4262968
301141.SZ,13.272291,10.541454
301148.SZ,-12.006549,8.690222
301149.SZ,-2.9347353,2.2867234
301150.SZ,5.521207,2.0999928
301151.SZ,6.2790284,-8.264221
301152.SZ,16.491598,8.196313
301153.SZ,5.3893404,-1.7338035
301155.SZ,5.5827465,1.9919391
301156.SZ,-16.353018,-2.4267046
301157.SZ,5.2916665,2.634898
301158.SZ,1.2476554,-1.6411204
301159.SZ,4.9396186,-2.0557773
301160.SZ,6.3680563,-8.847091
301161.SZ,19.945543,6.325201
301162.SZ,5.3474956,-1.8258739
301163.SZ,4.889508,2.6188319
301165.SZ,-10.596517,0.4149503
301166.SZ,-2.4182203,16.432673
301167.SZ,-0.7602735,11.682164
301168.SZ,5.1772876,2.4883015
301169.SZ,2.5938096,-10.739568
301170.SZ,10.721307,-2.6376483
301171.SZ,-7.083314,-13.513276
301172.SZ,5.031381,-2.107335
301175.SZ,-11.303138,8.378902
301176.SZ,-4.6970067,10.126206
301177.SZ,-16.040127,6.5215583
301178.SZ,5.2081766,-2.183155
301179.SZ,5.1500554,-2.1165884
301180.SZ,-5.141673,9.730855
301181.SZ,10.628309,-2.4455967
301182.SZ,-4.718596,9.596534
301183.SZ,-4.508715,9.3194685
301185.SZ,5.16142,-2.9703913
301186.SZ,1.403115,-1.5916051
301187.SZ,14.926006,1.9184414
301188.SZ,6.872868,22.104364
301189.SZ,-3.4757755,-12.896142
301190.SZ,-11.575533,14.731134
301191.SZ,-10.481072,0.5140126
301192.SZ,10.657139,-2.4158423
301193.SZ,3.3443208,-14.289249
301195.SZ,5.430238,-1.9604524
301196.SZ,0.3537167,-0.92667735
301197.SZ,5.475269,-2.9884696
301198.SZ,0.6950769,14.841232
301199.SZ,1.4096656,-1.6621313
301200.SZ,0.436291,-0.9061573
301201.SZ,6.655802,9.573654
301202.SZ,5.9236727,-7.6132455
301203.SZ,-12.041138,8.710734
301205.SZ,-10.470201,0.53874546
301206.SZ,15.4815,13.473709
301207.SZ,6.5838466,9.653588
301208.SZ,5.0320406,-2.0167608
301209.SZ,-11.638694,14.795818
301210.SZ,5.228323,2.6712484
301211.SZ,11.318456,-12.504421
301212.SZ,-3.0313203,1.7431488
301213.SZ,5.0864425,-2.1059926
301215.SZ,-8.432427,-16.0298
301216.SZ,-3.3932672,2.3817208
301217.SZ,-5.9959917,10.517677
301218.SZ,4.707705,-2.0542245
301219.SZ,16.376225,8.301119
301220.SZ,-3.54913,2.6948228
301221.SZ,5.19192,-1.9846071
301222.SZ,5.6705923,3.4636927
301223.SZ,16.619255,-4.3218274
301225.SZ,10.687689,-2.584568
301226.SZ,4.797767,2.4367049
301227.SZ,3.4370756,-14.195656
301228.SZ,-0.53552514,-16.200838
301229.SZ,10.613302,-2.467913
301230.SZ,6.5597157,9.676169
301231.SZ,2.3199387,-18.823198
301232.SZ,5.991078,-7.661507
301233.SZ,11.22889,-2.1090412
301234.SZ,0.49874765,-6.321289
301235.SZ,0.86305034,-6.084507
301236.SZ,4.7843885,-2.061903
301237.SZ,0.7396864,14.856224
301238.SZ,-3.3135998,2.2396932
301239.SZ,5.0409703,0.13724507
301246.SZ,11.309586,-11.475153
301248.SZ,5.101583,-2.257345
301251.SZ,-4.6853237,9.311179
301252.SZ,5.9677143,-7.6345
301255.SZ,5.9054346,-7.5791426
301256.SZ,-3.4420915,2.9407718
301257.SZ,1.0512979,-6.192945
301258.SZ,11.19852,-12.35987
301259.SZ,-12.016624,8.612083
301260.SZ,1.2264501,-1.264316
301261.SZ,6.0190516,-7.8145337
301262.SZ,-5.2915,-4.6004844
301263.SZ,-2.411366,16.43975
301265.SZ,-11.564226,8.515184
301266.SZ,5.1878953,2.5202043
301267.SZ,1.121858,-6.199096
301268.SZ,6.1336427,-7.915055
301269.SZ,1.9551429,6.5564065
301270.SZ,4.902949,-2.0542452
301272.SZ,1.2980192,-1.0058059
301273.SZ,6.1862807,-7.9724417
301276.SZ,-16.017439,6.3233194
301277.SZ,11.361379,-12.509339
301278.SZ,5.562362,2.012315
301279.SZ,19.91561,6.2952847
301280.SZ,-4.9551063,9.6133995
301281.SZ,11.315526,-12.517184
301282.SZ,-4.8631496,9.669929
301283.SZ,-17.858633,-0.14806366
301285.SZ,-5.178139,10.57554
301286.SZ,-3.423548,3.0488722
301287.SZ,2.4120176,-10.921318
301288.SZ,-12.127897,8.655892
301289.SZ,-0.6405098,-16.148182
301290.SZ,0.112710536,-6.6495767
301291.SZ,5.600298,4.040145
301292.SZ,-2.806669,1.6111536
301293.SZ,1.1128399,-6.0820317
301295.SZ,5.202338,2.6622279
301296.SZ,16.727757,-4.4343405
301297.SZ,1.2542084,7.4789124
301298.SZ,11.4066,-2.1018097
301299.SZ,-7.2113137,-13.384417
301300.SZ,-3.065567,1.8157635
301301.SZ,11.60099,-11.648035
301302.SZ,5.3163824,-1.9133617
301303.SZ,-0.8478414,-15.848358
301305.SZ,-11.502175,8.546262
301306.SZ,-8.433804,5.5387235
301307.SZ,-10.607039,0.3866584
301308.SZ,1.9316103,6.6308346
301309.SZ,6.350867,-8.939384
301310.SZ,10.708085,-2.6391125
301311.SZ,5.9301105,-8.115219
301312.SZ,1.5974178,-0.7436694
301313.SZ,2.5896587,-10.743677
301314.SZ,-4.653764,9.248052
301315.SZ,5.053025,-1.9522194
301316.SZ,4.628102,-2.2309132
301317.SZ,6.3596725,-8.481258
301318.SZ,-3.2390525,-12.811801
301319.SZ,-5.0634613,9.045528
301320.SZ,5.1321125,2.8392854
301321.SZ,-4.8190436,9.626663
301322.SZ,5.5291953,2.0746865
301323.SZ,-10.608244,-8.24444
301325.SZ,1.4352106,-0.75669605
301326.SZ,-4.546387,9.371325
301327.SZ,5.5385103,1.4580536
301328.SZ,-5.1790657,8.92283
301329.SZ,-4.756378,9.596381
301330.SZ,-3.3264518,-12.877638
301331.SZ,-5.577954,-8.962723
301332.SZ,14.882188,2.1218004
301333.SZ,1.2066631,-6.0175204
301335.SZ,2.394827,-10.938322
301336.SZ,3.3762875,-14.257274
301337.SZ,4.659725,-2.057503
301338.SZ,1.6183522,-1.0501263
301339.SZ,-3.2835133,-12.710253
301345.SZ,-13.627814,-9.876545
301348.SZ,1.8641143,7.2945237
301349.SZ,-3.5678885,1.2774225
301353.SZ,1.1944236,-1.3082852
301355.SZ,16.726114,-4.4330697
301356.SZ,3.359666,-14.27412
301357.SZ,1.6097945,-1.119451
301358.SZ,5.6923885,3.4836686
301359.SZ,-5.399652,10.058317
301360.SZ,1.6029086,-0.8698526
301361.SZ,4.74634,2.6844442
301362.SZ,5.703358,3.4458535
301363.SZ,0.4893931,-6.3284206
301365.SZ,-0.755067,11.678802
301366.SZ,-4.5711164,9.215528
301367.SZ,5.13367,0.30006352
301368.SZ,5.8787856,-7.555818
301369.SZ,2.1738312,6.4292116
301370.SZ,-2.4279754,16.423143
301371.SZ,-17.856606,-0.15017909
301372.SZ,-12.044783,8.653834
301373.SZ,-3.5417283,2.7332268
301376.SZ,3.3651147,-14.268129
301377.SZ,6.325606,-8.319582
301378.SZ,5.3315334,-1.8180814
301379.SZ,-5.2473073,9.725484
301380.SZ,5.2050247,-2.3158557
301381.SZ,-7.1619153,-13.43387
301382.SZ,-7.1816044,-13.41389
301383.SZ,-4.5929523,9.260172
301386.SZ,5.029123,3.0129907
301387.SZ,-4.672786,9.220628
301388.SZ,5.0292444,2.9932148
301389.SZ,-5.4146504,10.124931
301390.SZ,-0.7021726,11.72602
301391.SZ,-3.3176422,-12.869343
301392.SZ,1.4646835,-1.1372824
301393.SZ,-3.2299972,1.4677348
301395.SZ,-2.7480888,1.5701395
301396.SZ,5.1523147,-2.215746
301397.SZ,10.70791,-2.6309094
301398.SZ,10.522129,-2.2014637
301399.SZ,5.968771,-7.59224
301408.SZ,-2.4102638,16.440836
301413.SZ,-0.6546607,-16.29926
301418.SZ,5.3384547,2.590798
301419.SZ,-10.551546,0.48565406
301421.SZ,-4.505099,9.25894
301428.SZ,-7.182174,-13.414005
301429.SZ,10.657986,-7.3390794
301439.SZ,5.68015,3.6843224
301446.SZ,6.0918994,-7.9171767
301448.SZ,5.9175,-7.579911
301456.SZ,5.282516,2.7088478
301459.SZ,10.739069,-2.6622794
301468.SZ,0.35441455,-0.9605685
301469.SZ,11.507724,8.135571
301486.SZ,-4.6508636,9.262145
301487.SZ,-2.6945057,1.4635813
301488.SZ,10.523278,-2.2542152
301489.SZ,-4.4788613,9.273227
301498.SZ,-16.364079,-2.4376752
301499.SZ,10.376837,-2.081075
301500.SZ,-12.05099,8.667227
301502.SZ,4.8589606,2.380515
301503.SZ,-3.1997755,-12.756856
301505.SZ,-0.82557017,11.651654
301507.SZ,11.295215,-12.304127
301508.SZ,-0.5347313,-16.232632
301509.SZ,11.184261,-12.5723095
301510.SZ,-0.6354543,-16.28914
301511.SZ,4.9895196,2.4152703
301512.SZ,1.6220471,-1.1165144
301515.SZ,0.8489524,-6.0113497
301516.SZ,4.9185123,2.4331584
301517.SZ,-4.6102724,9.208335
301518.SZ,-2.937385,1.8111161
301519.SZ,1.3171419,-1.3024348
301520.SZ,6.563211,9.674144
301525.SZ,14.956871,2.1863139
301526.SZ,6.8739214,22.105318
301528.SZ,-0.700761,-16.316097
301529.SZ,10.703641,-2.6191711
301533.SZ,-7.394942,-17.666014
301536.SZ,1.8092735,7.3450255
301538.SZ,0.6931171,14.826362
301539.SZ,10.734758,-2.6243153
301548.SZ,5.9929633,-7.6666994
301550.SZ,10.453071,-2.1871467
301551.SZ,4.044591,-1.9586632
301552.SZ,10.712309,-2.6913218
301555.SZ,-2.7839842,1.5211027
301558.SZ,-7.1318426,-13.464141
301559.SZ,0.21992348,-1.0527548
301565.SZ,0.70400524,14.840327
301566.SZ,-4.6823354,9.389491
301567.SZ,-4.571482,9.22568
301568.SZ,1.5357034,-1.2432202
301571.SZ,-4.3846707,9.401189
301577.SZ,-4.501166,9.269856
301578.SZ,-3.1787584,-12.750407
301580.SZ,1.0452061,-6.2143927
301586.SZ,-8.447541,5.524692
301587.SZ,5.2364774,2.6644764
301588.SZ,3.3476408,-14.286041
301589.SZ,5.460193,1.1540959
301591.SZ,0.70932275,14.825202
301596.SZ,5.9836397,-7.6407537
301600.SZ,-10.561435,0.52092236
301603.SZ,0.15645182,-12.293351
301606.SZ,-4.6724195,9.312636
301607.SZ,10.685249,-2.79724
301608.SZ,-10.559505,0.53604555
301611.SZ,1.87843,7.312904
430017.BJ,11.517459,-12.094913
430047.BJ,6.407201,9.83859
430090.BJ,-3.1442633,-12.705245
430139.BJ,1.1590607,7.550815
430198.BJ,-3.1750746,-12.709443
430300.BJ,0.4289535,-5.9489613
430418.BJ,11.1933365,-1.4782948
430425.BJ,1.7820044,-1.7743948
430476.BJ,-0.5278252,-15.6353655
430478.BJ,11.321263,-12.541103
430489.BJ,-2.4777834,1.9171627
430510.BJ,5.8833528,-7.568243
430556.BJ,-0.4241443,-15.840361
430564.BJ,4.3352466,-2.2614648
430685.BJ,-0.48878285,-16.175125
430718.BJ,14.945928,1.8465834
600000.SH,7.471488,13.622856
600004.SH,-10.354907,-2.3454635
600006.SH,20.36818,-0.35853076
600007.SH,-10.255509,-9.726851
600008.SH,-6.0889964,14.912074
600009.SH,-10.354998,-2.3457766
600010.SH,17.202951,-0.122674644
600011.SH,-16.42009,3.3151553
600012.SH,-16.4054,-9.67509
600015.SH,7.478644,13.613859
600016.SH,7.445286,13.653005
600017.SH,-8.870093,12.936605
600018.SH,-8.895115,12.962018
600019.SH,17.22989,-0.14975098
600020.SH,-16.42098,-9.660083
600021.SH,-16.420235,3.3152928
600022.SH,17.218872,-0.13870318
600023.SH,-16.32402,3.4128547
600025.SH,-14.499541,-1.577783
600026.SH,-5.0745306,-2.0849843
600027.SH,-16.440529,3.294605
600028.SH,-12.790685,-8.417973
600029.SH,10.223516,19.445332
600030.SH,15.674523,-10.463079
600031.SH,20.099285,6.479986
600032.SH,-20.593609,4.5009546
600033.SH,-16.434645,-9.646428
600035.SH,-16.415264,-9.665695
600036.SH,7.174978,13.956479
600037.SH,-5.537277,-4.8442717
600038.SH,-8.6186695,5.3536363
600039.SH,0.17663802,12.0287695
600048.SH,-2.1628802,-4.997766
600050.SH,-6.686914,-1.1142359
600051.SH,-17.668734,-6.0188556
600052.SH,0.12179374,22.146301
600053.SH,13.752932,6.0282865
600054.SH,17.660107,10.314278
600055.SH,0.032222398,-6.4042277
600056.SH,-2.423409,16.428083
600057.SH,20.150545,-6.24988
600058.SH,-10.484453,-14.731138
600059.SH,2.6734588,23.001347
600060.SH,14.641559,2.3382378
600061.SH,15.598711,-10.543888
600062.SH,11.482433,-11.770874
600063.SH,7.613799,-12.651685
600064.SH,-10.254819,-9.726102
600066.SH,20.362309,-0.3525276
600067.SH,5.2524624,4.3626738
600070.SH,-6.803333,-13.783374
600071.SH,-4.76582,10.076658
600072.SH,14.23141,-6.379135
600073.SH,15.906923,12.987706
600075.SH,-3.5894294,3.1722689
600076.SH,16.63294,-4.3347125
600078.SH,-2.5541863,2.3542676
600079.SH,11.404023,-11.514917
600080.SH,-5.6907105,-8.266933
600081.SH,12.479527,-1.6463093
600082.SH,-10.257256,-9.72903
600083.SH,-17.714985,-5.972037
600084.SH,2.6735656,23.001392
600085.SH,-5.7533126,-8.599222
600088.SH,-5.4251294,-4.7326565
600089.SH,5.661064,4.070938
600094.SH,3.540509,19.278456
600095.SH,15.963248,-10.153137
600096.SH,3.7500837,14.774148
600097.SH,5.6331434,-18.513573
600098.SH,-16.337917,3.3994036
600099.SH,20.330835,-0.32100335
600100.SH,-3.6786537,-12.803058
600101.SH,-14.54762,-1.5324931
600103.SH,11.605941,8.2316885
600104.SH,20.36335,-0.3536768
600105.SH,-11.288377,0.12413479
600106.SH,-16.423752,-9.655033
600107.SH,-16.127857,6.7699747
600108.SH,14.1272545,-16.180489
600109.SH,15.592145,-10.5501795
600110.SH,5.6465425,3.6510832
600111.SH,16.641851,8.030714
600113.SH,3.5345693,19.284359
600114.SH,6.1160464,-8.578013
600115.SH,10.223532,19.445356
600116.SH,-14.543675,-1.535313
600117.SH,-12.776575,18.479694
600118.SH,-8.6957445,5.2768254
600119.SH,20.329475,-6.4283814
600120.SH,13.902912,5.878938
600121.SH,9.209832,10.106715
600123.SH,9.237194,10.133719
600125.SH,-1.8920058,18.534513
600126.SH,17.215006,-0.1349111
600127.SH,-5.336916,18.744503
600128.SH,-10.479195,-14.730971
600129.SH,-5.6913304,-8.795368
600130.SH,-5.741988,10.843455
600131.SH,-11.488955,0.4508603
600132.SH,9.926246,21.640179
600133.SH,0.15617782,11.980538
600135.SH,0.8859136,15.724171
600136.SH,-5.474483,-4.7819386
600137.SH,-15.971012,6.3901834
600138.SH,17.662252,10.316475
600141.SH,3.704422,14.820132
600143.SH,0.92044175,15.765166
600148.SH,12.037414,-1.5571142
600149.SH,-17.698582,-5.988709
600150.SH,14.221122,-6.3698554
600151.SH,12.362519,-1.7428224
600152.SH,4.583671,3.186163
600153.SH,20.206984,-6.3062434
600155.SH,15.895908,-10.222171
600156.SH,-12.663992,-4.052202
600157.SH,-16.33977,3.3973837
600158.SH,2.2961183,-11.036994
600159.SH,3.2664034,19.548677
600160.SH,-2.665382,2.6868773
600161.SH,6.15998,10.11311
600162.SH,-2.123331,-4.9595537
600163.SH,-20.620687,4.473722
600165.SH,-2.6807005,1.674704
600166.SH,20.36455,-0.35483155
600167.SH,-0.18821804,21.846565
600168.SH,-6.0827107,14.905793
600169.SH,20.147137,6.527872
600170.SH,0.79814124,12.301801
600171.SH,1.2103931,7.4792647
600172.SH,13.3546915,10.451794
600173.SH,-2.1613772,-4.9988666
600176.SH,6.8778334,22.108982
600177.SH,-15.992212,6.248203
600178.SH,11.45905,-1.4241488
600179.SH,-5.0550737,-2.06569
600180.SH,20.333433,-6.4323564
600182.SH,12.713697,-1.6310412
600183.SH,-6.2663865,10.601224
600184.SH,-0.12772243,-1.4485643
600185.SH,3.4180534,19.39939
600186.SH,15.357983,12.931022
600187.SH,-6.066616,14.8906145
600188.SH,9.22912,10.125693
600189.SH,-5.662832,-19.172947
600190.SH,-8.87197,12.938899
600191.SH,15.362249,12.916621
600192.SH,4.604561,3.7473154
600193.SH,-11.609804,-11.301923
600195.SH,-5.3101244,18.71787
600196.SH,11.279848,-11.426248
600197.SH,17.091307,4.9039764
600198.SH,-11.647463,0.49235553
600199.SH,17.092972,4.9058557
600200.SH,11.60156,-11.695494
600201.SH,-5.3578076,18.765526
600202.SH,0.39221567,-2.0324366
600203.SH,-5.325591,10.669625
600206.SH,0.8920848,7.3245773
600207.SH,5.176412,4.0602226
600208.SH,-2.1719928,-5.0092053
600210.SH,16.700638,-4.4049273
600211.SH,6.462996,9.786412
600212.SH,4.6096754,3.8275623
600215.SH,0.34653437,-1.995854
600216.SH,11.450828,-11.218941
600217.SH,-11.038255,8.300169
600218.SH,12.283423,-1.8169723
600219.SH,14.356976,17.264046
600221.SH,10.223547,19.445322
600222.SH,-5.603816,-8.6394415
600223.SH,-17.851818,-0.15511148
600225.SH,4.9558635,-3.7339716
600226.SH,-0.18724333,21.847754
600227.SH,3.5461886,14.98101
600228.SH,-6.8903885,-13.703936
600229.SH,2.5420802,-19.045467
600230.SH,-2.8605547,2.447359
600231.SH,17.237913,-0.15772243
600232.SH,18.66859,12.302994
600233.SH,20.189877,-6.289213
600234.SH,-11.572447,-11.338694
600235.SH,11.554159,8.181161
600236.SH,-14.508569,-1.5703793
600237.SH,-5.7744765,10.839185
600238.SH,5.002277,3.7983718
600239.SH,3.5036922,19.314827
600241.SH,4.905275,4.3447485
600243.SH,7.6766996,16.136183
600246.SH,3.2604196,19.554684
600248.SH,0.6000231,12.253882
600249.SH,-17.85992,-0.14697742
600250.SH,-10.467204,-14.708603
600251.SH,-5.394725,18.802427
600252.SH,-5.738147,-8.259221
600255.SH,16.837976,7.866103
600256.SH,-15.303642,1.3443452
600257.SH,5.6327577,-18.513824
600258.SH,11.089522,-17.960888
600259.SH,16.635918,8.058216
600261.SH,14.694557,2.6270812
600262.SH,0.15148073,-1.7067872
600265.SH,5.633287,4.4852633
600266.SH,3.4965138,19.321983
600267.SH,11.585783,-11.30569
600268.SH,4.997418,4.2268004
600269.SH,-16.421158,-9.659877
600271.SH,5.82387,-3.846373
600272.SH,-2.3961537,16.454863
600273.SH,-3.6237233,3.2646518
600276.SH,11.24876,-11.385287
600278.SH,-10.487133,-14.728613
600279.SH,-8.87158,12.938373
600280.SH,-12.336927,4.4535184
600281.SH,16.76593,7.937368
600282.SH,17.212357,-0.1322088
600283.SH,-6.069784,14.893528
600284.SH,0.7980209,12.299161
600285.SH,-5.7235355,-8.531547
600287.SH,-10.480376,-14.731373
600288.SH,-6.1389804,10.6327
600289.SH,5.7999687,-3.7886786
600292.SH,-10.951798,8.308675
600293.SH,6.888275,22.11982
600295.SH,-12.7766,18.479656
600298.SH,15.715085,13.256422
600299.SH,-16.380611,-2.4532778
600300.SH,-5.6631284,-19.172787
600301.SH,16.70862,7.996342
600302.SH,18.668776,12.30364
600303.SH,20.380098,-0.3701807
600305.SH,15.891865,13.033284
600307.SH,17.231121,-0.15095799
600308.SH,11.571545,8.197879
600309.SH,-3.4200952,2.2766213
600310.SH,-14.548363,-1.5316826
600312.SH,4.7429013,4.2745605
600313.SH,14.117053,-16.191786
600315.SH,-17.860512,-0.14621724
600316.SH,-8.648633,5.3237224
600318.SH,13.755527,6.0257635
600319.SH,-3.2843401,3.1730044
600320.SH,-0.20120995,-1.3464403
600322.SH,3.266029,19.54923
600323.SH,-10.81373,8.2803335
600325.SH,3.556341,19.262577
600326.SH,22.729164,3.3415148
600327.SH,-0.24478863,-6.4947414
600328.SH,-3.0849345,2.5621994
600329.SH,-5.743549,-8.588262
600330.SH,0.33503154,-1.6296978
600331.SH,3.8151062,14.709246
600332.SH,-5.73698,-8.304255
600333.SH,-0.08202618,21.95183
600335.SH,-8.432682,-16.029833
600336.SH,14.648636,2.210407
600337.SH,3.7470515,-13.882638
600338.SH,7.7786865,-18.612942
600339.SH,-15.277555,1.32986
600340.SH,-10.257366,-9.729422
600343.SH,6.2611284,-8.865486
600345.SH,-11.577464,0.48431003
600346.SH,-12.790583,-8.417921
600348.SH,9.227586,10.12419
600350.SH,-16.41952,-9.661356
600351.SH,-5.6469502,-8.472385
600352.SH,-11.548925,14.7039175
600353.SH,-5.143015,10.65782
600354.SH,14.11808,-16.190813
600355.SH,1.0578535,-2.0317194
600356.SH,11.581788,8.207551
600358.SH,17.015984,-4.7444735
600359.SH,14.123744,-16.18459
600360.SH,0.9023719,7.324379
600361.SH,14.409046,17.212124
600362.SH,-9.453338,-6.096067
600363.SH,-5.811615,10.2666
600365.SH,-6.6419654,-13.939571
600366.SH,13.391051,10.412984
600367.SH,-2.578217,2.00299
600368.SH,-16.420074,-9.660091
600369.SH,15.607495,-10.534108
600370.SH,-3.5789304,3.210498
600371.SH,14.125911,-16.182508
600372.SH,-8.723986,5.248717
600373.SH,2.52003,-19.023565
600375.SH,20.39019,-0.37997192
600376.SH,3.4730523,19.345238
600377.SH,-16.408066,-9.6733055
600378.SH,-3.2833636,2.2286687
600379.SH,5.0128827,4.0148535
600380.SH,11.438134,-11.180087
600381.SH,0.474743,-5.912972
600382.SH,17.223892,-0.14393005
600383.SH,-2.2279599,-5.082733
600386.SH,-8.432551,-16.030434
600387.SH,-12.651896,-13.043544
600388.SH,-11.028937,8.304312
600389.SH,3.7378576,14.786469
600390.SH,13.855609,5.926221
600391.SH,-8.725271,5.2471437
600392.SH,16.798628,7.9026875
600395.SH,9.211964,10.108821
600396.SH,-16.440336,3.2947867
600397.SH,9.228302,10.124782
600398.SH,-15.988319,6.259943
600399.SH,-12.77656,18.479628
600400.SH,-15.97305,6.456438
600403.SH,9.262369,10.159634
600405.SH,5.1708717,4.0716305
600406.SH,5.7038784,3.9134157
600408.SH,7.2492676,-17.101738
600409.SH,7.606034,-12.659035
600410.SH,5.666756,-3.698824
600415.SH,5.2395253,4.7568927
600416.SH,5.4491234,3.8852785
600418.SH,20.380018,-0.36963758
600419.SH,22.552006,-2.733557
600420.SH,11.458963,-11.181007
600421.SH,1.0481868,-1.9455761
600422.SH,-5.6942196,-8.664911
600423.SH,3.5332718,14.994398
600425.SH,22.744688,3.357442
600426.SH,3.538521,14.988158
600428.SH,-5.070088,-2.0803573
600429.SH,22.55227,-2.727854
600433.SH,11.604287,8.23015
600435.SH,-0.08423041,-1.571025
600436.SH,-5.7213893,-8.678422
600438.SH,5.7794714,3.428047
600439.SH,-15.974891,6.279874
600444.SH,0.44428828,-2.0094364
600446.SH,5.6690116,-3.7328718
600448.SH,-12.568868,-3.9585586
600449.SH,22.719263,3.3318622
600452.SH,-14.530594,-1.5482329
600455.SH,2.3238533,-11.008816
600456.SH,16.667494,8.025506
600458.SH,0.82827914,15.617614
600459.SH,16.797508,7.9036264
600460.SH,1.3509566,7.052589
600461.SH,-6.0866723,14.909865
600462.SH,16.639675,-4.342271
600463.SH,-10.257095,-9.729168
600467.SH,5.6330495,-18.51359
600468.SH,5.203609,4.5669985
600469.SH,12.365174,-1.533619
600470.SH,3.7591004,14.765569
600475.SH,-11.432427,8.368763
600476.SH,4.49586,-3.4265466
600477.SH,-9.095584,16.861683
600478.SH,5.3071365,3.9346414
600479.SH,-5.712021,-8.345105
600480.SH,12.710357,-1.5961134
600481.SH,5.5622454,3.8355348
600482.SH,14.208089,-6.352523
600483.SH,-16.45726,3.278632
600486.SH,3.6934056,14.83143
600487.SH,-11.575834,0.46430007
600488.SH,11.472898,-11.154769
600489.SH,3.8598228,22.002985
600490.SH,-9.437243,-6.1242685
600491.SH,0.110169046,12.108529
600493.SH,-12.688169,-4.076915
600495.SH,8.09566,16.507107
600496.SH,-9.077613,16.840288
600497.SH,7.7885804,-18.62274
600498.SH,-11.682854,0.5474648
600499.SH,0.3703401,-1.3114727
600500.SH,0.9125171,15.754242
600501.SH,0.4984528,-2.0186977
600502.SH,0.37716106,12.142583
600503.SH,3.5895078,19.229702
600505.SH,-14.561649,-1.5184755
600506.SH,-12.790861,-8.418075
600507.SH,-12.7765665,18.479591
600508.SH,9.20698,10.103702
600509.SH,-16.415627,3.3211184
600510.SH,-2.1763923,-5.018763
600511.SH,-2.5102854,16.341534
600512.SH,0.73163295,12.283518
600513.SH,11.485823,-11.201845
600515.SH,-10.354809,-2.3457472
600516.SH,13.396435,10.406432
600517.SH,13.843606,5.9380784
600518.SH,-5.676981,-8.312805
600519.SH,5.3647943,0.92489356
600520.SH,1.2382009,7.4875035
600521.SH,11.451695,-11.466183
600522.SH,-11.355052,0.3989532
600523.SH,11.763701,-1.869602
600525.SH,5.5422025,4.728331
600526.SH,-11.006865,8.316439
600527.SH,7.548207,-12.7169695
600528.SH,8.148058,16.551704
600529.SH,0.077792466,-6.516417
600530.SH,-0.06828821,-6.2553616
600531.SH,7.788134,-18.622213
600533.SH,3.469412,19.348837
600535.SH,-5.7407913,-8.27891
600536.SH,5.4167747,-2.4321134
600537.SH,5.1539097,3.9740596
600538.SH,-2.4936965,16.357946
600539.SH,-6.687912,-13.89634
600540.SH,14.117786,-16.19106
600543.SH,2.673456,23.001385
600545.SH,18.669025,12.303668
600546.SH,9.226213,10.122805
600547.SH,3.8598657,22.003393
600548.SH,-16.41902,-9.661789
600549.SH,16.809025,7.893372
600550.SH,4.726309,4.2469935
600551.SH,2.502007,-19.005476
600552.SH,-5.1838107,10.66903
600556.SH,-6.7829304,-13.804707
600557.SH,-5.6638956,-8.726975
600558.SH,-9.057018,16.820679
600559.SH,17.093685,4.9064603
600560.SH,4.800862,4.2894764
600561.SH,2.743016,-21.671595
600562.SH,-11.701115,0.55295247
600563.SH,-5.337254,8.772775
600566.SH,-5.7371454,-8.622731
600567.SH,11.579947,8.205387
600568.SH,-0.23286304,-6.5074296
600569.SH,17.196056,-0.11569307
600570.SH,5.558803,-2.5412586
600571.SH,4.365984,-3.1131308
600572.SH,-5.725041,-8.270591
600573.SH,9.92625,21.640234
600575.SH,-16.317411,3.4202187
600576.SH,17.642975,10.297148
600577.SH,5.207467,4.2683134
600578.SH,-16.320282,3.4169939
600579.SH,22.143684,8.538947
600580.SH,5.4507275,4.3181953
600581.SH,17.170624,-0.09076395
600582.SH,-0.18522154,-1.3601812
600583.SH,-15.270544,1.3240906
600584.SH,0.9363421,7.3055906
600585.SH,22.751873,3.3647013
600586.SH,6.8685827,22.100248
600587.SH,0.39129567,-6.217529
600588.SH,5.685992,-3.3625789
600589.SH,4.8069177,-3.6772826
600590.SH,-11.707268,0.574886
600592.SH,6.2645907,-8.845366
600593.SH,17.661871,10.316101
600594.SH,-5.65627,-8.329734
600595.SH,14.371415,17.249762
600596.SH,-3.3287835,2.4603882
600597.SH,22.551552,-2.7318263
600598.SH,14.1266775,-16.181145
600599.SH,-2.6475623,2.6459773
600600.SH,9.926233,21.6402
600601.SH,-6.2348614,10.703388
600602.SH,4.330848,-3.1968064
600603.SH,3.2555416,19.560123
600604.SH,-10.2554655,-9.726734
600605.SH,-5.474555,22.663193
600606.SH,-2.123041,-4.95943
600608.SH,-10.484689,-14.729625
600609.SH,12.546731,-1.6407689
600610.SH,-2.6935618,1.8278122
600611.SH,2.743018,-21.67159
600612.SH,-16.011292,6.356904
600613.SH,-5.634061,-8.720759
600615.SH,14.371837,17.248981
600616.SH,2.6734936,23.001614
600617.SH,0.19171521,22.216005
600618.SH,-3.269313,3.1856036
600619.SH,14.663686,2.283532
600620.SH,-17.689049,-5.998258
600621.SH,15.976462,-10.139762
600622.SH,3.355567,19.461563
600623.SH,-3.6273024,3.2525
600624.SH,11.679618,-11.518105
600626.SH,12.595824,-1.5943123
600628.SH,-12.595601,4.196002
600629.SH,-0.31067997,11.780733
600630.SH,-16.175425,6.8473377
600633.SH,-6.777476,-13.8135195
600635.SH,-0.18915558,21.845657
600636.SH,2.5106676,-10.822826
600637.SH,-5.535004,-4.841538
600638.SH,3.5393832,19.279457
600639.SH,-10.255628,-9.72719
600640.SH,-5.4433904,-4.750818
600641.SH,3.3575606,19.459482
600642.SH,-16.325178,3.4120162
600643.SH,13.85062,5.930939
600644.SH,-14.557811,-1.5221326
600645.SH,-0.028277509,-6.432657
600648.SH,-10.254285,-9.725525
600649.SH,3.5714867,19.247717
600650.SH,2.743039,-21.671747
600651.SH,-0.9515965,-15.506964
600653.SH,-8.4322195,-16.029915
600654.SH,20.190195,-6.2893834
600655.SH,-12.626393,4.164939
600657.SH,-2.2422285,-5.094263
600658.SH,-10.257561,-9.728157
600660.SH,12.610338,-1.6516377
600661.SH,2.5407279,-10.792718
600662.SH,2.298005,-11.035056
600663.SH,-10.254581,-9.725568
600664.SH,11.474209,-11.156186
600665.SH,-2.2318006,-5.084688
600666.SH,-5.3523073,10.732077
600667.SH,0.86179703,7.336891
600668.SH,22.737373,3.34987
600671.SH,-5.72831,-8.264363
600673.SH,-17.67656,-6.0108275
600674.SH,-14.49034,-1.5882894
600675.SH,3.5150316,19.303703
600676.SH,12.5972185,-1.5852858
600678.SH,22.729256,3.3416274
600679.SH,2.3040955,-11.028558
600681.SH,-0.18912278,21.845486
600682.SH,6.137965,10.135077
600683.SH,3.226434,19.588684
600684.SH,3.392276,19.425085
600685.SH,14.217774,-6.364269
600686.SH,20.379456,-0.36893964
600688.SH,-12.790784,-8.41781
600689.SH,-17.70107,-5.986366
600690.SH,14.706061,2.5930994
600691.SH,3.6596735,14.865911
600692.SH,3.4577518,19.360739
600693.SH,-12.517191,4.2735004
600694.SH,-12.610381,4.180767
600696.SH,17.089092,4.9019885
600697.SH,-12.495639,4.294998
600698.SH,11.302344,-1.4275842
600699.SH,12.085151,-1.7209322
600702.SH,17.049948,4.864314
600703.SH,0.978439,7.2918606
600704.SH,20.130104,-6.229614
600705.SH,13.836115,5.945634
600706.SH,17.676828,10.331021
600707.SH,-6.0971446,10.68883
600708.SH,-2.1440434,-4.980812
600710.SH,-10.492814,-14.729917
600711.SH,16.818707,7.8844733
600712.SH,-12.437244,4.35334
600713.SH,-2.522665,16.329222
600714.SH,-2.8386889,2.6928587
600715.SH,-5.324914,-4.6334496
600716.SH,3.5635962,19.255697
600717.SH,-8.869726,12.936038
600718.SH,5.782761,-3.8306248
600719.SH,0.14839964,22.172138
600720.SH,0.7287643,12.286494
600721.SH,6.3547506,9.895308
600722.SH,-3.388529,3.3028698
600724.SH,-17.684378,-6.0031223
600725.SH,-10.480979,-14.727234
600726.SH,-16.334867,3.4027162
600727.SH,-3.077746,2.8543448
600728.SH,5.795751,-3.8562253
600729.SH,-12.496214,4.2946033
600730.SH,2.3583012,-10.974508
600731.SH,3.4926817,15.0351
600732.SH,5.006634,2.752197
600733.SH,20.377884,-0.3678181
600734.SH,4.353364,-2.5992095
600735.SH,-16.036423,6.5897946
600736.SH,-10.256608,-9.727895
600737.SH,15.890553,12.992719
600738.SH,-12.478611,4.3120427
600739.SH,6.1151233,10.15802
600740.SH,7.2492523,-17.101608
600741.SH,12.71806,-1.653201
600742.SH,12.630959,-1.5911683
600743.SH,3.512984,19.305162
600744.SH,-16.394144,3.342141
600745.SH,1.9631695,6.596144
600746.SH,-3.5434058,2.9304662
600748.SH,-2.1453695,-4.982267
600749.SH,17.658112,10.312348
600750.SH,-5.7385926,-8.493649
600751.SH,-5.0280266,-2.0387058
600753.SH,-10.488415,-14.729788
600754.SH,11.08972,-17.960913
600755.SH,20.113798,-6.213282
600756.SH,5.723362,-3.8080378
600757.SH,2.5537293,-19.057089
600758.SH,9.228742,10.124787
600759.SH,-15.299108,1.3481321
600760.SH,-8.610076,5.362377
600761.SH,19.998367,6.377787
600763.SH,5.1179266,0.26608872
600764.SH,14.218233,-6.3647957
600765.SH,-8.484414,5.4883494
600768.SH,14.415807,17.205437
600769.SH,-6.067455,14.89091
600770.SH,-17.670874,-6.0165844
600771.SH,-5.752816,-8.647472
600773.SH,3.3594668,19.457443
600774.SH,11.498846,-11.983059
600775.SH,-11.276353,0.12847292
600776.SH,-11.627252,0.48362076
600777.SH,-15.289453,1.3341558
600778.SH,-12.382769,4.407491
600779.SH,17.108736,4.921864
600780.SH,-16.404287,3.3312075
600782.SH,17.213673,-0.1334242
600783.SH,13.851429,5.9299397
600784.SH,-17.669992,-6.017463
600785.SH,-12.393895,4.3966064
600787.SH,20.150942,-6.2501936
600789.SH,11.486084,-11.171959
600790.SH,5.2930145,4.7491107
600791.SH,-2.2184134,-5.0704
600792.SH,7.2492933,-17.101696
600793.SH,11.487337,8.115375
600794.SH,20.158838,-6.2582164
600795.SH,-16.319017,3.4185333
600796.SH,-11.159158,8.313223
600797.SH,5.774311,-3.7914498
600798.SH,-5.028312,-2.03846
600800.SH,-3.5471847,3.2249048
600801.SH,22.74769,3.3603659
600802.SH,22.748062,3.3607512
600803.SH,-0.023005359,22.002598
600804.SH,-6.687195,-1.1140206
600805.SH,-17.670885,-6.016647
600807.SH,-0.06864991,-6.1886935
600808.SH,17.214855,-0.13445988
600809.SH,17.045738,4.861395
600810.SH,7.5877304,-12.677641
600811.SH,-5.532449,18.939625
600812.SH,11.63986,-11.269135
600814.SH,-12.470842,4.31948
600815.SH,20.015732,6.3956246
600816.SH,13.821977,5.95943
600817.SH,0.21101263,-1.8198202
600818.SH,2.5901072,-10.743138
600819.SH,6.8729525,22.104523
600820.SH,0.8322775,12.310323
600821.SH,-20.605677,4.4886823
600822.SH,-8.432617,-16.030127
600824.SH,-12.504887,4.2859287
600825.SH,2.4736621,-18.977184
600826.SH,2.3239386,-11.00912
600827.SH,8.509377,19.604532
600828.SH,-12.492522,4.298141
600829.SH,-2.5151155,16.33696
600830.SH,13.780984,6.000216
600831.SH,-5.4993715,-4.8064175
600833.SH,-2.444214,16.407124
600834.SH,2.7430513,-21.671364
600835.SH,8.132868,16.538666
600837.SH,15.602608,-10.540498
600838.SH,-12.44439,4.3458924
600839.SH,14.612279,2.1846561
600841.SH,11.509254,-1.9671366
600843.SH,18.668846,12.3037
600844.SH,-2.8699868,2.8475335
600845.SH,5.5961804,-2.6215057
600846.SH,0.79701763,12.299663
600847.SH,4.6347218,3.2323284
600848.SH,-10.254966,-9.726276
600850.SH,5.6917763,-3.3280625
600851.SH,11.618118,-11.30337
600853.SH,-0.13810554,11.838141
600854.SH,14.639867,2.1329098
600855.SH,-0.026718795,-1.5756378
600857.SH,-12.473539,4.3170834
600858.SH,-12.489408,4.3012753
600859.SH,-12.457456,4.3330073
600860.SH,1.0930794,-2.0294034
600861.SH,2.3158271,-11.017023
600862.SH,-8.695828,5.2767267
600863.SH,-16.40561,3.33017
600864.SH,15.890917,-10.227728
600865.SH,-12.477875,4.3129263
600866.SH,-16.354937,-2.4283056
600867.SH,6.1211286,10.152645
600868.SH,-14.492379,-1.5867002
600869.SH,5.186822,4.28125
600871.SH,-15.278136,1.332103
600872.SH,15.585263,13.35582
600873.SH,15.864926,13.020512
600874.SH,-10.833356,8.286771
600875.SH,5.500261,4.2005444
600876.SH,6.8620315,22.09358
600877.SH,0.97320944,7.42592
600879.SH,-8.734526,5.23814
600880.SH,17.013372,-4.741265
600881.SH,-17.65772,-6.0298667
600882.SH,22.557089,-2.7430143
600883.SH,14.124339,-16.183939
600884.SH,5.6960115,3.4902582
600885.SH,5.7642894,3.3699813
600886.SH,-14.47872,-1.5992341
600887.SH,22.550823,-2.7311609
600888.SH,14.372923,17.248383
600889.SH,7.639559,-12.625079
600892.SH,-6.8982825,-13.696629
600893.SH,-8.658629,5.3139377
600894.SH,8.129714,16.535816
600895.SH,-10.270456,-9.743775
600897.SH,-10.34921,-2.3439577
600898.SH,-5.492458,10.238933
600900.SH,-14.493485,-1.5850613
600901.SH,13.854257,5.9280124
600903.SH,-0.08398622,21.954063
600905.SH,-20.583435,4.511173
600906.SH,15.870707,-10.2497
600908.SH,7.2531495,13.87465
600909.SH,15.607135,-10.534439
600916.SH,-16.02565,6.251805
600917.SH,-0.17431942,21.860413
600918.SH,15.596019,-10.546457
600919.SH,7.2209377,13.908297
600925.SH,9.1935215,10.090069
600926.SH,7.1683073,13.964532
600927.SH,13.8290615,5.9521494
600928.SH,7.2466683,13.879186
600929.SH,15.804353,12.969943
600933.SH,11.583477,-1.655168
600935.SH,-3.5848806,3.141152
600936.SH,-5.517035,-4.8240633
600938.SH,-15.2684965,1.3243071
600939.SH,0.41811144,12.206026
600941.SH,-6.6872396,-1.114021
600955.SH,-3.5663023,2.767587
600956.SH,-0.05424029,21.978058
600958.SH,15.863184,-10.258114
600959.SH,-5.5324864,-4.8392367
600960.SH,12.38625,-1.6605145
600961.SH,7.781729,-18.615698
600962.SH,-5.662876,-19.172905
600963.SH,11.530355,8.159806
600965.SH,-5.4952126,18.902609
600966.SH,11.590667,8.218528
600967.SH,8.164098,16.567493
600968.SH,-15.277035,1.3310674
600969.SH,-14.545018,-1.5347799
600970.SH,0.51383007,12.217385
600971.SH,9.199656,10.096531
600973.SH,5.223242,4.579461
600975.SH,-5.534875,18.942135
600976.SH,-5.732818,-8.690085
600977.SH,-5.5457196,-4.852515
600979.SH,-14.522303,-1.556324
600980.SH,-0.18077724,-1.3386099
600981.SH,-10.459415,-14.754765
600982.SH,0.116646685,22.141256
600983.SH,14.6814575,2.6267107
600984.SH,19.934977,6.314646
600985.SH,9.20041,10.097467
600986.SH,-6.6559253,-13.927626
600987.SH,-12.442003,-3.8322039
600988.SH,3.8596222,22.004166
600989.SH,-3.489801,3.1938946
600990.SH,-10.608025,0.5498688
600992.SH,-9.100529,16.86521
600993.SH,-5.7637753,-8.351912
600995.SH,-14.5477705,-1.5321792
600996.SH,-5.3187485,-4.6271644
600997.SH,7.2492666,-17.101734
600998.SH,-2.3882291,16.462631
600999.SH,15.602285,-10.542603
601000.SH,-8.880429,12.949481
601001.SH,9.2300005,10.126251
601002.SH,6.3723207,-9.022078
601003.SH,17.216568,-0.13610381
601005.SH,17.23577,-0.1556386
601006.SH,-1.892032,18.534456
601007.SH,11.089571,-17.960993
601008.SH,-8.871901,12.938869
601009.SH,7.2361436,13.892059
601010.SH,-12.626374,4.165061
601011.SH,7.249525,-17.101503
601012.SH,5.5986295,2.5091684
601015.SH,7.249331,-17.102137
601016.SH,-20.555166,4.539423
601018.SH,-8.868879,12.935565
601019.SH,2.5498195,-19.053186
601020.SH,7.7791667,-18.61329
601021.SH,10.223576,19.445396
601022.SH,-5.083048,-2.093047
601028.SH,3.8587952,22.004911
601033.SH,-11.685942,8.529618
601038.SH,-7.3952107,-17.665428
601058.SH,12.073208,-1.5016165
601059.SH,15.97326,-10.142598
601061.SH,-10.484169,-14.736067
601065.SH,-3.5226502,2.94058
601066.SH,15.817853,-10.307823
601068.SH,-0.2303422,11.799417
601069.SH,3.859112,22.00471
601077.SH,7.4684567,13.623995
601083.SH,-5.0879655,-2.0978785
601086.SH,-12.353872,4.4367514
601088.SH,9.203513,10.100129
601089.SH,11.394721,-11.165351
601096.SH,-9.100784,16.866161
601098.SH,2.5509875,-19.054317
601099.SH,15.918582,-10.197471
601100.SH,19.92957,6.309354
601101.SH,9.214732,10.111521
601106.SH,20.150816,6.5314903
601107.SH,-16.419634,-9.660611
601108.SH,15.568966,-10.5733385
601111.SH,10.223567,19.445358
601113.SH,-6.6480737,-13.932454
601116.SH,8.509258,19.604603
601117.SH,0.39922646,12.216114
601118.SH,-10.610274,-8.246478
601121.SH,17.194288,-0.114613615
601126.SH,4.7279296,4.1759896
601127.SH,20.3785,-0.36842072
601128.SH,7.19538,13.934973
601133.SH,-0.4131832,11.879358
601136.SH,15.9682455,-10.148158
601137.SH,16.725021,7.978762
601138.SH,-11.345901,0.4053688
601139.SH,-0.19018555,21.84448
601155.SH,3.3424973,19.474533
601156.SH,20.16221,-6.2615886
601158.SH,-6.095095,14.91874
601162.SH,15.854649,-10.265534
601163.SH,12.711567,-1.6356839
601166.SH,7.190847,13.939429
601168.SH,-9.435179,-6.136561
601169.SH,7.480699,13.611901
601177.SH,6.366598,-9.029565
601179.SH,5.357918,4.7057137
601186.SH,0.8104067,12.294134
601187.SH,7.309612,13.809615
601188.SH,-16.424173,-9.65369
601198.SH,15.606216,-10.535978
601199.SH,-6.070901,14.894337
601200.SH,-10.824442,8.290442
601208.SH,-3.0717847,2.7344909
601211.SH,15.613424,-10.531056
601212.SH,-9.430247,-6.1026
601216.SH,-3.6321023,3.2712843
601218.SH,5.1859837,4.4779663
601222.SH,-20.616446,4.4781013
601225.SH,9.200087,10.096358
601226.SH,-0.13183199,11.846956
601228.SH,-8.870481,12.936999
601229.SH,7.465949,13.629888
601231.SH,-6.125454,10.594333
601233.SH,7.5850463,-12.680344
601236.SH,15.882739,-10.237007
601238.SH,20.360725,-0.35092756
601279.SH,12.258004,-1.8139899
601288.SH,7.484717,13.607642
601298.SH,-8.871611,12.93835
601311.SH,5.5593133,4.679733
601318.SH,-14.494068,-7.9426713
601319.SH,-14.493963,-7.942748
601326.SH,-8.872787,12.939648
601328.SH,7.485189,13.607597
601330.SH,-10.834599,8.291025
601333.SH,-1.892033,18.534552
601336.SH,-14.4938965,-7.942708
601339.SH,-12.486764,-3.8770154
601360.SH,-6.665683,-13.917697
601366.SH,-12.627306,4.1640105
601368.SH,-6.0813107,14.9046755
601369.SH,6.335569,-8.978557
601375.SH,15.583389,-10.560248
601377.SH,15.582734,-10.559313
601388.SH,14.392096,17.228971
601390.SH,0.8252245,12.308517
601398.SH,7.500997,13.59081
601399.SH,20.129469,6.5102396
601456.SH,15.970144,-10.146714
601500.SH,12.70995,-1.600288
601512.SH,-10.241565,-9.711416
601515.SH,16.726305,-4.432548
601518.SH,-16.45049,-9.626546
601519.SH,5.762803,-3.8333907
601528.SH,7.2072444,13.914255
601555.SH,15.618572,-10.522084
601566.SH,-16.037209,6.58483
601567.SH,4.7331433,4.2253532
601568.SH,-3.6206017,3.2422276
601577.SH,7.25296,13.873612
601579.SH,2.6734953,23.001423
601588.SH,3.5784895,19.240763
601595.SH,-5.349668,-4.6580467
601598.SH,20.18355,-6.2828174
601599.SH,-12.677965,-4.0669827
601600.SH,14.377203,17.244093
601601.SH,-14.493844,-7.942742
601606.SH,-0.15425946,-1.4228142
601607.SH,-2.5429718,16.309063
601608.SH,-0.18251863,-1.3684337
601609.SH,-9.43656,-6.1109877
601611.SH,0.8194868,12.307919
601615.SH,5.6793275,3.6401176
601616.SH,5.4729753,4.7929335
601618.SH,0.7639135,12.271066
601619.SH,-20.579954,4.514601
601628.SH,-14.494076,-7.9425488
601633.SH,20.373518,-0.36344346
601636.SH,6.872109,22.103876
601658.SH,7.194032,13.933807
601665.SH,7.198119,13.929232
601666.SH,9.215848,10.112294
601668.SH,0.8014186,12.298225
601669.SH,0.5036283,12.218855
601677.SH,14.452003,17.168484
601678.SH,-3.5937424,3.1322222
601686.SH,-9.063722,16.82646
601688.SH,15.646731,-10.493992
601689.SH,10.764444,-2.2002964
601696.SH,15.833152,-10.289282
601698.SH,-6.6870646,-1.1142546
601699.SH,9.223095,10.119489
601700.SH,5.1100054,4.5434093
601702.SH,14.387337,17.233658
601717.SH,-0.09204558,-1.5123369
601718.SH,-16.001806,6.222298
601727.SH,5.5639396,4.7482123
601728.SH,-6.6870074,-1.1142539
601766.SH,8.144502,16.548676
601777.SH,-13.630593,-9.873737
601778.SH,-20.632103,4.462314
601788.SH,15.842208,-10.280132
601789.SH,0.05166344,11.942218
601798.SH,22.143644,8.538849
601799.SH,10.676417,-2.2400546
601800.SH,0.35329553,12.123059
601801.SH,2.517383,-19.020967
601808.SH,-15.278077,1.3303194
601811.SH,2.5505383,-19.053942
601816.SH,-1.8919977,18.534456
601818.SH,7.4591794,13.637496
601825.SH,7.321062,13.797362
601827.SH,-10.825798,8.283696
601828.SH,19.599848,-11.722131
601838.SH,7.174506,13.956972
601857.SH,-15.277274,1.3307376
601858.SH,2.4237158,-18.92699
601860.SH,7.286029,13.836168
601865.SH,6.892119,22.1231
601866.SH,-5.076278,-2.08786
601868.SH,0.8064139,12.305089
601869.SH,-11.36008,0.45366713
601872.SH,-5.0703053,-2.080924
601877.SH,5.766282,3.4771962
601878.SH,15.84133,-10.281623
601880.SH,-8.869999,12.936446
601881.SH,15.892493,-10.226707
601882.SH,5.5464907,4.0783024
601886.SH,-11.634557,-11.276235
601888.SH,-14.345418,-5.948625
601890.SH,14.219732,-6.3667583
601898.SH,9.212105,10.10881
601899.SH,-9.443067,-6.1166105
601900.SH,2.4623747,-18.965902
601901.SH,15.84852,-10.273491
601908.SH,5.667868,3.7589576
601916.SH,7.4224334,13.680279
601918.SH,9.1836,10.080416
601919.SH,-5.050255,-2.0605788
601921.SH,2.5421822,-19.045578
601928.SH,2.537359,-19.040663
601929.SH,-5.495307,-4.802646
601933.SH,8.50933,19.604683
601939.SH,7.447632,13.63401
601949.SH,2.477288,-18.980879
601952.SH,14.126175,-16.18176
601956.SH,14.6981735,2.6059558
601958.SH,16.852621,7.8513565
601963.SH,7.3021398,13.819816
601965.SH,-8.432273,-16.03016
601966.SH,12.253201,-1.7171899
601968.SH,16.653732,-4.355849
601969.SH,17.193235,-0.113345966
601975.SH,-5.067061,-2.0773385
601985.SH,-20.586493,4.508091
601988.SH,7.4925313,13.598415
601989.SH,14.212563,-6.3519144
601990.SH,15.612061,-10.5292845
601991.SH,-16.343048,3.3932133
601992.SH,22.750937,3.3634856
601995.SH,15.86471,-10.258311
601996.SH,3.772734,-13.856019
601997.SH,7.454474,13.645962
601998.SH,7.188722,13.943041
601999.SH,2.493642,-18.997211
603000.SH,-6.913771,-13.683661
603001.SH,-16.016945,6.2533383
603002.SH,-2.8268387,2.83748
603003.SH,4.824381,3.6272795
603004.SH,-2.728021,1.5523958
603005.SH,1.5188215,7.220943
603006.SH,11.363005,-1.4258559
603007.SH,0.1250531,11.97146
603008.SH,3.4807522,-14.151565
603009.SH,11.175989,-1.3377613
603010.SH,-3.5781343,3.0369077
603011.SH,0.66066587,-2.0706387
603012.SH,-0.192291,-1.3534064
603013.SH,12.521507,-1.6165853
603015.SH,4.709699,3.7908785
603016.SH,5.5909467,4.1250386
603017.SH,0.12010368,11.981393
603018.SH,0.5746395,12.249746
603019.SH,-3.4410365,-12.849005
603020.SH,15.746477,13.045029
603021.SH,3.5808976,-14.051463
603022.SH,16.645279,-4.341138
603023.SH,11.250615,-1.7886921
603025.SH,18.668898,12.303769
603026.SH,-3.597639,1.2420772
603027.SH,15.613465,13.13906
603028.SH,-9.107036,16.872686
603029.SH,-7.394923,-17.665983
603030.SH,-11.612669,-11.298536
603031.SH,5.6637177,3.5111623
603032.SH,1.5272174,-0.82168967
603033.SH,-10.609221,-8.243933
603035.SH,11.837402,-1.7096367
603036.SH,0.17606965,-1.8395444
603037.SH,10.936536,-1.8261112
603038.SH,3.4861376,-14.1460495
603039.SH,5.5672073,-2.4468925
603040.SH,12.14795,-1.6580403
603041.SH,-3.6014273,3.2510004
603042.SH,-10.969809,0.12754348
603043.SH,15.838079,13.098179
603045.SH,16.780872,7.923235
603048.SH,11.5582695,-2.0195324
603050.SH,4.584001,3.118725
603051.SH,0.6780551,14.82637
603052.SH,-4.7692695,9.35146
603053.SH,-0.19750252,21.837397
603055.SH,-12.672922,-4.06237
603056.SH,20.21457,-6.31375
603057.SH,15.62748,13.294498
603058.SH,16.860453,-4.5749655
603059.SH,-17.86132,-0.14611943
603060.SH,0.25688243,12.1938715
603061.SH,1.9972775,6.533616
603062.SH,-11.5852375,14.741869
603063.SH,5.1360044,3.157109
603065.SH,-3.0898175,2.4323084
603066.SH,20.353117,-6.451969
603067.SH,-2.5858135,2.514056
603068.SH,1.3564249,7.095765
603069.SH,2.743033,-21.671593
603070.SH,4.805175,3.5226543
603071.SH,20.044802,-3.543734
603073.SH,-12.602097,-3.9916496
603075.SH,14.883814,2.2137833
603076.SH,0.85000056,-1.1957686
603077.SH,-3.5164487,3.257589
603078.SH,1.2490039,7.415737
603079.SH,15.372041,12.993206
603080.SH,0.09331973,22.117836
603081.SH,-0.0595523,-1.5405746
603082.SH,7.672407,16.13351
603083.SH,-10.688256,0.35595626
603085.SH,11.480043,-1.4038647
603086.SH,3.816845,14.707413
603087.SH,6.4591703,9.792931
603088.SH,0.16079958,-12.288018
603089.SH,12.427077,-1.6009167
603090.SH,0.37926543,-1.5518109
603091.SH,3.3446171,-14.289575
603093.SH,13.83662,5.9448767
603095.SH,18.668886,12.303663
603096.SH,2.4953907,-18.99896
603097.SH,4.5949044,3.0340898
603098.SH,-11.610261,-11.300547
603099.SH,17.662006,10.316195
603100.SH,-0.7521139,-15.89899
603101.SH,-12.409454,4.3809824
603102.SH,0.4536351,-6.5476527
603103.SH,-5.503057,-4.8101163
603105.SH,4.867728,3.6234567
603106.SH,-3.3187108,-12.639734
603107.SH,10.732656,-2.6349037
603108.SH,-2.4024107,16.448765
603109.SH,4.9782677,3.1439455
603110.SH,-11.61468,14.771152
603111.SH,8.119951,16.527388
603112.SH,6.3778887,-9.035619
603113.SH,7.249376,-17.101788
603115.SH,14.402204,17.218834
603116.SH,-15.967704,6.3064175
603117.SH,20.158255,-6.2575502
603118.SH,-11.467357,0.35078812
603119.SH,10.750566,-2.6418643
603121.SH,11.935188,-1.744335
603122.SH,-2.380832,16.470238
603123.SH,13.756363,6.0251393
603125.SH,-2.8804097,1.6465442
603126.SH,-11.345937,8.339701
603127.SH,5.0674233,0.17423995
603128.SH,20.210491,-6.3095517
603129.SH,-13.626238,-9.877948
603130.SH,-12.619002,-4.008648
603131.SH,0.9350752,-1.7698957
603132.SH,7.769372,-18.603376
603135.SH,1.2911546,-1.2986456
603136.SH,17.662588,10.316758
603137.SH,-11.597152,-11.313979
603138.SH,4.4729443,-2.8404396
603139.SH,-5.626287,-8.760748
603150.SH,0.8845233,15.739708
603151.SH,-16.364412,-2.4375932
603153.SH,-0.62460375,11.574009
603155.SH,-3.2916393,1.5743694
603156.SH,-5.6647773,-19.171211
603158.SH,11.58061,-1.9258337
603159.SH,0.025461452,-1.6061084
603160.SH,1.6541439,6.7382774
603161.SH,11.614498,-1.831702
603162.SH,-5.090185,-2.0999796
603163.SH,-0.649067,11.730353
603165.SH,11.521577,8.143768
603166.SH,12.236225,-1.8481009
603167.SH,-5.0552063,-2.066219
603168.SH,11.587327,-11.88396
603169.SH,0.24284829,-1.9102725
603170.SH,15.348115,13.114287
603171.SH,5.4949956,-2.827761
603172.SH,-11.617762,14.774502
603173.SH,6.3600416,-8.569015
603176.SH,-0.38976786,11.69519
603177.SH,-11.769212,8.601341
603178.SH,10.992092,-1.5574754
603179.SH,11.035748,-1.984082
603180.SH,3.5665636,-14.065664
603181.SH,-3.3591793,2.8980062
603182.SH,15.555541,13.099754
603183.SH,0.2906052,12.189893
603185.SH,5.53842,1.4575515
603186.SH,-5.289813,9.853694
603187.SH,6.3712316,-8.3750105
603188.SH,-11.551023,14.706471
603189.SH,4.7161574,-3.3198166
603190.SH,11.120827,-2.3533542
603191.SH,4.9108405,3.553112
603192.SH,-3.21,2.0427375
603193.SH,-17.854599,-0.15219218
603195.SH,14.939139,2.2086089
603196.SH,-16.174627,6.8445024
603197.SH,10.824399,-2.1626017
603198.SH,17.09108,4.903916
603199.SH,17.648893,10.30318
603200.SH,-12.050289,8.581975
603201.SH,10.781505,-2.6489575
603203.SH,0.48765963,-1.0446736
603206.SH,-11.498437,0.45381787
603207.SH,11.250414,-12.481804
603208.SH,3.3673341,-14.266531
603209.SH,-5.0865684,-2.0966094
603211.SH,10.98999,-1.5014408
603212.SH,0.6967645,14.843218
603213.SH,-2.592291,2.4035916
603214.SH,-12.478844,4.311743
603215.SH,14.78719,2.1100621
603216.SH,3.5251732,-14.107234
603217.SH,-3.1937296,1.6887149
603218.SH,5.664617,3.5364604
603219.SH,14.917198,1.8537505
603220.SH,-10.788404,0.32348055
603221.SH,3.711478,-13.919745
603222.SH,0.37425143,-5.9865694
603223.SH,5.323401,3.7533705
603225.SH,7.6019635,-12.663639
603226.SH,3.6289184,-14.003018
603227.SH,-2.6917932,2.733946
603228.SH,-5.9492626,10.390757
603229.SH,11.246791,-12.52047
603230.SH,2.4643762,-18.967813
603231.SH,15.417708,13.337372
603232.SH,4.7369905,-3.4690485
603233.SH,-2.3871143,16.463991
603235.SH,11.326296,-11.27691
603236.SH,-10.440367,0.58894587
603237.SH,15.422225,13.391636
603238.SH,-12.511305,-3.9013743
603239.SH,12.034274,-1.660899
603255.SH,-3.2622163,2.0908697
603256.SH,6.8735366,22.105
603258.SH,-6.9586196,-13.638739
603259.SH,11.054763,-12.612497
603260.SH,-3.5537136,1.2924674
603261.SH,-8.410704,5.561944
603266.SH,11.001076,-1.5167329
603267.SH,-5.3263817,8.779362
603268.SH,3.602126,-14.030258
603269.SH,6.0369234,-8.241535
603270.SH,6.1942344,-8.010588
603272.SH,3.5026965,-14.129954
603273.SH,1.8611972,-1.7067733
603275.SH,-0.79954267,-15.964558
603276.SH,-2.799422,1.5805172
603277.SH,-0.1707872,-1.3622556
603278.SH,-9.128275,16.893492
603279.SH,-11.641961,8.652924
603280.SH,19.933634,6.3129606
603281.SH,-3.37425,2.156327
603282.SH,0.52823853,-1.0684487
603283.SH,1.440098,-1.134761
603285.SH,-2.9278502,1.5651344
603286.SH,11.065527,-1.6083587
603288.SH,15.521755,13.477897
603289.SH,0.011447361,-1.7660191
603290.SH,2.6459038,5.78649
603291.SH,-6.0437136,14.867428
603296.SH,-5.304854,8.964046
603297.SH,-5.3244853,8.89116
603298.SH,19.956472,6.3360033
603299.SH,15.43336,12.886129
603300.SH,13.760073,6.0212793
603301.SH,0.4336521,-6.563721
603303.SH,14.760177,2.4349847
603305.SH,10.708848,-2.62317
603306.SH,11.346917,-2.1144943
603307.SH,2.4265885,-10.9067135
603308.SH,6.3703575,-8.625217
603309.SH,0.0058539775,-6.356175
603310.SH,-2.9189515,1.5840133
603311.SH,14.774098,2.0437014
603312.SH,5.160726,2.7686596
603313.SH,3.6866913,-13.94404
603315.SH,-11.776923,8.713802
603316.SH,-0.25836247,11.7905655
603317.SH,15.405903,13.287379
603318.SH,0.15503573,22.179358
603319.SH,11.820788,-1.7775489
603320.SH,4.8697248,4.305819
603321.SH,8.106514,16.51632
603322.SH,-10.72632,0.33776978
603323.SH,7.2047334,13.92395
603324.SH,-12.090584,8.72391
603325.SH,22.143654,8.538933
603326.SH,3.5930986,-14.039136
603327.SH,-4.9600124,10.413776
603328.SH,-6.258829,10.652233
603329.SH,20.35626,-6.45514
603330.SH,0.685743,14.866985
603331.SH,-0.031322576,-1.547611
603332.SH,7.6212296,-12.643494
603333.SH,4.866715,3.6405406
603335.SH,11.353762,-1.4883797
603336.SH,-5.539951,18.947205
603337.SH,18.668867,12.303765
603338.SH,19.939505,6.319196
603339.SH,-0.19479167,-1.3695725
603341.SH,-10.613007,0.5378516
603344.SH,5.4193273,2.9263747
603345.SH,15.520437,13.489926
603348.SH,10.715478,-2.2250228
603350.SH,4.984691,2.354471
603351.SH,11.456459,-11.700314
603353.SH,-12.652268,-13.044164
603355.SH,14.767146,2.4086971
603356.SH,7.761035,16.220667
603357.SH,0.12135469,11.97766
603358.SH,12.082707,-1.5220525
603359.SH,0.16287936,12.151254
603360.SH,3.7994819,14.725159
603363.SH,-16.356237,-2.4298131
603365.SH,-12.448681,-3.8387928
603366.SH,14.76305,2.022737
603367.SH,11.432172,-11.176688
603368.SH,-2.5113826,16.34063
603369.SH,17.085915,4.898768
603373.SH,20.419323,-6.51816
603375.SH,1.8221333,7.315228
603377.SH,-8.432365,-16.029802
603378.SH,-11.661301,14.818371
603379.SH,-3.255746,2.2456622
603380.SH,-5.881615,10.256186
603381.SH,5.341216,2.8275113
603383.SH,5.3575673,-2.478178
603385.SH,3.7568724,-13.87358
603386.SH,-5.575872,10.442006
603387.SH,-0.03603327,-6.5040245
603388.SH,-0.7650284,11.654127
603389.SH,3.4905627,-14.141665
603390.SH,11.489332,-1.484644
603391.SH,1.4156756,-1.1862054
603392.SH,6.722371,9.50264
603393.SH,0.08874406,22.112852
603396.SH,1.5248164,-0.7329322
603398.SH,4.6365776,3.0816264
603399.SH,16.63947,8.063998
603408.SH,3.7756243,-13.853517
603416.SH,-0.76757854,-15.906653
603421.SH,-11.58127,0.4562752
603429.SH,16.806877,-4.5192904
603439.SH,-5.644683,-8.724319
603444.SH,-7.200924,-13.391041
603456.SH,0.8429463,-6.361631
603458.SH,0.21890584,12.1936865
603466.SH,2.5353506,-10.79792
603477.SH,-5.5666995,18.973906
603486.SH,14.9572,2.2180285
603488.SH,7.8306465,16.286621
603489.SH,5.5357447,1.4266615
603496.SH,-3.1919873,-12.672816
603499.SH,16.995157,-4.720724
603500.SH,7.7846494,16.24307
603501.SH,2.5389009,5.932501
603505.SH,-3.0560076,1.8933275
603506.SH,-5.4745355,22.663467
603507.SH,5.026333,2.9873993
603508.SH,-3.5723224,-12.806473
603511.SH,-16.035006,6.27203
603515.SH,14.714625,2.592412
603516.SH,-3.2674582,-12.703538
603517.SH,15.491422,13.480092
603518.SH,-16.08571,6.660136
603519.SH,14.697526,2.5614455
603520.SH,11.131711,-12.437935
603527.SH,-9.451231,-6.1331053
603528.SH,4.8899403,-3.7451997
603529.SH,-13.62833,-9.876048
603530.SH,4.606927,3.3839152
603533.SH,-6.990679,-13.605724
603535.SH,20.368237,-6.467049
603536.SH,15.230643,13.142241
603538.SH,11.147312,-12.399435
603551.SH,3.77387,-13.856298
603556.SH,-0.6971884,-15.866262
603557.SH,-16.002716,6.3255606
603558.SH,-12.474838,-3.8651102
603559.SH,-11.381714,0.30253044
603565.SH,-5.1131277,-2.1229022
603566.SH,-5.4804196,18.887625
603567.SH,-5.6892176,-8.318489
603568.SH,-11.345408,8.471072
603569.SH,5.029726,3.8224885
603577.SH,5.118177,4.4026947
603578.SH,14.741765,2.3585258
603579.SH,14.810355,2.448417
603580.SH,0.7024206,15.266698
603583.SH,5.675639,3.4520934
603585.SH,3.4996994,15.027541
603586.SH,12.022279,-1.6448299
603587.SH,-16.003387,6.2536716
603588.SH,-11.229295,8.453131
603589.SH,17.072803,4.8856745
603590.SH,6.2195106,10.051401
603595.SH,-5.188411,9.182721
603596.SH,10.773669,-2.1914449
603598.SH,-7.0650496,-13.528245
603599.SH,3.7085211,14.816269
603600.SH,3.7747731,-13.855657
603601.SH,6.890156,22.121988
603602.SH,-11.58598,0.4733542
603605.SH,-17.857058,-0.14952596
603606.SH,5.343158,3.0840786
603607.SH,11.482291,8.110203
603608.SH,-16.095331,6.713939
603609.SH,-16.369123,-2.4420407
603610.SH,3.4797306,-14.15326
603611.SH,0.123848595,-1.6184696
603612.SH,13.318427,10.491683
603613.SH,-7.20443,-13.390134
603615.SH,3.6646593,-13.966901
603616.SH,22.72814,3.3405426
603617.SH,6.238957,-8.517654
603618.SH,5.3253098,4.617258
603619.SH,-15.294341,1.3346261
603626.SH,-5.058272,10.530501
603628.SH,4.58427,3.1170566
603629.SH,-4.6537886,10.052021
603630.SH,-17.859825,-0.14724891
603633.SH,11.526689,-1.946714
603636.SH,4.6268225,-3.48997
603637.SH,0.3982975,12.178458
603638.SH,0.27689937,-1.0110316
603639.SH,3.5364614,14.990789
603648.SH,20.25199,-6.3511786
603650.SH,-3.2767398,2.0348551
603655.SH,11.369776,-2.0828083
603656.SH,0.11242943,-1.8095087
603657.SH,14.815318,2.2892907
603658.SH,0.47053942,-6.574008
603659.SH,-3.5858634,1.262524
603660.SH,-3.5499845,-12.737617
603661.SH,3.5629246,-14.069205
603662.SH,-0.65117127,-15.895606
603663.SH,16.586145,8.11561
603665.SH,-16.110312,6.7381887
603666.SH,1.3329463,-0.9098818
603667.SH,5.9266047,-8.172563
603668.SH,-16.308922,-2.382228
603669.SH,11.701567,-11.365378
603676.SH,11.646333,-11.672148
603677.SH,14.698471,2.5764363
603678.SH,-5.474661,9.260944
603679.SH,4.785415,3.549384
603680.SH,8.05468,16.472792
603681.SH,-3.4709373,2.620459
603682.SH,-5.4745283,22.66332
603683.SH,-2.8658721,2.6826463
603685.SH,5.455717,4.618628
603686.SH,-10.954252,8.334909
603687.SH,16.690111,-4.3939195
603688.SH,13.23857,10.577755
603689.SH,-0.014647747,22.01437
603690.SH,1.3182015,7.123894
603693.SH,-20.605959,4.4883685
603696.SH,15.358958,12.984462
603697.SH,15.526299,13.102081
603698.SH,-0.17185333,-1.3744031
603699.SH,6.304375,-8.919282
603700.SH,-0.92431295,-15.556967
603701.SH,11.383074,-1.424996
603703.SH,-5.2016864,10.603794
603706.SH,0.028364617,22.054136
603707.SH,6.2951736,9.969597
603708.SH,8.509348,19.604668
603709.SH,3.5511785,-14.081171
603711.SH,-5.663162,-19.172768
603712.SH,-11.564821,0.5291729
603713.SH,20.28208,-6.3810825
603716.SH,-2.4068127,16.444635
603717.SH,-5.500045,18.90728
603718.SH,-5.3869395,18.794912
603719.SH,15.474734,13.433091
603721.SH,-5.299712,-4.608441
603722.SH,-3.3663902,2.2072964
603725.SH,0.7520152,15.438333
603726.SH,14.686792,2.258791
603727.SH,-15.292696,1.3313533
603728.SH,4.986474,2.7868266
603729.SH,16.989626,-4.716156
603730.SH,11.143759,-2.005834
603733.SH,11.537431,8.164427
603737.SH,-11.661615,14.818046
603738.SH,-5.188907,9.429947
603739.SH,-5.439017,18.846613
603755.SH,15.517734,13.402989
603757.SH,6.3348775,-8.866543
603758.SH,11.946142,-1.654534
603759.SH,-6.1000943,14.923188
603766.SH,-13.64853,-9.856716
603767.SH,11.203546,-1.4088297
603768.SH,11.810875,-1.8228617
603773.SH,-4.6649795,10.067455
603776.SH,2.743023,-21.67166
603777.SH,15.38552,13.069467
603778.SH,4.563517,3.2341528
603779.SH,4.778211,3.9032102
603786.SH,10.831754,-2.166087
603787.SH,-13.631249,-9.873341
603788.SH,12.415146,-1.5975956
603789.SH,-7.3953576,-17.66554
603790.SH,-11.553663,14.708998
603797.SH,-10.865092,8.304936
603798.SH,-12.790717,-8.417726
603799.SH,16.392235,8.287925
603800.SH,1.0171171,-1.9118433
603801.SH,3.3879642,-14.2454405
603803.SH,-11.222113,0.13399795
603806.SH,0.6910896,14.829232
603808.SH,-16.016472,6.265569
603809.SH,11.423082,-2.028771
603810.SH,3.7604258,14.764117
603811.SH,11.491729,-11.998026
603813.SH,5.277084,3.9410355
603815.SH,0.4876092,12.232881
603816.SH,3.425997,-14.207298
603817.SH,-10.901914,8.29757
603818.SH,3.5274696,-14.104939
603819.SH,5.4095397,4.3423758
603822.SH,-3.2817552,1.9791805
603823.SH,-11.583694,14.739723
603825.SH,-7.0843678,-13.511321
603826.SH,-11.589785,14.746019
603828.SH,-11.634754,-11.275618
603829.SH,4.8055863,4.3102283
603833.SH,3.3892608,-14.244058
603836.SH,20.328196,-6.4268894
603838.SH,3.6482568,-13.9836855
603839.SH,-16.057468,6.618037
603843.SH,-0.3474905,11.761863
603848.SH,3.723355,-13.908311
603855.SH,-0.14484031,-1.3383425
603856.SH,0.8887727,15.728291
603858.SH,-5.7508745,-8.275019
603859.SH,5.4822593,-2.7166696
603860.SH,-0.3650965,11.750688
603861.SH,5.129168,4.4531817
603863.SH,11.501241,8.12995
603866.SH,15.477406,13.345839
603867.SH,-3.2463474,2.2442348
603868.SH,14.913101,2.2454562
603869.SH,5.6684613,-3.6041641
603871.SH,20.409931,-6.5088215
603876.SH,14.441425,17.178825
603877.SH,-16.018301,6.434219
603878.SH,-9.129285,16.894213
603879.SH,-2.6649766,2.0083978
603880.SH,-0.26831487,-6.48677
603881.SH,5.4655905,-2.892173
603882.SH,0.9433652,-6.334214
603883.SH,-2.4287999,16.422112
603885.SH,10.223606,19.445375
603886.SH,15.825013,13.104754
603887.SH,4.81711,-3.6385088
603888.SH,-6.913477,-13.684236
603889.SH,-12.684224,-4.073261
603890.SH,-5.68794,10.74108
603893.SH,1.9765741,6.549835
603895.SH,1.0258305,-1.9536239
603896.SH,-5.764882,-8.584825
603897.SH,5.345025,3.1051784
603898.SH,3.7545466,-13.8762045
603899.SH,2.3270693,-11.006063
603900.SH,-16.12718,6.765893
603901.SH,0.07867169,-1.2587435
603903.SH,-11.059341,8.350827
603906.SH,5.5562825,3.1424174
603908.SH,-12.699699,-4.0897737
603909.SH,0.17812675,12.181033
603912.SH,1.2660542,-1.6132377
603915.SH,6.3216505,-8.245519
603916.SH,-3.4117773,2.7304451
603917.SH,10.945346,-1.6286732
603918.SH,4.3534536,-2.815137
603919.SH,17.091013,4.9035993
603920.SH,-5.0865107,10.580761
603922.SH,11.85895,-1.7632722
603926.SH,12.247187,-1.8058113
603927.SH,5.669053,-3.2529793
603928.SH,-2.900457,2.9144697
603929.SH,-11.624407,-11.286872
603931.SH,-3.2020116,2.1524684
603933.SH,-5.1285973,10.603448
603936.SH,-5.5968294,10.423652
603937.SH,14.396827,17.224312
603938.SH,-3.219058,1.5100424
603939.SH,-2.4051154,16.44642
603948.SH,-3.2062876,2.3099892
603949.SH,11.62631,-1.9749023
603950.SH,11.976546,-1.8004122
603955.SH,-0.2178034,11.883904
603956.SH,0.1311272,-1.2550876
603958.SH,-16.153522,6.8146076
603959.SH,-0.46302903,11.845566
603960.SH,11.311372,-2.0925457
603963.SH,-5.5012174,-9.063802
603966.SH,0.00199168,-1.7140102
603967.SH,20.33877,-6.4375277
603968.SH,-3.2581027,2.9161916
603969.SH,10.620696,-7.3045964
603970.SH,3.695886,14.829089
603976.SH,0.01751175,-6.5819817
603977.SH,-3.0886612,3.0576968
603978.SH,16.653778,8.049106
603979.SH,-9.458072,-6.1249504
603980.SH,-11.533717,14.688698
603982.SH,10.673857,-2.4734735
603983.SH,-17.886608,-0.120329805
603985.SH,4.9900136,2.6545906
603986.SH,2.0308669,6.493025
603987.SH,-0.01286299,-6.557146
603988.SH,4.564737,3.207758
603989.SH,-6.220806,10.460548
603990.SH,5.202009,-2.9577947
603991.SH,0.7548734,15.497434
603992.SH,3.7566803,-13.874241
603993.SH,16.858467,7.8453765
603995.SH,-12.776558,18.479622
603997.SH,11.27465,-1.4085826
603998.SH,-5.652603,-8.736855
603999.SH,2.4842176,-18.987894
605001.SH,7.7782702,16.236292
605003.SH,-12.497035,-3.8870277
605005.SH,12.305115,-1.662586
605006.SH,6.8882427,22.120914
605007.SH,11.514102,8.1408415
605008.SH,-10.6096,-8.244311
605009.SH,11.529357,8.15655
605011.SH,0.1659083,22.18991
605016.SH,15.300945,13.231943
605018.SH,12.323454,-1.7679065
605020.SH,-3.1443,1.7970947
605028.SH,0.13312277,22.158117
605033.SH,3.668082,14.857912
605050.SH,20.374878,-6.473621
605055.SH,-12.593648,-3.983103
605056.SH,-0.89408857,-15.569275
605058.SH,-6.2520714,10.57724
605060.SH,6.3216734,-8.911796
605066.SH,5.663986,4.313355
605068.SH,11.284343,-2.1629338
605069.SH,-11.967332,8.671439
605077.SH,15.4853735,13.403823
605080.SH,2.4455152,-10.887536
605081.SH,-11.930301,8.680187
605086.SH,13.3546,10.45319
605088.SH,12.079539,-1.5207584
605089.SH,15.508481,13.457906
605090.SH,0.15213726,22.17665
605098.SH,2.4758174,-10.857786
605099.SH,2.305294,-11.027543
605100.SH,6.3236356,-8.280628
605108.SH,11.089621,-17.960957
605111.SH,2.4085405,6.1018906
605116.SH,11.4964695,-11.730195
605117.SH,5.4697566,1.2150499
605118.SH,-5.122219,10.622368
605122.SH,22.756184,3.3687508
605123.SH,-8.51095,5.4613905
605128.SH,10.749403,-2.2124567
605133.SH,10.970591,-1.6894737
605136.SH,19.59986,-11.722182
605138.SH,-16.088543,6.676762
605151.SH,12.078355,-1.7180113
605155.SH,3.4836276,-14.149146
605158.SH,-9.060387,16.824984
605162.SH,0.20078023,22.224657
605166.SH,7.593511,-12.671901
605167.SH,0.121748805,11.97863
605168.SH,-7.203076,-13.391531
605169.SH,0.19555655,22.219318
605177.SH,11.371286,-11.425335
605178.SH,-11.58261,-11.327641
605179.SH,22.555023,-2.7396638
605180.SH,-12.705015,-4.094716
605183.SH,-3.4409103,3.1345012
605186.SH,1.0683427,-1.3418102
605188.SH,8.509319,19.60476
605189.SH,-12.533709,-3.9236476
605196.SH,5.2441177,4.4996924
605198.SH,-5.663147,-19.17274
605199.SH,-5.6511497,-8.636417
605208.SH,14.434782,17.18592
605218.SH,-4.834094,10.35733
605222.SH,5.620565,4.117555
605228.SH,11.696368,-1.5238209
605255.SH,11.976886,-1.7570145
605258.SH,-5.611054,10.30174
605259.SH,-7.395181,-17.665838
605266.SH,-2.4195633,16.431818
605268.SH,3.7520726,-13.879174
605277.SH,-4.761816,9.694746
605286.SH,7.6710243,16.13197
605287.SH,-11.614049,-11.297623
605288.SH,5.7050357,3.43838
605289.SH,-0.7099637,11.625823
605296.SH,-5.4570475,18.864285
605298.SH,7.756705,16.216726
605299.SH,2.4547415,-10.878517
605300.SH,22.554808,-2.7396202
605303.SH,0.17599048,12.1701975
605305.SH,19.930752,6.3103514
605318.SH,10.566946,-7.2519054
605319.SH,12.054592,-1.5351082
605333.SH,11.029906,-1.4277971
605336.SH,14.828505,2.3590171
605337.SH,22.567839,-2.753772
605338.SH,15.658254,13.319839
605339.SH,15.78857,13.164275
605358.SH,2.0521975,6.540004
605365.SH,14.749337,2.3875775
605366.SH,-2.6296163,1.8633362
605368.SH,0.01272452,22.03967
605369.SH,5.059756,0.16996987
605376.SH,16.461182,8.223194
605377.SH,11.506233,8.133505
605378.SH,4.9992213,3.3969147
605388.SH,22.555529,-2.7414382
605389.SH,6.334293,-8.317447
605398.SH,5.065095,-2.2863505
605399.SH,-3.23822,1.6063082
605488.SH,0.6789472,14.883457
605499.SH,-5.6633244,-19.17254
605500.SH,11.498015,8.125492
605507.SH,11.345958,-11.274385
605555.SH,14.968688,1.991652
605566.SH,-11.564479,14.720178
605567.SH,15.498516,13.084987
605577.SH,2.3705492,-18.873755
605580.SH,0.17439209,22.198818
605588.SH,-5.1035957,9.796852
605589.SH,-3.2591584,2.302628
605598.SH,-0.7024227,11.627721
605599.SH,-15.971441,6.309422
688001.SH,0.6289526,-1.2239827
688002.SH,-10.565343,0.5862976
688003.SH,0.7116986,-1.1644208
688004.SH,5.227689,-2.4026585
688005.SH,5.5875387,1.8926042
688006.SH,5.575928,2.0927286
688007.SH,-5.531092,10.009388
688008.SH,1.5499777,6.793711
688009.SH,8.146455,16.550379
688010.SH,-6.0300527,10.438715
688011.SH,-5.4799995,9.722491
688012.SH,2.0131443,6.5070734
688013.SH,-0.0193487,-6.5454936
688015.SH,7.7411003,16.200672
688016.SH,5.1281986,0.2867814
688017.SH,6.1255374,-7.7764106
688018.SH,2.18271,6.3474665
688019.SH,2.533983,5.935329
688020.SH,-5.1631184,8.952444
688021.SH,10.744311,-2.6196868
688022.SH,1.5681524,-0.9341877
688023.SH,5.4852915,-1.6256354
688025.SH,1.4723378,-1.0021336
688026.SH,1.0894502,-6.219321
688027.SH,-10.473297,0.5625169
688028.SH,6.180381,-7.995093
688029.SH,5.102563,0.2387065
688030.SH,5.6826053,-3.3453996
688031.SH,5.451434,-1.6859944
688032.SH,5.3623085,0.97327346
688033.SH,5.1319594,2.8234625
688035.SH,1.9143555,6.8904505
688036.SH,-10.459957,0.56534857
688037.SH,2.5172334,5.955066
688038.SH,5.5593348,-3.4471328
688039.SH,5.154765,-1.9566672
688041.SH,1.8874773,6.6783977
688045.SH,1.8593882,6.83828
688046.SH,6.4127684,9.83459
688047.SH,1.9588354,6.5769587
688048.SH,2.2184482,6.3539324
688049.SH,1.4012485,7.1297336
688050.SH,5.1260934,0.28389186
688051.SH,5.3098865,-2.457656
688052.SH,2.648559,5.786486
688053.SH,-5.272738,9.024572
688055.SH,-6.312622,10.682136
688056.SH,-0.73979485,-16.182068
688057.SH,-11.153656,8.447233
688058.SH,5.375049,-1.8769568
688059.SH,6.1564426,-7.8047028
688060.SH,-3.4185405,-12.94615
688061.SH,2.0123968,6.6122413
688062.SH,6.4387345,9.807856
688063.SH,5.4917803,1.2576913
688065.SH,-3.546351,1.2996125
688066.SH,5.398543,-1.8603985
688067.SH,0.03907251,-6.5129356
688068.SH,5.065557,0.17467439
688069.SH,-11.770984,8.704025
688070.SH,-8.431766,5.5409703
688071.SH,1.643841,-1.0426234
688072.SH,2.6070318,5.840423
688073.SH,11.0341625,-12.649913
688075.SH,5.0975738,0.23981239
688076.SH,6.536016,9.705862
688077.SH,13.270216,10.545266
688078.SH,5.4835353,-2.4345727
688079.SH,-5.539774,10.289114
688080.SH,-10.485522,0.5383372
688081.SH,5.2980895,-2.8551712
688082.SH,1.9407008,6.582803
688083.SH,5.4946065,-1.5980718
688084.SH,1.3097054,-0.79699343
688085.SH,0.1602961,-6.4108667
688087.SH,-11.899498,8.721516
688088.SH,5.398838,-2.7481742
688089.SH,15.442593,13.416157
688090.SH,1.0368816,-1.9058944
688091.SH,11.040084,-12.644931
688092.SH,0.6410469,-1.160463
688093.SH,-3.2938318,2.1629434
688095.SH,5.4516873,-1.6801771
688096.SH,-11.580616,8.551611
688097.SH,0.8353997,-1.1923825
688098.SH,-5.34104,18.748806
688099.SH,1.9790547,6.545516
688100.SH,-11.369954,0.43185282
688101.SH,-11.295371,8.410181
688102.SH,-9.44989,-6.1338606
688103.SH,-5.1763678,8.992108
688105.SH,6.6670747,9.563264
688106.SH,-3.3684957,2.9789433
688107.SH,1.960545,6.8338366
688108.SH,0.31692618,-5.987253
688109.SH,5.4003944,-2.536244
688110.SH,1.3535649,7.1682243
688111.SH,5.498638,-1.5882454
688112.SH,-0.741263,-16.292448
688113.SH,0.8913804,-1.015368
688114.SH,5.02471,0.12206644
688115.SH,-0.7160225,-16.118963
688116.SH,-3.5855968,1.2587618
688117.SH,6.477777,9.766247
688118.SH,5.056437,-2.9819994
688119.SH,10.589164,-7.275137
688120.SH,2.5911558,5.8665395
688121.SH,1.1919888,-1.352193
688122.SH,16.388605,8.292928
688123.SH,1.8720193,6.679695
688125.SH,0.96413773,-1.0240378
688126.SH,0.91005224,7.30361
688127.SH,-5.1721663,10.537924
688128.SH,0.58714294,-1.1701938
688129.SH,-11.54877,14.703941
688130.SH,1.4065962,7.114291
688131.SH,11.014754,-12.64681
688132.SH,-11.460076,0.4863004
688133.SH,-3.5873313,1.25884
688135.SH,1.5307387,7.175904
688136.SH,6.3563085,9.8978815
688137.SH,6.594793,9.64223
688138.SH,1.1551045,7.55749
688139.SH,0.98765796,-6.303416
688141.SH,1.8089448,7.274919
688143.SH,-10.56666,0.55410236
688146.SH,1.2700058,7.159247
688147.SH,1.4143938,-1.5071287
688148.SH,5.2010884,2.7836788
688150.SH,-4.647932,10.140563
688151.SH,0.0140692955,-6.618313
688152.SH,5.4709125,-1.654391
688153.SH,1.6789855,6.872316
688155.SH,5.5681744,1.9802362
688156.SH,-16.363058,-2.4366572
688157.SH,-11.669203,14.825844
688158.SH,5.3308096,-2.895136
688159.SH,-10.739843,0.30948532
688160.SH,-0.66939956,-16.19296
688161.SH,0.9261024,-6.3365088
688162.SH,1.3172452,-0.82373434
688163.SH,6.3948083,9.855567
688165.SH,0.030969191,-1.7376771
688166.SH,11.442358,-12.229518
688167.SH,-5.30005,8.789471
688168.SH,5.451231,-2.5236735
688169.SH,5.368064,0.972735
688170.SH,1.470439,-1.3977149
688171.SH,5.412942,-2.9451308
688172.SH,0.9557503,7.3404937
688173.SH,1.7915252,7.3268743
688175.SH,-10.608437,0.54041547
688176.SH,11.449356,-12.039041
688177.SH,6.39077,9.86204
688178.SH,-11.331066,8.512217
688179.SH,11.151831,-12.570612
688180.SH,6.6164427,9.619177
688181.SH,-5.455178,9.531152
688182.SH,-10.724349,0.22276844
688183.SH,-5.1571393,10.625321
688184.SH,5.735125,3.503227
688185.SH,6.748234,9.474315
688186.SH,-12.776568,18.479643
688187.SH,7.7021446,16.162527
688188.SH,1.5905813,-0.69382244
688189.SH,11.248404,-12.429952
688190.SH,13.279047,10.535923
688191.SH,4.7939963,-3.2189496
688192.SH,6.4511595,9.797608
688193.SH,0.6021253,-6.5016026
688195.SH,-4.6219635,9.703368
688196.SH,-11.934536,8.736374
688197.SH,11.355897,-12.234335
688198.SH,5.1283083,0.27450505
688199.SH,-3.378769,2.2300239
688200.SH,2.665281,5.754215
688201.SH,5.2359223,-1.8978544
688202.SH,5.352906,0.90726006
688203.SH,0.92560685,15.7565365
688205.SH,-10.466206,0.48918167
688206.SH,1.4655602,7.2534223
688207.SH,5.205436,-2.3306925
688208.SH,-3.3381786,-12.947912
688209.SH,1.2193913,7.452152
688210.SH,-5.076105,9.703974
688211.SH,0.5375954,-0.85867536
688212.SH,0.6184282,-6.4145055
688213.SH,1.6425569,7.0449524
688215.SH,0.5078306,-1.0147233
688216.SH,1.71803,7.2674255
688217.SH,1.0273778,-6.2474494
688218.SH,1.0882212,-1.9500422
688219.SH,0.9049253,15.745529
688220.SH,1.5284646,6.8175836
688221.SH,6.4131846,9.833301
688222.SH,11.434135,-12.028122
688223.SH,5.3035517,3.9261937
688225.SH,5.4505258,-2.9384196
688226.SH,4.6152253,3.1345963
688227.SH,5.5023136,-2.989544
688228.SH,5.2442513,-2.369263
688229.SH,5.226033,-2.3286266
688230.SH,2.0661535,6.515878
688231.SH,-8.590773,5.3817105
688232.SH,5.475574,-2.4571753
688233.SH,1.9434223,6.816866
688234.SH,1.8443894,6.688332
688235.SH,6.5930023,9.644174
688236.SH,0.30429542,-6.398663
688237.SH,-8.457153,5.515133
688238.SH,0.8382152,-5.96678
688239.SH,-8.47053,5.501516
688244.SH,5.2764072,-1.8418075
688246.SH,5.468466,-2.785973
688247.SH,11.491672,-12.3677845
688248.SH,5.0602117,2.7805355
688249.SH,0.8698283,7.309929
688251.SH,1.2595035,-1.3104678
688252.SH,1.189735,7.5141025
688253.SH,0.3794426,-6.2129135
688255.SH,6.1042314,-7.969135
688256.SH,2.4929504,5.985578
688257.SH,6.274247,-8.091725
688258.SH,5.1440043,-2.1012805
688259.SH,1.9862589,6.7184243
688260.SH,-4.656554,9.715586
688261.SH,2.612254,5.8349023
688262.SH,1.8720305,7.0925884
688265.SH,0.79480463,-6.421256
688266.SH,6.493217,9.753117
688267.SH,-3.415369,2.252323
688268.SH,-3.3854036,1.6155555
688269.SH,-3.516657,1.3316286
688270.SH,2.1756399,6.424061
688271.SH,5.0981884,0.22961555
688272.SH,-5.3587966,9.556157
688273.SH,0.5724364,-6.4033785
688275.SH,5.539638,1.4427693
688276.SH,6.565187,9.674106
688277.SH,0.08353507,-6.409113
688278.SH,6.48228,9.764521
688279.SH,1.9401047,6.564971
688280.SH,10.755366,-2.4423904
688281.SH,-8.504797,5.467634
688282.SH,-10.571865,0.5953273
688283.SH,-0.7353462,-16.25184
688285.SH,7.885439,16.332016
688286.SH,1.8995087,6.8070774
688287.SH,-8.443278,5.528811
688288.SH,-3.3064752,-12.832784
688289.SH,0.8906893,-6.3404913
688290.SH,1.5107598,-0.9630937
688291.SH,5.4911103,-2.9528537
688292.SH,-10.648326,0.29456213
688293.SH,6.6712203,9.557367
688295.SH,7.6348047,-12.630433
688296.SH,5.329036,-2.6099703
688297.SH,-8.620875,5.35155
688298.SH,5.1382036,0.29186404
688299.SH,-6.0655866,10.457394
688300.SH,13.252653,10.563306
688301.SH,5.278371,0.68262875
688302.SH,6.5179853,9.721868
688303.SH,5.7653127,3.3501186
688305.SH,0.167391,-12.282114
688306.SH,0.00615206,-1.6058589
688307.SH,-5.255785,9.669524
688308.SH,6.1885533,-7.893046
688309.SH,-11.558636,8.577797
688310.SH,0.8427842,-6.0237203
688311.SH,-5.229927,8.9072895
688312.SH,0.12337408,-1.5480074
688313.SH,-11.127234,0.18487643
688314.SH,1.0449934,-6.222624
688315.SH,0.86442375,-6.039063
688316.SH,5.117439,-2.082265
688317.SH,0.9786164,-6.2664294
688318.SH,5.4475117,-1.6810923
688319.SH,6.3996367,9.847588
688320.SH,-0.6258134,-16.109133
688321.SH,11.318827,-11.499237
688322.SH,-4.737199,9.54502
688323.SH,0.6969892,14.845708
688325.SH,1.646329,7.0771265
688326.SH,10.638175,-2.2755067
688327.SH,4.613681,-2.080362
688328.SH,1.4096771,-1.422223
688329.SH,1.0654209,-1.2565373
688330.SH,5.605371,1.9322808
688331.SH,6.6153917,9.620065
688332.SH,1.6038958,6.776588
688333.SH,6.138339,-7.783477
688334.SH,5.5668597,4.703811
688335.SH,-11.889702,8.689835
688336.SH,6.1464553,10.12712
688337.SH,-0.74216044,-16.292814
688338.SH,0.56367594,-6.542908
688339.SH,10.632969,-2.3039951
688343.SH,5.3177705,-1.9481553
688345.SH,5.401838,2.5138214
688347.SH,1.2529286,7.0957003
688348.SH,5.4150667,1.0589303
688349.SH,5.7711434,3.6832368
688350.SH,-3.4686804,2.9764626
688351.SH,0.41138873,-6.0492325
688352.SH,1.1045567,7.4429855
688353.SH,-3.4210646,1.4014564
688355.SH,6.1067696,-7.957596
688356.SH,11.053268,-12.624437
688357.SH,-3.5799596,1.2687755
688358.SH,0.59426355,-6.372663
688359.SH,-3.3328538,1.5775324
688360.SH,6.3104467,-8.271655
688361.SH,1.6420758,6.7477894
688362.SH,1.7035322,7.2575145
688363.SH,5.08933,0.21183813
688365.SH,4.791146,-2.8833077
688366.SH,5.056063,0.16298123
688367.SH,7.765913,16.225077
688368.SH,2.601752,5.848572
688369.SH,5.4199357,-1.9706361
688370.SH,-11.386083,8.5497675
688371.SH,-5.177815,9.765722
688372.SH,2.249859,6.320263
688373.SH,11.424923,-12.053088
688375.SH,-5.3574295,8.88038
688376.SH,0.63543063,-1.179244
688377.SH,0.6055298,-1.4559027
688378.SH,1.6237913,-0.9815385
688379.SH,6.3286257,-8.866932
688380.SH,1.3320551,7.1765385
688381.SH,1.3777,7.135416
688382.SH,6.4368033,9.809142
688383.SH,1.538282,-0.7415366
688385.SH,1.6921649,6.816121
688386.SH,-3.2996552,1.6971769
688387.SH,-11.627408,0.47923043
688388.SH,5.5860667,1.9355488
688389.SH,0.08104651,-6.345814
688390.SH,5.473259,1.200161
688391.SH,2.2914052,6.2587266
688392.SH,1.5681792,-0.70928824
688393.SH,0.17054482,-6.409706
688395.SH,6.360441,-8.4816885
688396.SH,1.2086664,7.011686
688398.SH,13.283064,10.529171
688399.SH,5.0788565,0.1885089
688400.SH,1.035154,-1.4347252
688401.SH,1.7664574,7.272989
688403.SH,1.0240622,7.399227
688408.SH,5.5753217,1.8503863
688409.SH,2.230924,6.3467965
688410.SH,0.8809116,-6.0047083
688416.SH,1.9017016,6.9674563
688418.SH,-10.70202,0.21042585
688419.SH,1.7555753,7.2977133
688420.SH,0.49690968,-0.9260498
688425.SH,20.134039,6.514616
688426.SH,6.5598764,9.677825
688428.SH,6.3497963,9.899678
688429.SH,5.116381,2.8563411
688432.SH,0.9364162,7.356757
688433.SH,1.1389201,-1.3529178
688435.SH,5.43004,-1.7523082
688439.SH,-5.3695583,8.87243
688443.SH,6.450589,9.79255
688448.SH,0.69174266,-1.2374666
688450.SH,-0.7055528,-16.18048
688455.SH,6.353097,-8.9200945
688456.SH,-9.456639,-6.1335816
688458.SH,2.0648594,6.6329985
688459.SH,8.166004,16.569468
688466.SH,-11.493056,8.532462
688468.SH,0.17509095,-6.2185173
688469.SH,0.84372926,7.349687
688472.SH,4.7585006,3.7454104
688475.SH,-3.4274497,-12.887543
688478.SH,1.793287,7.237761
688479.SH,5.6954074,-3.4154592
688480.SH,-11.847148,8.626362
688484.SH,1.3616875,7.1511736
688485.SH,7.8046017,16.263494
688486.SH,2.0297325,6.5756936
688488.SH,6.3211975,9.93445
688489.SH,-3.2892303,-12.896528
688496.SH,-4.5100775,9.539115
688498.SH,2.490548,5.990446
688499.SH,1.5904678,-0.6680447
688500.SH,-6.958309,-13.640284
688501.SH,-12.099536,8.6384115
688502.SH,-5.3275256,8.773882
688503.SH,5.563875,1.9121999
688505.SH,11.401961,-11.227637
688506.SH,11.041945,-12.636196
688507.SH,5.481623,-1.6532849
688508.SH,2.0265665,6.54783
688509.SH,5.6940975,-3.615041
688510.SH,-8.586171,5.386846
688511.SH,-5.3320694,9.527328
688512.SH,1.762748,7.346438
688513.SH,11.239216,-11.578764
688515.SH,2.452489,6.041891
688516.SH,1.5897073,-0.68216115
688517.SH,4.637807,3.3594382
688518.SH,1.0954368,-1.2870966
688519.SH,-5.3858294,9.652893
688520.SH,6.508491,9.737938
688521.SH,1.7831987,6.731706
688522.SH,-10.504304,0.47625405
688523.SH,-8.438152,5.534273
688525.SH,1.9417453,6.694498
688526.SH,-5.457748,18.865
688528.SH,-0.93378776,-15.514639
688529.SH,0.77700454,-1.2720766
688530.SH,1.7980099,7.354177
688531.SH,1.5562398,-0.70710635
688533.SH,10.657677,-2.21249
688535.SH,1.9881998,6.70782
688536.SH,5.3166814,0.97199404
688538.SH,0.8842351,7.313005
688539.SH,-0.74047303,-16.139996
688543.SH,0.87114906,-1.1441388
688548.SH,-3.0768104,2.5144727
688549.SH,-5.3206363,9.83644
688550.SH,-3.4471483,1.3950732
688551.SH,1.3041532,-1.0568378
688552.SH,-11.542864,0.5122228
688553.SH,11.302426,-11.325985
688556.SH,1.5853661,-0.84783953
688557.SH,0.5624791,-1.0788653
688558.SH,0.15691543,-12.292483
688559.SH,1.3896137,-0.9476093
688560.SH,5.25359,2.6757035
688561.SH,5.549576,-2.2999554
688562.SH,5.4132905,-2.935735
688563.SH,-8.6723385,5.2999783
688565.SH,-12.026471,8.638334
688566.SH,11.4691515,-11.918846
688567.SH,5.61813,3.4153757
688568.SH,5.5132136,-2.2974343
688569.SH,7.713407,16.174318
688570.SH,0.2538771,-0.9850486
688571.SH,-11.53954,14.694804
688573.SH,1.5464622,-1.2734457
688575.SH,0.42484996,-6.159482
688576.SH,1.0583706,-6.246321
688577.SH,0.17363185,-12.2757435
688578.SH,11.437876,-11.928393
688579.SH,4.810271,-3.1425836
688580.SH,1.0720922,-6.2156997
688581.SH,5.04541,0.14541696
688582.SH,-0.70266277,-16.09405
688584.SH,0.9604473,7.3193746
688585.SH,-2.926135,2.7914634
688586.SH,-8.496295,5.4763002
688588.SH,5.607361,-3.5175729
688589.SH,1.5408708,7.076197
688590.SH,4.6351027,-2.8477135
688591.SH,1.7265012,7.3351345
688592.SH,-10.533501,0.51027375
688593.SH,1.2573624,7.4019213
688595.SH,2.0624738,6.6310735
688596.SH,1.1971933,-1.8079216
688597.SH,-0.41336593,-15.913886
688598.SH,5.497582,1.2529899
688599.SH,5.476815,2.3941598
688600.SH,-0.65073836,-15.82396
688601.SH,2.3552756,6.174138
688602.SH,-2.6973553,1.6168542
688603.SH,-3.328056,1.5251299
688606.SH,5.096983,0.20633468
688607.SH,0.86799246,-6.053481
688608.SH,2.5058932,5.970246
688609.SH,14.931622,1.8819354
688610.SH,-0.7677934,-16.15489
688611.SH,5.2668624,2.5609834
688612.SH,10.7698555,-2.683175
688613.SH,0.99051744,-6.2745004
688615.SH,4.202208,-2.0271552
688616.SH,-0.9167273,-15.558587
688617.SH,5.211958,0.495291
688618.SH,-10.468192,0.5542614
688619.SH,5.375756,-2.9625244
688620.SH,1.2432038,7.4160366
688621.SH,5.038477,0.14099595
688622.SH,-0.6949471,-16.197807
688623.SH,0.5654333,-0.84142274
688625.SH,-3.3442054,2.1769645
688626.SH,0.6614942,-6.4037642
688627.SH,1.6367719,-0.89328396
688628.SH,-0.71929,-15.882282
688629.SH,-4.3936424,9.450477
688630.SH,1.4112543,-0.9650992
688631.SH,4.722992,-2.2628634
688633.SH,1.3761886,-0.92769283
688636.SH,-5.29543,8.764794
688638.SH,1.25989,-0.94803125
688639.SH,11.022571,-12.661468
688646.SH,1.2710181,-1.2852774
688648.SH,0.17415966,-12.275068
688651.SH,5.1319475,-2.0300717
688652.SH,1.7602377,7.2693725
688653.SH,1.829567,7.3606324
688655.SH,-5.4525237,10.188353
688656.SH,0.6544996,-6.47554
688657.SH,5.3701997,-1.9018217
688658.SH,11.482765,-12.055833
688659.SH,-12.13783,8.65191
688660.SH,5.6620574,3.948537
688661.SH,-5.182701,8.897765
688662.SH,-4.7282505,9.502679
688663.SH,4.9984016,2.7089489
688665.SH,-0.74731016,-16.287748
688667.SH,10.627655,-2.2872484
688668.SH,-10.504368,0.48111102
688669.SH,-3.2603784,2.0895026
688670.SH,6.690866,9.540065
688671.SH,-12.083447,8.669503
688676.SH,4.901183,2.814417
688677.SH,5.040325,0.13906401
688678.SH,-4.757425,9.627486
688679.SH,-11.329456,8.419222
688680.SH,0.686873,14.824669
688681.SH,5.3242226,3.84431
688682.SH,5.460148,-1.6813555
688683.SH,-5.819628,10.326954
688685.SH,-8.431218,5.541544
688686.SH,-0.7364128,-16.278954
688687.SH,6.4352903,9.809867
688689.SH,1.315382,7.2926474
688690.SH,-3.4232368,1.4706167
688691.SH,1.801209,7.269635
688692.SH,5.458581,-1.6551764
688693.SH,1.8918974,7.3072343
688695.SH,5.240217,-2.26298
688696.SH,5.3886557,1.0151844
688697.SH,0.15282726,-12.296232
688698.SH,4.833571,3.4204235
688699.SH,2.4814088,6.0092645
688700.SH,1.5913359,-0.7038704
688701.SH,-11.8842945,8.579484
688702.SH,1.8198718,7.268331
688707.SH,5.4949102,2.543512
688709.SH,1.2015394,7.469913
688710.SH,6.443161,9.800672
688711.SH,2.251152,6.31826
688716.SH,-2.766345,1.5719244
688717.SH,5.154131,2.3521876
688718.SH,0.6955206,14.839746
688719.SH,5.3501606,2.4999647
688720.SH,1.9084098,7.2763624
688721.SH,1.8225391,7.347849
688722.SH,7.6233506,-12.641741
688728.SH,0.9435726,7.3053603
688733.SH,13.274145,10.540737
688737.SH,10.754588,-2.641652
688739.SH,6.3645854,9.895663
688766.SH,2.626217,5.816655
688767.SH,1.0700729,-6.208546
688768.SH,-0.7448766,-16.287237
688772.SH,5.2448244,3.0085607
688776.SH,-5.31793,8.76284
688777.SH,1.2596649,-0.7922911
688778.SH,5.600348,1.9105362
688779.SH,5.699988,3.5632253
688786.SH,16.510149,8.17882
688787.SH,5.44449,-1.6837606
688788.SH,-10.489886,0.5866699
688789.SH,1.6031007,-0.6641941
688793.SH,14.956538,2.151161
688798.SH,2.4668489,6.023001
688799.SH,11.291117,-11.487017
688800.SH,-5.2885985,8.772198
688819.SH,5.7273536,3.7244732
688981.SH,1.0730717,7.1178946
830779.BJ,-0.56892365,-16.245216
830799.BJ,4.5512342,-2.8759499
830809.BJ,4.7521095,2.473736
830832.BJ,-2.8757017,2.8976943
830839.BJ,19.984083,6.363213
830879.BJ,-0.41983792,-15.717439
830896.BJ,10.286646,-1.9627779
830946.BJ,11.389515,-12.479152
830964.BJ,0.7084007,12.287851
830974.BJ,-2.6282804,1.5044968
831010.BJ,0.17296246,22.196945
831039.BJ,-0.28697914,11.7977
831087.BJ,14.109768,-16.199635
831152.BJ,16.594229,8.107638
831167.BJ,-4.515602,9.530333
831175.BJ,4.661615,2.359089
831195.BJ,11.072352,-1.3865597
831278.BJ,10.297283,-1.9545363
831304.BJ,-2.5391507,1.4778439
831305.BJ,-0.5105253,-16.164927
831370.BJ,-11.5318575,8.409951
831396.BJ,4.633313,2.1722155
831445.BJ,3.3562374,-14.2775755
831526.BJ,-2.499379,1.5304505
831627.BJ,4.608668,2.1962054
831641.BJ,13.265528,10.548583
831689.BJ,0.36082175,-1.9826368
831726.BJ,15.291633,13.000617
831768.BJ,14.867644,1.9515774
831832.BJ,5.707582,-3.5669723
831834.BJ,0.63730067,15.061413
831855.BJ,0.17355442,-12.275916
831856.BJ,0.023554621,-1.803071
831906.BJ,10.228591,-1.9652966
831961.BJ,-0.45806372,-15.922648
832000.BJ,11.364912,-1.4483216
832023.BJ,15.284742,13.012377
832089.BJ,0.87547624,15.701911
832110.BJ,4.5897303,2.2321465
832145.BJ,-11.764101,8.595896
832149.BJ,-4.61844,10.086231
832171.BJ,4.518973,-2.1089778
832175.BJ,-2.4480228,1.8144307
832225.BJ,-10.608917,-8.244815
832278.BJ,0.41856977,-5.9375815
832419.BJ,-16.351603,-2.4249592
832469.BJ,0.6526052,14.933092
832471.BJ,-2.469389,1.6747785
832491.BJ,-4.579327,9.924516
832522.BJ,1.3610497,-1.9953767
832566.BJ,11.4806,-12.387268
832651.BJ,-0.49304762,-16.205597
832662.BJ,5.856171,-7.505057
832735.BJ,11.405435,-11.582414
832786.BJ,22.532614,-2.7194386
832802.BJ,-12.144114,8.637624
832876.BJ,-4.476899,9.752477
832885.BJ,-0.49083266,-16.232313
832978.BJ,11.019166,-1.4532251
832982.BJ,5.111758,0.26673797
833030.BJ,4.387278,-2.0132194
833075.BJ,17.062382,-4.793169
833171.BJ,4.5680146,2.196458
833230.BJ,6.474156,9.7674465
833266.BJ,-5.587788,-8.863683
833284.BJ,1.9594989,-1.7033392
833346.BJ,-4.8718863,10.40989
833394.BJ,11.488267,8.1166725
833427.BJ,-0.29795048,11.769192
833429.BJ,15.203049,13.14239
833454.BJ,10.736819,-2.3183045
833455.BJ,1.9310327,-1.7351664
833509.BJ,-0.42910612,-15.8282
833523.BJ,4.640114,2.9213173
833533.BJ,10.322366,-2.003686
833575.BJ,6.6430874,9.590324
833580.BJ,10.639314,-7.320411
833751.BJ,16.61096,8.091297
833781.BJ,1.6709359,-1.815167
833819.BJ,3.4568589,15.07055
833873.BJ,-0.016931528,12.058394
833914.BJ,16.835682,7.86773
833943.BJ,5.86561,-7.491675
834014.BJ,1.2732941,-1.9737308
834021.BJ,-5.2700844,-4.5787916
834033.BJ,-2.5178113,1.4700092
834058.BJ,3.9290519,-1.7300081
834062.BJ,4.653379,4.0163946
834261.BJ,-2.6840212,1.513365
834407.BJ,-0.5039421,-16.194843
834415.BJ,4.356071,-3.1896172
834475.BJ,1.3391285,-1.5985823
834599.BJ,20.049168,6.429312
834639.BJ,4.5445704,3.2628727
834682.BJ,5.476726,4.6915574
834765.BJ,3.551969,-14.080434
834770.BJ,4.655078,2.5220783
834950.BJ,-4.690054,10.156979
835174.BJ,19.918657,6.298415
835179.BJ,13.418827,10.385376
835184.BJ,5.6017165,-3.7379854
835185.BJ,-3.581428,1.2650094
835207.BJ,4.3566766,-2.081683
835237.BJ,4.6116457,2.280798
835305.BJ,4.4869223,-2.3755534
835368.BJ,1.2234967,-0.77218026
835438.BJ,-4.365242,9.404369
835508.BJ,4.662297,2.7018712
835579.BJ,5.8446813,-7.536225
835640.BJ,-11.655634,0.5545439
835670.BJ,4.4134283,-2.2495942
835857.BJ,-9.101288,16.866
835892.BJ,0.5460055,-5.9202576
835985.BJ,4.555526,3.1810005
836077.BJ,7.659364,-12.605557
836149.BJ,-0.6605499,11.599973
836208.BJ,-0.79697055,11.664924
836221.BJ,10.219103,-1.9579675
836239.BJ,5.5675197,2.0115976
836247.BJ,-10.608535,-8.24476
836260.BJ,1.2460494,-1.4241652
836263.BJ,-11.923759,8.485644
836270.BJ,10.295696,-1.9948678
836395.BJ,-3.113266,-12.705135
836414.BJ,-0.50314957,-16.224985
836419.BJ,-2.5678291,1.4538043
836422.BJ,15.164501,13.193304
836433.BJ,-5.4938655,-9.078048
836504.BJ,0.6131196,-5.880637
836547.BJ,11.331497,-12.536068
836675.BJ,13.404943,10.399116
836699.BJ,14.945149,1.8428931
836717.BJ,2.0007432,-1.6783322
836720.BJ,5.9282513,-7.6128516
836807.BJ,5.9475656,-8.0122
836826.BJ,15.193386,13.176811
836871.BJ,0.644903,14.939131
836892.BJ,-0.8472492,11.572681
836942.BJ,6.268141,-8.683923
836957.BJ,-2.5439687,1.8299807
836961.BJ,2.2453668,-1.7250715
837006.BJ,4.562848,2.115056
837023.BJ,-17.855803,-0.15069616
837046.BJ,4.679502,2.4314413
837092.BJ,4.6721373,-2.2788785
837174.BJ,17.064013,-4.7945995
837212.BJ,-4.5682435,9.791947
837242.BJ,12.087676,-1.4333028
837344.BJ,6.17431,10.097475
837403.BJ,14.092856,-16.216429
837592.BJ,4.309753,-2.0371962
837663.BJ,10.241151,-1.9763033
837748.BJ,4.195766,-1.9518919
837821.BJ,-4.39306,9.478769
838030.BJ,-8.435392,-16.028784
838163.BJ,0.842367,15.63899
838171.BJ,10.220273,-1.9597613
838227.BJ,4.368369,-2.0407739
838262.BJ,-12.714659,-4.1049027
838275.BJ,-5.5663486,18.973484
838402.BJ,-2.5742497,1.442688
838670.BJ,0.17396155,-12.275408
838701.BJ,-4.35863,9.426249
838810.BJ,1.3618071,-2.0058532
838837.BJ,10.295973,-1.9728091
838924.BJ,-10.775111,0.13912477
838971.BJ,-2.5735407,1.5229391
839167.BJ,16.611063,8.091273
839273.BJ,15.182267,13.180437
839371.BJ,15.165566,13.197356
839493.BJ,4.3885565,-2.0039196
839680.BJ,5.003729,-2.9264126
839719.BJ,-2.6963763,2.0954537
839725.BJ,13.247075,10.568207
839729.BJ,-5.346353,18.75408
839790.BJ,4.3788404,-2.0390952
839792.BJ,10.628612,-7.310084
839946.BJ,10.339846,-1.9655199
870199.BJ,14.929069,1.9756392
870204.BJ,0.6981766,14.859687
870299.BJ,4.536279,3.2818003
870357.BJ,-4.3636045,9.425783
870436.BJ,10.730126,-2.4454153
870508.BJ,5.8365235,-7.4880958
870656.BJ,11.372603,-12.079888
870726.BJ,14.974585,1.7970853
870866.BJ,3.7881763,14.736568
870976.BJ,-10.617001,0.31941774
871245.BJ,6.379661,-8.589623
871263.BJ,-0.57406163,-16.271864
871396.BJ,-0.43109623,-15.803795
871478.BJ,1.9859339,-1.6866062
871553.BJ,1.1229589,-2.038401
871634.BJ,7.779252,-18.613422
871642.BJ,-8.431607,5.5415106
871694.BJ,0.6230315,14.966059
871753.BJ,-12.711559,-4.101501
871857.BJ,-5.4336205,10.694558
871970.BJ,11.366771,-12.512812
871981.BJ,-4.773867,9.504283
872190.BJ,-3.1761131,-12.745002
872351.BJ,20.380566,-6.4794145
872374.BJ,-10.617536,0.2847839
872392.BJ,17.061,-4.7915645
872541.BJ,7.6532955,16.113514
872808.BJ,-3.1653838,-12.730855
872895.BJ,4.5956044,2.260898
872925.BJ,0.51325184,-5.921901
872931.BJ,2.679091,-1.786458
872953.BJ,4.4626126,-2.176708
873001.BJ,-4.366633,9.50202
873122.BJ,-17.730787,-5.9564176
873132.BJ,3.4136972,-14.219052
873152.BJ,4.6019483,2.2610106
873167.BJ,11.314084,-12.544783
873169.BJ,5.8696814,-7.564662
873223.BJ,5.844484,-7.50808
873305.BJ,5.854721,-7.508443
873339.BJ,14.946272,1.79547
873527.BJ,-2.8804884,2.8933344
873570.BJ,5.7536955,-7.359601
873576.BJ,4.578214,2.232172
873593.BJ,5.841871,-7.484531
873665.BJ,-10.608224,-8.244616
873679.BJ,6.0043726,-7.7971272
873690.BJ,10.15748,-1.9471184
873693.BJ,5.8663783,-7.506832
873703.BJ,1.5567943,-1.272724
873706.BJ,3.801934,-1.8009304
873726.BJ,5.9239616,-7.6018505
873806.BJ,4.901382,-2.6555235
873833.BJ,10.268935,-1.968019
689009.SH,-13.616079,-9.889528
