ts_code,x,y
000001.SZ,7.851705,-5.8931527
000002.SZ,5.1803055,-6.2316523
000004.SZ,-6.248332,0.78582996
000006.SZ,-9.600201,3.9479399
000007.SZ,-4.9130187,6.883146
000008.SZ,6.4296703,4.8466787
000009.SZ,4.8787136,-13.1442175
000010.SZ,8.583429,-6.799253
000011.SZ,1.1253891,0.447501
000012.SZ,4.3028846,-15.155512
000014.SZ,-7.9870625,5.4485483
000016.SZ,0.19010429,-5.4456496
000017.SZ,17.033058,2.4117644
000019.SZ,-3.926604,4.7982745
000020.SZ,-2.672432,17.828526
000021.SZ,0.88467157,20.196417
000025.SZ,-0.6100557,12.842545
000026.SZ,16.592358,2.0684505
000027.SZ,-2.9894123,4.1477
000028.SZ,-8.452373,0.85292745
000029.SZ,-7.29359,8.229517
000030.SZ,-10.79991,-1.1762583
000031.SZ,-9.044246,1.2972232
000032.SZ,-13.025619,3.6103666
000034.SZ,-8.032753,8.017718
000035.SZ,-3.810175,7.461464
000036.SZ,-8.571281,0.60739356
000037.SZ,-3.9179862,5.13428
000039.SZ,8.230297,-8.54511
000040.SZ,2.007302,-12.325133
000042.SZ,-10.402591,-3.6833801
000045.SZ,0.5822821,19.892414
000048.SZ,-8.399852,0.8917292
000049.SZ,1.4049317,-15.777767
000050.SZ,6.590573,22.460629
000055.SZ,-3.5384011,3.9299264
000056.SZ,-1.3015875,2.7889667
000058.SZ,-3.3574374,13.055231
000059.SZ,9.431404,-3.9065902
000060.SZ,-8.447651,0.6288664
000061.SZ,-4.1995707,5.1874037
000062.SZ,-2.6705534,17.867388
000063.SZ,-10.492193,-0.33457735
000065.SZ,-0.48952544,7.8344073
000066.SZ,9.078239,-3.3417058
000068.SZ,-10.01217,5.6590886
000069.SZ,4.8791804,-6.523389
000070.SZ,-11.267722,-4.4255524
000078.SZ,-8.201855,0.3984226
000088.SZ,6.841588,2.408473
000089.SZ,0.05381046,-2.1797345
000090.SZ,7.3985558,-5.3793087
000096.SZ,6.0921144,5.561243
000099.SZ,-1.992841,6.786918
000100.SZ,6.038757,22.931004
000151.SZ,-7.830945,5.5902534
000153.SZ,4.54257,-1.2124592
000155.SZ,1.8564148,-12.241422
000156.SZ,-3.8567846,4.7831297
000157.SZ,-13.1676,3.5061328
000158.SZ,-8.2346,7.8734765
000159.SZ,8.174778,-1.0685053
000166.SZ,5.8054237,5.747204
000301.SZ,0.7474225,-11.784535
000333.SZ,-1.2254688,5.053624
000338.SZ,-11.01993,-2.1365695
000400.SZ,-1.5287025,6.9752727
000401.SZ,-2.7674026,-6.8078136
000402.SZ,-10.181016,-4.876502
000403.SZ,10.7486,8.23359
000404.SZ,-1.4569296,6.2876725
000407.SZ,-0.52384126,2.9804883
000408.SZ,7.3568683,11.706202
000409.SZ,-8.134632,7.9529085
000410.SZ,-2.3309276,19.323166
000411.SZ,-8.477161,0.74379313
000415.SZ,-10.36032,5.8984647
000417.SZ,-9.626858,3.5666795
000419.SZ,-9.541359,4.195554
000420.SZ,1.6285356,0.38113645
000421.SZ,-4.1852,5.4998975
000422.SZ,7.817398,11.698888
000423.SZ,-2.9138005,13.264222
000425.SZ,0.56280166,8.023579
000426.SZ,-9.577921,3.99762
000428.SZ,0.76477426,7.9628353
000429.SZ,-7.625311,5.8726926
000430.SZ,5.8552976,6.1186023
000488.SZ,8.746742,-9.085393
000498.SZ,-13.201855,3.4791243
000501.SZ,-8.220347,0.4232909
000503.SZ,-9.555553,5.7517977
000504.SZ,5.8195615,-10.245259
000505.SZ,6.9836946,3.3394086
000506.SZ,4.9782176,-13.562683
000507.SZ,9.133991,-3.103054
000509.SZ,0.7634995,20.063381
000510.SZ,10.137883,0.6633159
000513.SZ,-7.410089,2.3888204
000514.SZ,-9.019675,6.876586
000516.SZ,8.757141,-8.132615
000517.SZ,-9.310208,2.6789465
000518.SZ,10.981785,8.181001
000519.SZ,7.8379345,-1.1787647
000520.SZ,-10.72303,-1.7618508
000521.SZ,-2.01712,6.6849356
000523.SZ,8.208252,-1.270764
000524.SZ,-7.6241093,4.918909
000525.SZ,-4.9705105,8.126457
000526.SZ,-5.2770786,7.843895
000528.SZ,-0.8359041,7.7974453
000529.SZ,6.217219,5.124604
000530.SZ,-4.5586824,9.137425
000531.SZ,-0.46870062,2.968799
000532.SZ,-6.388647,0.9066255
000533.SZ,0.19067979,7.067055
000534.SZ,11.070901,8.161719
000536.SZ,-2.4185407,17.571169
000537.SZ,-7.45407,8.215495
000538.SZ,2.9652214,13.211867
000539.SZ,-4.3944335,5.9730434
000541.SZ,-1.1425761,-1.8201637
000543.SZ,-5.2126245,7.7224274
000544.SZ,-9.447335,5.7814507
000545.SZ,10.706882,0.18490411
000546.SZ,1.1749849,0.4417704
000547.SZ,5.479426,-7.3767414
000548.SZ,-8.239679,4.826583
000550.SZ,-1.1768818,5.7704754
000551.SZ,6.136373,4.210606
000552.SZ,-8.627739,14.182928
000553.SZ,8.3727255,11.775063
000554.SZ,5.8538446,6.286482
000555.SZ,-5.7732058,0.48773563
000557.SZ,-0.9225035,5.4763064
000558.SZ,6.933005,2.6687405
000559.SZ,-10.84556,-0.012402773
000560.SZ,-3.7479215,7.512061
000561.SZ,-10.357693,0.12606576
000563.SZ,-3.774193,7.4871173
000564.SZ,-8.199175,0.40916818
000565.SZ,-10.51532,-2.9921842
000566.SZ,-6.90641,1.3211468
000567.SZ,5.2539864,-2.7445774
000568.SZ,-0.8480703,-2.3069248
000570.SZ,7.4029274,-5.3650985
000571.SZ,-8.986685,13.861635
000572.SZ,-0.052359253,-4.2661924
000573.SZ,-7.031531,-4.152189
000576.SZ,4.908201,-14.467702
000581.SZ,-10.827125,-1.3996555
000582.SZ,6.2635117,3.7650192
000584.SZ,4.0524454,-9.933064
000586.SZ,-10.059796,2.0642345
000589.SZ,-10.852259,0.05825343
000590.SZ,3.2806106,13.042918
000591.SZ,4.2782173,-0.8200724
000592.SZ,8.649222,-6.39367
000593.SZ,-3.2807817,4.3964314
000595.SZ,-5.2479105,7.859204
000596.SZ,-1.1401271,-1.8217796
000597.SZ,-7.4030733,1.8351429
000598.SZ,-8.613185,4.533609
000599.SZ,-9.057218,3.5835617
000600.SZ,-4.246621,5.6371326
000601.SZ,-9.138479,0.6099223
000603.SZ,-8.888753,1.895248
000605.SZ,-9.620997,1.4984573
000607.SZ,6.3990254,4.8797936
000608.SZ,-8.000265,0.309477
000609.SZ,5.0361238,-5.282603
000610.SZ,-7.7032013,4.97676
000612.SZ,-2.2417612,20.307276
000615.SZ,-0.3801786,-8.941957
000617.SZ,-9.429869,5.9115324
000619.SZ,-3.6152682,4.02364
000620.SZ,-8.796021,0.75182575
000622.SZ,2.4973044,13.105689
000623.SZ,3.612807,12.203894
000625.SZ,-0.17965914,-2.8585687
000626.SZ,1.2154937,-10.224377
000627.SZ,0.9090708,8.080404
000628.SZ,-6.512197,8.561061
000629.SZ,-1.9462552,20.639954
000630.SZ,-1.2950894,18.113455
000631.SZ,-0.5715331,12.859222
000632.SZ,-0.59011227,12.855261
000633.SZ,-2.0521204,20.565939
000635.SZ,9.837083,0.8249176
000636.SZ,6.707478,22.3133
000637.SZ,7.662276,-0.88825655
000638.SZ,-3.262326,3.8460033
000639.SZ,9.332045,-6.792672
000650.SZ,3.14769,13.140978
000651.SZ,-1.2498739,5.0535727
000652.SZ,3.2746413,12.457445
000655.SZ,3.5892637,-15.593568
000656.SZ,1.3378803,-10.789266
000657.SZ,-2.0487437,20.58888
000659.SZ,8.601026,-3.274292
000661.SZ,11.771354,8.163855
000663.SZ,8.495646,-7.8771524
000665.SZ,-4.196871,5.445012
000668.SZ,5.161485,-2.505995
000669.SZ,0.13608496,2.8016992
000670.SZ,5.6543064,19.439955
000672.SZ,-2.6937218,-6.8667455
000676.SZ,-1.23729,14.503585
000677.SZ,-7.4360023,2.1750064
000678.SZ,-10.572311,2.057819
000679.SZ,-9.32653,2.7032242
000680.SZ,-1.8027903,6.9784865
000681.SZ,-0.85556,14.328389
000682.SZ,-1.9993229,6.7718954
000683.SZ,9.667553,0.91709703
000685.SZ,-9.509986,1.3115096
000686.SZ,6.9929013,2.3833103
000688.SZ,-8.949625,2.0207407
000690.SZ,-2.99694,4.154948
000691.SZ,-3.9134085,4.7223268
000692.SZ,-3.901682,5.042608
000695.SZ,5.8384376,6.3121214
000697.SZ,-4.1897044,-5.792748
000698.SZ,7.8505425,-9.390355
000700.SZ,-10.277839,2.3359995
000701.SZ,-9.134346,0.6270778
000702.SZ,-1.2407776,5.6229944
000703.SZ,4.713705,-1.5025932
000705.SZ,-9.588617,3.3220768
000707.SZ,-3.9054654,4.745305
000708.SZ,0.39657763,17.905516
000709.SZ,1.3661159,-15.753938
000710.SZ,4.825595,-10.363662
000711.SZ,5.140121,-2.61851
000712.SZ,7.0410438,2.1595001
000713.SZ,3.175799,13.1152725
000715.SZ,-9.463275,4.587748
000716.SZ,-6.7636204,5.100324
000717.SZ,3.5920749,-15.598705
000718.SZ,5.0706286,-5.268537
000719.SZ,-1.7773609,13.291526
000720.SZ,1.7382756,-15.821228
000721.SZ,-1.9341348,6.8657303
000722.SZ,-4.9543047,6.8103642
000723.SZ,4.805281,-7.2699394
000725.SZ,4.7292147,23.299423
000726.SZ,-0.9226378,5.272431
000727.SZ,1.4672002,20.975555
000728.SZ,6.073991,4.9621677
000729.SZ,-1.3804926,6.146335
000731.SZ,7.3845835,11.713212
000733.SZ,7.0497622,20.801867
000735.SZ,-2.7948103,3.6514292
000736.SZ,-7.1774035,6.7060037
000737.SZ,-1.7622343,18.395868
000738.SZ,-4.399398,-5.6227875
000739.SZ,5.2233453,-2.9976811
000750.SZ,5.9033003,5.3215294
000751.SZ,3.9288821,-0.6275276
000752.SZ,-0.946796,5.495359
000753.SZ,-0.6226643,12.845546
000755.SZ,-8.324516,4.7257905
000756.SZ,-7.429755,8.219402
000757.SZ,-3.425829,3.8101661
000758.SZ,-8.008443,0.2885441
000759.SZ,-10.78125,-2.1219707
000761.SZ,3.7325923,-15.514751
000762.SZ,-0.45336112,21.147038
000766.SZ,-6.461224,8.2686825
000767.SZ,-3.01734,4.1762123
000768.SZ,-4.5024953,-5.528372
000776.SZ,7.6888633,-0.7500019
000777.SZ,-4.726537,8.582781
000778.SZ,-2.307277,20.074963
000779.SZ,-12.851418,3.7363245
000782.SZ,-7.4378786,2.0795076
000783.SZ,7.016974,2.2827516
000785.SZ,5.056086,-2.5021703
000786.SZ,-3.5895429,3.9938989
000788.SZ,-6.826886,1.2429762
000789.SZ,-2.767311,-6.8161507
000790.SZ,3.4580505,12.888756
000791.SZ,-8.047005,5.2505903
000792.SZ,8.506551,11.80763
000793.SZ,-0.57318246,13.203096
000795.SZ,-10.557722,2.0060918
000796.SZ,5.5318093,-7.429152
000797.SZ,-9.576167,3.739546
000798.SZ,-4.5483203,-5.4886336
000799.SZ,0.36657268,-7.384897
000800.SZ,-0.053332396,-2.5428321
000801.SZ,-1.2313061,5.6802235
000802.SZ,-4.761759,6.58578
000803.SZ,-0.067709744,-11.385324
000807.SZ,-2.3628328,19.956726
000809.SZ,-9.563038,3.1991532
000810.SZ,-1.266223,5.7850084
000811.SZ,-12.891442,3.7060602
000812.SZ,5.8706803,6.253485
000813.SZ,2.4299884,0.17047995
000815.SZ,5.6880336,6.066293
000816.SZ,7.4164944,-5.3877916
000818.SZ,-0.25833952,2.4613793
000819.SZ,-6.659961,7.6393013
000820.SZ,-0.36322364,13.322475
000821.SZ,-7.043173,-5.3359294
000822.SZ,10.017685,0.73525393
000823.SZ,4.667325,23.326572
000825.SZ,1.131993,17.805962
000826.SZ,4.3876276,-5.7936325
000828.SZ,-10.150997,1.0839058
000829.SZ,10.504305,0.3574922
000830.SZ,-0.026550679,2.4505024
000831.SZ,-1.4511715,20.885254
000833.SZ,-0.35706714,13.326365
000837.SZ,-1.7806548,20.495266
000838.SZ,-8.35092,0.5337192
000839.SZ,-0.5733942,12.866413
000848.SZ,-0.44374695,13.269096
000850.SZ,-0.9260813,5.1671934
000851.SZ,5.6709957,-7.211953
000852.SZ,5.7701635,5.9970326
000856.SZ,6.7309666,2.7021472
000858.SZ,-0.6194498,-2.7345517
000859.SZ,-0.18774876,-3.7782543
000860.SZ,-0.19537228,-3.7549934
000862.SZ,1.5615692,0.4102375
000863.SZ,-9.444597,4.6115904
000868.SZ,-0.94001913,5.507766
000869.SZ,3.4409835,12.898851
000875.SZ,-3.0868409,4.221835
000876.SZ,-1.1370054,-1.8271489
000877.SZ,-2.6121805,-6.9277587
000878.SZ,-1.0193075,17.996195
000880.SZ,5.5732365,6.6148367
000881.SZ,-1.9051083,3.1593113
000882.SZ,-3.069264,3.7285612
000883.SZ,-8.859281,3.985886
000885.SZ,-9.461283,5.716688
000886.SZ,-9.5807295,4.07693
000887.SZ,-11.162698,-2.5830238
000888.SZ,-6.7641397,6.993545
000889.SZ,-11.139786,-4.7242365
000890.SZ,3.656734,-0.37812442
000892.SZ,-4.2248917,5.469598
000893.SZ,7.42575,11.733768
000895.SZ,6.196457,5.169037
000897.SZ,-9.436106,4.8444276
000898.SZ,4.9894133,-14.264231
000899.SZ,-5.1208186,7.6163054
000900.SZ,-10.153182,1.228859
000901.SZ,-8.62664,4.094418
000902.SZ,8.116021,11.7425585
000903.SZ,-11.342775,-3.9221554
000905.SZ,6.52445,3.1509402
000906.SZ,-3.9983468,0.23583443
000908.SZ,-7.425842,1.900236
000909.SZ,4.9382496,-2.1418839
000910.SZ,-10.235959,-4.8163333
000911.SZ,9.142819,-5.5688906
000912.SZ,7.7529364,11.696031
000913.SZ,-3.3611014,13.075315
000915.SZ,-3.770278,7.482869
000917.SZ,7.914847,0.19415125
000919.SZ,-7.4163423,2.3385975
000920.SZ,0.044504456,-2.1778738
000921.SZ,-1.9761236,6.672506
000922.SZ,0.11665431,7.102994
000923.SZ,-7.043115,-4.3097296
000925.SZ,8.596564,-3.3017313
000926.SZ,3.887296,-0.58079594
000927.SZ,-11.686557,7.8314233
000928.SZ,8.613756,-6.794673
000929.SZ,-0.034105867,-2.3153665
000930.SZ,-0.1855815,2.4688113
000931.SZ,3.466125,-0.22255696
000932.SZ,2.913201,-15.79312
000933.SZ,-2.3798096,19.185612
000935.SZ,-3.3077428,-6.439977
000936.SZ,-6.937697,1.3774898
000937.SZ,-8.986836,13.860604
000938.SZ,6.6805186,3.6952028
000948.SZ,-9.194713,6.4720674
000949.SZ,5.295542,-2.8913653
000950.SZ,-9.612775,3.730267
000951.SZ,-0.19585171,-3.4866889
000952.SZ,2.0551834,0.28054446
000953.SZ,-7.3823504,1.808022
000955.SZ,0.049406253,-2.1777172
000957.SZ,-1.5598878,6.37589
000958.SZ,-7.392004,1.8597836
000959.SZ,4.820991,-13.024155
000960.SZ,-1.9830934,20.64374
000962.SZ,-2.2370036,20.328299
000963.SZ,-10.43671,5.9665737
000965.SZ,-8.96652,6.9562116
000966.SZ,0.019876549,2.8087356
000967.SZ,2.5505624,0.10307034
000968.SZ,-8.600793,14.207
000969.SZ,-2.3793964,20.007881
000970.SZ,-10.816949,-1.4870566
000972.SZ,-6.758132,5.385068
000973.SZ,0.059196215,-2.1602607
000975.SZ,-1.9547665,6.8191953
000977.SZ,-6.830242,5.0977755
000978.SZ,5.997838,5.221243
000980.SZ,1.2765704,-10.265041
000981.SZ,-10.954077,-5.4748836
000983.SZ,-8.610822,14.197618
000985.SZ,-4.661596,6.260123
000987.SZ,1.5767821,0.38535443
000988.SZ,5.5012064,6.69623
000989.SZ,3.472078,12.792923
000990.SZ,10.1746435,0.63514656
000993.SZ,-9.637651,1.4554695
000995.SZ,-0.09346098,-4.183602
000997.SZ,6.572829,3.9200673
000998.SZ,2.4334404,13.209235
000999.SZ,-2.9817252,13.238102
001201.SZ,10.207989,0.6119358
001202.SZ,-4.392611,1.3664923
001203.SZ,4.939572,-14.376825
001205.SZ,-11.061725,-3.0481625
001206.SZ,2.933182,-9.908707
001207.SZ,-0.95160854,2.6403155
001208.SZ,3.9577427,-15.403462
001209.SZ,14.871004,3.3768973
001210.SZ,11.706968,-0.9203319
001211.SZ,-10.137193,-4.9248557
001212.SZ,-0.98268765,2.6399589
001213.SZ,-0.13525209,-2.7421725
001215.SZ,-6.749412,5.096662
001216.SZ,-9.563659,1.4672381
001217.SZ,-1.0188528,2.6940024
001218.SZ,-1.4976141,-11.352273
001219.SZ,8.842296,-8.271099
001222.SZ,-3.978146,-0.4737372
001223.SZ,1.780629,-9.439821
001225.SZ,1.3456064,-9.358297
001226.SZ,8.610593,-6.687283
001227.SZ,7.998857,-8.06271
001228.SZ,-3.9873981,-11.478495
001229.SZ,7.632041,-0.2345827
001230.SZ,-0.027692527,-11.407229
001231.SZ,8.503118,11.806372
001234.SZ,15.211372,3.050015
001236.SZ,-6.5019817,8.86594
001238.SZ,-9.719474,1.8517827
001239.SZ,0.27538288,-8.549433
001255.SZ,3.0665956,-0.061294466
001256.SZ,-10.407522,-3.9650857
001258.SZ,-8.674296,7.351244
001259.SZ,-0.32784986,-3.3921094
001260.SZ,-10.977472,-5.427346
001266.SZ,3.246821,-10.0775175
001267.SZ,0.8609165,8.062556
001268.SZ,-3.9873674,-0.08056844
001269.SZ,-7.9016995,4.856708
001270.SZ,-1.6417243,18.316383
001277.SZ,-3.3875387,-9.075265
001278.SZ,5.61137,-7.31378
001282.SZ,4.842712,-7.332433
001283.SZ,4.8684154,-13.134955
001286.SZ,0.12824199,2.792343
001287.SZ,5.321874,19.322535
001288.SZ,-6.831301,5.2381077
001289.SZ,4.250241,-0.7700907
001296.SZ,11.285926,-0.4595893
001298.SZ,6.572528,22.482906
001299.SZ,-0.5644679,2.9972503
001300.SZ,-4.0274687,0.5116909
001301.SZ,-6.8982615,-3.0454924
001306.SZ,-2.2572258,-9.637919
001308.SZ,5.6579356,19.440916
001309.SZ,-2.2363982,18.59558
001311.SZ,-1.8701185,-9.268139
001313.SZ,-1.3426299,-1.2757831
001314.SZ,5.838829,23.04458
001316.SZ,2.601366,12.953431
001317.SZ,-0.8415383,5.357882
001318.SZ,2.8631876,12.641818
001319.SZ,-10.852889,0.11359829
001322.SZ,4.742379,-7.2592273
001323.SZ,5.2682753,-6.326326
001324.SZ,8.172956,-8.556041
001326.SZ,-1.1812154,-8.372711
001328.SZ,-1.6571486,-11.16725
001330.SZ,0.020713361,2.5871708
001331.SZ,-2.1047618,-7.3327527
001332.SZ,1.9364305,-9.469569
001333.SZ,12.448,-2.1467528
001336.SZ,6.2982097,-9.654148
001337.SZ,-6.512533,8.507747
001338.SZ,-0.87980705,5.356737
001339.SZ,-6.5223856,5.982206
001358.SZ,-2.7995424,-9.28113
001359.SZ,-2.0631664,-9.289069
001360.SZ,0.77241015,-8.6150675
001366.SZ,-0.5149559,-2.9913843
001367.SZ,-1.7180684,-10.368607
001368.SZ,-3.2512178,-11.19355
001373.SZ,5.755723,19.496548
001376.SZ,-2.2392197,-9.630656
001378.SZ,-2.7156234,-9.157353
001379.SZ,6.6280074,12.082665
001380.SZ,1.5037903,-10.412685
001387.SZ,-2.6185606,-9.124894
001389.SZ,5.26646,19.312803
001696.SZ,-2.899242,13.270791
001872.SZ,-7.091368,5.0282254
001896.SZ,-0.40324643,2.9311352
001914.SZ,-6.7389007,1.1763014
001965.SZ,-7.600277,5.9084935
001979.SZ,-9.623605,3.5953517
002001.SZ,1.6622403,0.37267515
002003.SZ,16.988188,2.3699512
002004.SZ,7.7504587,11.695444
002005.SZ,-0.99328595,-2.1037633
002006.SZ,7.2558656,0.76794857
002007.SZ,11.33502,8.14364
002008.SZ,9.710984,-6.7459917
002009.SZ,-13.343182,3.3490093
002010.SZ,-3.9880037,-0.33179256
002011.SZ,-1.4120364,6.2570515
002012.SZ,9.169785,-3.1564846
002014.SZ,-1.1906079,5.6936884
002015.SZ,5.128995,-2.4089875
002016.SZ,-8.97539,6.9426293
002017.SZ,-10.2613735,0.9515186
002019.SZ,-5.64775,0.4168141
002020.SZ,-8.620781,7.434917
002021.SZ,-12.8670845,3.7236092
002022.SZ,8.653483,-8.21467
002023.SZ,-3.8945274,-6.0299854
002024.SZ,1.4884971,-11.336059
002025.SZ,1.5590402,21.139498
002026.SZ,-4.0424843,0.552792
002027.SZ,7.0757513,3.2116904
002028.SZ,-2.0128098,6.761463
002029.SZ,16.799795,2.2216349
002030.SZ,3.972623,-10.111822
002031.SZ,-7.7781277,5.0025315
002032.SZ,-1.231664,5.2071524
002033.SZ,-6.716651,5.595135
002034.SZ,-6.7843304,1.1823231
002035.SZ,-1.4119755,-1.087751
002036.SZ,6.75869,22.242657
002037.SZ,-4.3765965,5.6648674
002038.SZ,10.841213,8.198178
002039.SZ,-9.832408,2.1586885
002040.SZ,6.0770073,4.3203454
002041.SZ,2.410638,13.201277
002042.SZ,-0.3060186,-2.9704485
002043.SZ,-4.747434,5.8487725
002044.SZ,9.148423,-6.38943
002045.SZ,0.89138305,20.205593
002046.SZ,6.6385827,12.069415
002047.SZ,-0.18758579,-3.7216768
002048.SZ,-11.383443,-4.3119073
002049.SZ,3.1255093,17.955486
002050.SZ,-1.184803,-1.6948967
002051.SZ,0.33917102,8.016837
002052.SZ,-0.9979982,-2.0915856
002053.SZ,-6.765889,5.0970407
002054.SZ,-10.239949,-4.8652782
002055.SZ,6.0445194,22.927658
002056.SZ,-6.988731,-3.6926937
002057.SZ,-10.764312,-0.9527945
002058.SZ,5.739984,5.8464956
002059.SZ,6.158353,4.9983807
002060.SZ,-12.917685,3.6880093
002061.SZ,7.492899,-5.476135
002062.SZ,-12.833364,3.7519765
002063.SZ,-5.7497883,0.48063442
002064.SZ,4.4350896,-1.0277591
002065.SZ,2.303637,0.20615846
002066.SZ,-3.543988,3.9598248
002067.SZ,7.252719,0.69694406
002068.SZ,-3.0684988,3.7440033
002069.SZ,-4.7493386,-5.293629
002072.SZ,-9.162385,0.5614499
002073.SZ,-6.874709,5.1850696
002074.SZ,4.9874067,-14.315558
002075.SZ,-0.7483133,17.93442
002076.SZ,-1.1413019,-1.8170097
002077.SZ,-2.070439,18.52603
002078.SZ,5.7191753,5.9460006
002079.SZ,2.3397923,-15.848466
002080.SZ,5.0129642,-14.17359
002081.SZ,0.020562422,-4.6590953
002082.SZ,1.5992782,13.373644
002083.SZ,-0.9542736,5.429076
002084.SZ,-10.137392,-4.9340177
002085.SZ,-6.635693,7.7268085
002086.SZ,5.883683,6.291001
002088.SZ,5.5752416,-7.335665
002090.SZ,-6.993766,-3.7215576
002091.SZ,-10.392578,-4.5933857
002092.SZ,12.243725,-1.7436671
002093.SZ,-4.592817,9.030281
002094.SZ,0.12494298,2.7972898
002095.SZ,-1.3350004,14.465902
002096.SZ,-4.9210854,6.9467793
002097.SZ,8.472328,-7.6431913
002098.SZ,16.919476,2.316072
002099.SZ,1.5632226,0.3833318
002100.SZ,-1.317888,-1.3306915
002101.SZ,-7.624796,5.494014
002102.SZ,-6.897377,1.3132224
002103.SZ,-4.748441,8.55624
002104.SZ,-10.209781,1.6736107
002105.SZ,2.5115552,13.214518
002106.SZ,1.3571005,20.808483
002107.SZ,3.0228088,13.199816
002108.SZ,0.19290142,-5.431396
002109.SZ,11.0705595,-0.18498139
002110.SZ,4.8411746,-13.06349
002111.SZ,-4.039382,-5.918997
002112.SZ,-0.87210345,7.125262
002114.SZ,4.4263587,-1.3572494
002115.SZ,-1.0564233,14.4380455
002116.SZ,-1.2607269,7.3053565
002117.SZ,7.0983496,3.1834793
002119.SZ,-0.68295634,17.906528
002120.SZ,-3.9876812,-0.23658106
002121.SZ,8.601074,-2.3357286
002122.SZ,-2.0034027,20.308561
002123.SZ,0.5095045,13.510014
002124.SZ,11.026262,-0.13804375
002125.SZ,-3.0999703,3.7346892
002126.SZ,-7.464889,5.9883804
002127.SZ,0.5129723,13.505086
002128.SZ,-2.377498,19.161785
002129.SZ,0.21097809,-8.268021
002130.SZ,-1.0857078,7.1062827
002131.SZ,-0.43367133,13.864427
002132.SZ,-1.3787508,20.811304
002133.SZ,-8.923979,0.86022997
002134.SZ,0.9347548,20.25391
002135.SZ,-0.85345685,20.994234
002136.SZ,11.141924,-0.2618809
002137.SZ,1.0646732,20.410498
002138.SZ,4.6987715,23.309113
002139.SZ,4.5486317,23.347906
002140.SZ,7.5967073,-5.592079
002141.SZ,-1.592372,-11.191055
002142.SZ,7.4538417,-5.435362
002144.SZ,-0.54909176,4.7259936
002145.SZ,-1.4693155,-11.375638
002146.SZ,4.6963553,-7.2581224
002148.SZ,-1.5181924,14.315731
002149.SZ,-1.9739177,20.631193
002150.SZ,-5.1983395,7.83249
002151.SZ,-11.276958,-4.2858415
002152.SZ,6.188286,4.9802003
002153.SZ,4.573704,-5.5462294
002154.SZ,15.209479,3.0519123
002155.SZ,-0.7093322,7.120397
002156.SZ,-1.6101539,18.29707
002157.SZ,11.868205,-1.1260349
002158.SZ,7.3975716,-5.378008
002159.SZ,-8.148868,4.5840344
002160.SZ,-1.9887066,20.600544
002161.SZ,-10.220414,1.201005
002162.SZ,-0.12667513,-2.7678432
002163.SZ,0.021868097,-4.648477
002164.SZ,6.5085053,12.199424
002165.SZ,-2.3583848,3.3971295
002166.SZ,3.6163788,12.191775
002167.SZ,-1.5259696,20.861221
002168.SZ,2.9383829,-15.7894125
002169.SZ,5.0147295,-14.159367
002170.SZ,7.327806,11.685725
002171.SZ,0.5075436,17.858522
002172.SZ,8.611893,-3.4089282
002173.SZ,5.9115705,6.173785
002174.SZ,-0.44177034,13.880645
002175.SZ,6.729591,2.695284
002176.SZ,-0.64617765,21.09809
002177.SZ,-1.768973,3.0477452
002178.SZ,-10.036096,5.7255387
002179.SZ,7.143924,21.265232
002180.SZ,7.4641986,0.56217617
002181.SZ,-0.93122345,13.099097
002182.SZ,-2.0142744,20.597155
002183.SZ,-3.9872415,-0.2519641
002184.SZ,-4.372937,1.3352702
002185.SZ,-0.40901005,17.831635
002186.SZ,0.74700487,7.948049
002187.SZ,-8.124185,0.36683285
002188.SZ,-9.43063,5.9042025
002189.SZ,1.0083994,20.339113
002190.SZ,-11.095013,-5.09339
002191.SZ,5.737882,-10.274408
002192.SZ,-0.35457835,21.15402
002193.SZ,-0.016297763,-2.286448
002194.SZ,-10.735541,-2.1544244
002195.SZ,-9.378776,6.005239
002196.SZ,8.577904,-7.1579285
002197.SZ,8.783917,-8.792824
002198.SZ,3.551016,12.385991
002199.SZ,1.6214057,21.265947
002200.SZ,-13.326473,3.3647804
002201.SZ,-0.25716093,-8.452493
002202.SZ,1.5456957,-15.795266
002203.SZ,-0.90795785,17.9579
002204.SZ,5.7201495,5.572248
002205.SZ,-4.8018446,-5.2410316
002206.SZ,5.083125,-4.70158
002207.SZ,-8.6778,14.138946
002208.SZ,2.5957475,0.089875415
002209.SZ,-8.73566,4.424295
002210.SZ,1.7879028,0.33033362
002211.SZ,-3.9257705,-6.0064344
002212.SZ,1.1516821,-11.884566
002213.SZ,-0.23318893,17.840027
002214.SZ,9.887539,-6.4920044
002215.SZ,-4.8672166,8.305865
002216.SZ,8.178801,-1.1251369
002217.SZ,7.054123,20.81137
002218.SZ,5.2496834,-2.7834995
002219.SZ,8.609355,-3.4106262
002221.SZ,7.703617,-1.001957
002222.SZ,-2.6728468,17.795216
002223.SZ,6.0172033,5.8226156
002224.SZ,-4.4176874,-5.6051316
002225.SZ,-2.6925955,3.534468
002226.SZ,-1.969579,3.1821506
002227.SZ,3.190065,-15.735783
002228.SZ,8.025989,-0.50504893
002229.SZ,-6.5044727,6.2115626
002230.SZ,-5.8160787,0.5241124
002231.SZ,-10.400821,0.031316362
002232.SZ,-7.668931,8.142627
002233.SZ,-4.1481404,-5.8311944
002234.SZ,-0.9526691,2.6501667
002235.SZ,5.6717153,5.3232856
002236.SZ,8.578412,-2.4466374
002237.SZ,-7.030667,-4.1909995
002238.SZ,-4.7835665,6.6857977
002239.SZ,-11.263087,-3.3466918
002240.SZ,-0.42973822,21.12787
002241.SZ,7.0871925,21.484123
002242.SZ,-0.094452366,-4.182148
002243.SZ,8.960972,-4.865165
002244.SZ,-7.294509,8.226117
002245.SZ,4.950115,-13.5123415
002246.SZ,-4.72788,6.4566913
002247.SZ,-1.8173877,3.0657685
002248.SZ,-1.3422687,20.608717
002249.SZ,1.7890859,-15.816155
002250.SZ,12.45508,-2.128521
002251.SZ,5.474916,-7.3601437
002252.SZ,10.365572,8.318112
002253.SZ,-5.5552573,0.36401615
002254.SZ,5.099439,-4.642475
002255.SZ,6.3421187,3.984761
002256.SZ,1.3722985,-11.988622
002258.SZ,-3.328299,-11.208626
002259.SZ,-2.7041938,3.8746498
002261.SZ,-7.390651,8.241216
002262.SZ,-7.4658566,8.204359
002263.SZ,-0.2699015,-3.3821592
002264.SZ,-1.7142211,14.171475
002265.SZ,-6.9304595,5.0745316
002266.SZ,5.1902637,-4.2836967
002267.SZ,-3.7822795,4.773962
002268.SZ,4.0100236,-9.989961
002269.SZ,15.211643,3.0495515
002270.SZ,-2.0163639,6.7367787
002271.SZ,12.471876,-2.145157
002272.SZ,-11.969616,8.1417885
002273.SZ,-2.5208352,17.610304
002274.SZ,8.327541,11.768101
002275.SZ,-3.3620281,13.063975
002276.SZ,0.6451033,7.181194
002277.SZ,-8.33556,0.50280243
002278.SZ,7.664375,-0.7162303
002279.SZ,-9.683066,5.7370777
002281.SZ,-8.021139,4.936517
002282.SZ,-4.041164,0.574376
002283.SZ,-11.263787,-3.352286
002284.SZ,-10.807915,0.37391314
002285.SZ,1.9285344,-12.278025
002286.SZ,9.113018,-5.5054536
002287.SZ,3.4561126,12.888561
002289.SZ,6.9288,20.561724
002290.SZ,-1.3815722,6.237465
002291.SZ,2.207972,-9.310266
002292.SZ,-4.3376913,5.6990123
002293.SZ,-0.26779294,-3.3262887
002294.SZ,-9.410703,5.9373913
002295.SZ,-0.7790756,17.92398
002296.SZ,-8.9279175,3.7635252
002297.SZ,-4.021014,-5.9304695
002298.SZ,3.502067,-0.24325714
002299.SZ,-1.8538496,3.1193292
002300.SZ,-7.059879,-5.215859
002301.SZ,-4.4009833,1.3799286
002302.SZ,-4.2142334,-5.7756767
002303.SZ,6.4325285,3.3487015
002304.SZ,-0.17776479,-3.8709784
002305.SZ,-9.627164,3.5693882
002306.SZ,0.71540576,7.8688664
002307.SZ,7.837767,-5.88679
002309.SZ,4.9442863,-13.406666
002310.SZ,4.8925786,-5.1676664
002311.SZ,-0.6158047,-2.8468668
002312.SZ,-0.23069648,2.4548569
002313.SZ,-11.270657,-3.7595117
002314.SZ,-8.335398,0.5140058
002315.SZ,-1.858523,13.978176
002316.SZ,3.1170025,-0.06952781
002317.SZ,-3.2129874,13.148656
002318.SZ,-1.9317694,18.570295
002319.SZ,-10.499897,-3.11986
002320.SZ,-10.610862,-0.79085124
002321.SZ,-0.9830403,2.6668117
002322.SZ,-8.957725,6.93355
002323.SZ,4.7921104,-12.959197
002324.SZ,-0.22754872,-2.5288208
002326.SZ,-1.6146878,-11.137991
002327.SZ,-0.9271035,5.3072495
002328.SZ,-10.769595,-0.54948735
002329.SZ,2.7624886,12.754848
002330.SZ,8.043137,-0.49791595
002331.SZ,1.4854438,0.41919652
002332.SZ,-9.724804,5.7144213
002333.SZ,-4.721952,5.808158
002334.SZ,-6.97626,-3.518569
002335.SZ,1.5694581,-15.805873
002336.SZ,-11.149408,-3.1094596
002337.SZ,-6.8741317,5.084674
002338.SZ,-6.699939,5.748688
002339.SZ,-6.902948,-3.055391
002340.SZ,-1.4671619,20.864674
002342.SZ,-11.794693,7.9461265
002343.SZ,-4.712959,6.4756665
002344.SZ,3.5678952,12.359031
002345.SZ,16.829401,2.2458296
002346.SZ,5.0229073,-14.025277
002347.SZ,-11.970168,8.142571
002348.SZ,-4.60689,8.974344
002349.SZ,-3.2125418,13.153201
002350.SZ,1.4269958,-15.783793
002351.SZ,6.7298136,3.4809487
002352.SZ,-11.685954,7.830631
002353.SZ,7.6833344,-0.73943394
002354.SZ,-1.1952895,14.487426
002355.SZ,-10.842487,-0.16129956
002356.SZ,-0.10785226,2.4551413
002357.SZ,-1.227207,14.134426
002358.SZ,-0.5973117,7.148039
002360.SZ,9.946596,0.764174
002361.SZ,-0.27370122,2.4574668
002362.SZ,-3.7617433,7.499032
002363.SZ,-8.622029,4.076434
002364.SZ,-7.0450826,-5.3222466
002365.SZ,-6.2417455,0.7851708
002366.SZ,6.7860603,2.5694115
002367.SZ,8.455731,-2.567281
002368.SZ,-6.566799,1.0254425
002369.SZ,-11.107442,-2.9071064
002370.SZ,1.1241877,0.4438227
002371.SZ,-1.4454197,18.19136
002372.SZ,-1.851267,3.0762434
002373.SZ,4.494716,-1.1241417
002374.SZ,8.19635,-1.2346783
002375.SZ,-0.10109608,-4.0999117
002376.SZ,7.6993203,-0.5332459
002377.SZ,-1.8240598,3.0534806
002378.SZ,-1.5142707,20.859667
002379.SZ,-2.381086,19.167143
002380.SZ,-8.983718,6.9197745
002381.SZ,-4.575067,-5.462499
002382.SZ,2.2093499,-9.302132
002383.SZ,-10.154615,1.9265791
002384.SZ,-0.0017292043,19.416407
002385.SZ,-0.2906993,-3.4860032
002386.SZ,11.849849,-1.1019236
002387.SZ,4.4331665,23.355806
002388.SZ,1.6223506,21.264889
002389.SZ,-3.9060366,-6.0236588
002390.SZ,4.5207806,-5.8301263
002391.SZ,7.826117,11.699924
002392.SZ,-1.8865671,3.1030722
002393.SZ,-6.6861186,1.1187153
002394.SZ,-0.54398775,4.7179956
002395.SZ,-1.3142184,5.9961753
002396.SZ,-11.289129,-4.2746663
002397.SZ,-0.14791612,-3.9070783
002398.SZ,-0.96857655,2.641645
002399.SZ,2.623504,0.12684529
002400.SZ,5.928527,6.09419
002401.SZ,-8.134934,7.9499197
002402.SZ,7.0104704,21.748348
002403.SZ,-1.1706096,4.9980493
002404.SZ,-0.5443789,4.7228613
002405.SZ,-5.655839,0.4278743
002406.SZ,-10.855637,-0.19110726
002407.SZ,-1.4731505,-11.371844
002408.SZ,11.14608,-0.26708284
002409.SZ,-0.4249962,17.836386
002410.SZ,-0.3888894,-11.247285
002412.SZ,3.6074946,12.221035
002413.SZ,-11.158316,-4.6732635
002414.SZ,2.368302,-9.615765
002415.SZ,9.355132,-5.669715
002416.SZ,-9.351698,2.6825607
002418.SZ,-0.22170213,-3.7184608
002419.SZ,-8.351048,0.5236975
002420.SZ,-1.3170327,-1.3082336
002421.SZ,1.4222596,0.42436627
002422.SZ,-8.238446,7.8692503
002423.SZ,-9.470846,5.8590302
002424.SZ,2.564876,13.231094
002425.SZ,0.740806,13.492364
002426.SZ,5.197025,23.218304
002427.SZ,4.2468543,-0.7734972
002428.SZ,-2.4051032,19.90589
002429.SZ,-1.3089038,-1.3281417
002430.SZ,9.356301,-3.8176703
002431.SZ,8.094808,-6.187773
002432.SZ,-6.508007,8.581043
002434.SZ,-11.310256,-4.4686284
002436.SZ,4.4589515,23.35794
002437.SZ,-5.559263,0.36399025
002438.SZ,6.4722624,12.22092
002439.SZ,4.930285,-1.9230294
002440.SZ,-10.503871,-3.1592152
002441.SZ,-7.0206933,-4.0244184
002442.SZ,9.659701,0.922982
002443.SZ,-2.3669271,19.86105
002444.SZ,-9.301655,1.0422107
002445.SZ,-2.2729774,20.175121
002446.SZ,-10.115838,1.9581889
002448.SZ,-10.850137,-0.18781401
002449.SZ,-0.78100526,17.938963
002451.SZ,-6.982784,-3.6077852
002452.SZ,-0.94607764,7.125345
002453.SZ,10.551946,0.32672364
002454.SZ,-10.8313465,-1.4414214
002455.SZ,10.751683,0.14028339
002456.SZ,-2.4369204,17.54677
002457.SZ,-0.96420646,5.1040225
002458.SZ,-3.7613719,4.4608593
002459.SZ,-0.15622309,-8.413361
002460.SZ,-0.2970254,21.107027
002461.SZ,-0.6926039,4.8896155
002462.SZ,-8.898565,2.0017073
002463.SZ,-2.6219907,17.95278
002465.SZ,-10.3300705,0.21152951
002466.SZ,-0.4486732,21.140594
002467.SZ,-1.042499,14.437237
002468.SZ,-4.9081388,8.210796
002469.SZ,-3.4965835,4.0233374
002470.SZ,8.496406,11.803956
002471.SZ,-7.056177,-5.2673244
002472.SZ,-8.730512,3.9469526
002474.SZ,-7.399377,1.8397942
002475.SZ,-2.3983686,17.54643
002476.SZ,-4.111964,5.033605
002478.SZ,-2.372895,19.6866
002479.SZ,2.2933652,0.20827097
002480.SZ,7.898845,0.23773
002481.SZ,8.178157,-8.565246
002482.SZ,-0.31636763,-2.9999022
002483.SZ,7.009645,1.9839237
002484.SZ,1.6243075,21.266708
002485.SZ,-10.371774,-4.2758307
002486.SZ,16.580238,2.0716999
002487.SZ,-1.8657306,6.8619165
002488.SZ,-7.857674,4.8565645
002489.SZ,-9.105031,0.6476509
002490.SZ,6.281396,-9.682786
002491.SZ,-10.221537,1.1942395
002492.SZ,-11.748588,7.896464
002493.SZ,4.996829,-2.005512
002494.SZ,16.78268,2.2081842
002495.SZ,8.487954,-2.796378
002496.SZ,7.7101984,11.701354
002497.SZ,-0.6891449,21.09157
002498.SZ,-7.071331,-5.048367
002500.SZ,6.679623,3.182262
002501.SZ,-1.5038912,20.833582
002506.SZ,5.0008817,-14.284787
002507.SZ,9.278757,-6.4856105
002508.SZ,-0.26377407,-3.5596912
002510.SZ,-10.628694,2.0003724
002511.SZ,6.755028,-9.57557
002512.SZ,5.8616867,5.63868
002513.SZ,7.7087207,11.702541
002514.SZ,-4.5066504,9.250506
002515.SZ,7.8278065,0.4029522
002516.SZ,-11.021093,-2.096601
002517.SZ,-1.8958226,13.806158
002518.SZ,1.9052763,-15.845148
002519.SZ,-8.409066,4.5212803
002520.SZ,-1.2782406,20.63334
002521.SZ,-6.5430474,6.1727495
002522.SZ,-0.045962505,-4.3175983
002523.SZ,5.708835,5.2594185
002524.SZ,5.651039,-10.30688
002526.SZ,0.1538423,7.94896
002527.SZ,7.7482133,-1.0553548
002528.SZ,8.594447,-2.498359
002529.SZ,4.9734163,-9.630117
002530.SZ,5.5354204,6.648872
002531.SZ,1.6077048,-15.806793
002532.SZ,-2.3058379,20.207035
002533.SZ,0.18519789,7.0708394
002534.SZ,9.805668,-5.614088
002535.SZ,-1.8660605,6.937604
002536.SZ,-8.629728,4.0733776
002537.SZ,-10.583238,2.0332599
002538.SZ,8.502069,11.805341
002539.SZ,8.381761,11.777431
002540.SZ,-2.38179,19.814754
002541.SZ,-0.41569182,21.146664
002542.SZ,8.192991,-6.2679486
002543.SZ,-1.2461834,5.214437
002544.SZ,-7.6521044,5.7443585
002545.SZ,7.992365,11.726998
002546.SZ,-7.034387,-4.1857214
002547.SZ,-11.017215,-2.1381965
002548.SZ,-0.95521694,-2.165937
002549.SZ,5.107848,-2.5105546
002550.SZ,10.298345,8.34376
002551.SZ,9.074806,-5.6452117
002552.SZ,1.2051598,20.59074
002553.SZ,-10.839382,-1.5183326
002554.SZ,-8.642883,14.169775
002555.SZ,-0.8293136,14.306691
002556.SZ,8.468131,11.796462
002557.SZ,7.850851,0.33044174
002558.SZ,-1.2489213,14.493169
002559.SZ,-2.2984996,19.930063
002560.SZ,-6.942487,-3.2026973
002561.SZ,-9.435337,4.818279
002562.SZ,-3.7582877,7.4974637
002563.SZ,15.207888,3.0532436
002564.SZ,9.1092415,-3.2362564
002565.SZ,7.7216115,-1.0100546
002566.SZ,3.5863483,12.281043
002567.SZ,-1.3096713,-1.3319179
002568.SZ,1.5300019,13.406909
002569.SZ,16.62658,2.089899
002570.SZ,2.5851083,12.967271
002571.SZ,-10.363026,-4.236518
002572.SZ,-9.291445,1.0692775
002573.SZ,2.5899622,0.09834816
002574.SZ,16.61823,2.0842683
002575.SZ,-4.517499,9.237209
002576.SZ,-6.924783,-3.120931
002577.SZ,-6.817973,5.131567
002578.SZ,-2.2777379,20.200508
002579.SZ,5.1462917,23.228582
002580.SZ,-7.042196,-5.3341565
002581.SZ,11.069934,8.160265
002582.SZ,8.658304,-3.411255
002583.SZ,-8.473788,4.3768663
002584.SZ,-4.1578913,5.070035
002585.SZ,0.24350402,-7.7242956
002586.SZ,7.8175287,-5.854522
002587.SZ,-2.5010912,17.583702
002588.SZ,7.3315234,11.692143
002589.SZ,-7.9900684,0.28452033
002590.SZ,-7.0727196,6.6694326
002591.SZ,-7.261102,1.6449832
002592.SZ,-11.076452,-5.1913357
002593.SZ,-2.1756866,20.341063
002594.SZ,-0.85016155,5.3821583
002595.SZ,-6.5454893,6.129539
002596.SZ,-3.6432219,-6.21367
002597.SZ,8.877006,-4.310359
002598.SZ,-4.006648,0.34670627
002599.SZ,9.114838,-5.6165624
002600.SZ,0.4884087,19.80803
002601.SZ,-0.015597335,2.4431036
002602.SZ,-0.1571331,13.683198
002603.SZ,3.6207256,12.179784
002605.SZ,-1.6934929,14.179278
002606.SZ,-0.5973321,7.150992
002607.SZ,-2.8555312,-11.0012455
002608.SZ,-4.373016,5.931289
002609.SZ,-5.567102,0.3666014
002611.SZ,-9.407935,1.167383
002612.SZ,14.892688,3.3553803
002613.SZ,6.2255793,4.092133
002614.SZ,0.16397291,-5.286481
002615.SZ,-8.035827,5.3023896
002616.SZ,-5.501316,0.33449805
002617.SZ,4.393345,-15.084431
002620.SZ,0.19786625,-5.4752126
002622.SZ,4.5041165,-10.282736
002623.SZ,4.4144945,-15.067994
002624.SZ,-0.2228182,13.728422
002625.SZ,-4.892515,-5.151253
002626.SZ,8.690022,-8.167012
002627.SZ,6.835676,2.9709406
002628.SZ,7.407353,-5.388048
002629.SZ,-8.648985,14.164262
002630.SZ,5.6865,6.0470085
002631.SZ,-10.083921,-4.968546
002632.SZ,-0.95854044,5.304658
002633.SZ,-4.5303297,9.2095375
002634.SZ,14.980898,3.2692688
002635.SZ,-2.4840593,17.572647
002636.SZ,6.966159,21.8692
002637.SZ,0.1272592,2.7981648
002638.SZ,-1.2073724,5.0414643
002639.SZ,7.5585246,-0.5733271
002640.SZ,-1.1495687,14.501158
002641.SZ,0.06258175,-2.1599212
002642.SZ,-8.68666,7.338435
002643.SZ,10.116065,0.6771708
002644.SZ,3.6141372,12.180907
002645.SZ,4.694145,-9.708311
002646.SZ,-0.1889077,-3.838204
002647.SZ,1.5879647,0.3939879
002648.SZ,10.628955,0.25934508
002649.SZ,-7.4287486,2.3603911
002650.SZ,8.861705,-8.227701
002651.SZ,-2.6804821,-6.8854785
002652.SZ,-3.575226,3.9826224
002653.SZ,-7.356833,8.252505
002654.SZ,-1.898985,13.787962
002655.SZ,0.29663676,19.652155
002656.SZ,14.840516,3.4067101
002657.SZ,-8.917099,7.00888
002658.SZ,2.8496578,0.010774315
002659.SZ,-4.7407084,8.557227
002660.SZ,0.21266189,7.0663667
002661.SZ,7.061718,2.819039
002662.SZ,-10.836403,-1.4803787
002663.SZ,-13.369814,3.3218954
002664.SZ,-11.289425,-3.343444
002666.SZ,-1.982713,3.1886015
002667.SZ,-0.45760345,21.144573
002668.SZ,-1.5768198,6.3814154
002669.SZ,-2.2423844,3.3249557
002670.SZ,5.6049747,6.57382
002671.SZ,-4.815747,-5.2275004
002672.SZ,4.6664667,-1.461766
002673.SZ,6.482185,4.0566406
002674.SZ,-0.32191384,-2.9270315
002675.SZ,-6.8387747,1.2583785
002676.SZ,-1.2342861,5.0840797
002677.SZ,-0.0975301,-4.1677947
002678.SZ,-4.0288334,0.5348996
002679.SZ,9.0162945,-6.7364388
002681.SZ,0.010930104,19.424484
002682.SZ,-4.5277123,9.205418
002683.SZ,-2.7625182,3.6217406
002685.SZ,-1.9999063,20.347794
002686.SZ,6.6008363,3.0890622
002687.SZ,14.94596,3.303763
002688.SZ,-1.3269578,2.796363
002689.SZ,6.977978,3.3827586
002690.SZ,4.492977,-9.782147
002691.SZ,5.564291,6.5884867
002692.SZ,-0.87505674,7.12584
002693.SZ,10.212801,8.384135
002694.SZ,-1.1646409,5.669566
002695.SZ,9.378349,-6.8954124
002696.SZ,-1.3189563,-1.303371
002697.SZ,-10.096674,2.0235357
002698.SZ,5.9024286,5.324945
002700.SZ,-5.181192,7.6687026
002701.SZ,7.9144278,0.19350655
002702.SZ,8.647526,-3.3771024
002703.SZ,-6.8246994,7.1796894
002705.SZ,-0.5975942,-2.8234189
002706.SZ,4.8799915,-14.500936
002707.SZ,-7.622572,4.871927
002708.SZ,-8.243274,4.527153
002709.SZ,-2.0720124,-10.426935
002712.SZ,6.471464,4.7193017
002713.SZ,0.07229383,-4.8398504
002714.SZ,-4.0528097,4.967884
002715.SZ,-10.810515,0.3688425
002716.SZ,-2.3842156,19.99428
002717.SZ,-5.6436353,0.40604886
002718.SZ,-3.3601422,3.8309598
002719.SZ,2.7163749,12.797193
002721.SZ,16.812986,2.232259
002722.SZ,-2.382276,19.71222
002723.SZ,0.14858611,-5.1965623
002724.SZ,6.0235653,19.653736
002725.SZ,-7.9936233,4.7267685
002726.SZ,8.496463,-2.7347302
002727.SZ,5.0991683,-5.3614964
002728.SZ,3.2292407,13.076031
002729.SZ,5.6000805,19.417282
002730.SZ,9.753673,-4.967855
002731.SZ,16.99394,2.3748662
002732.SZ,2.5176578,13.069003
002733.SZ,2.6507525,-15.832128
002734.SZ,7.9751,11.722347
002735.SZ,-0.048671346,-4.2911983
002736.SZ,7.007168,2.2748966
002737.SZ,-3.0810266,13.194316
002738.SZ,-1.5121939,20.846119
002739.SZ,-2.9148984,3.8588235
002741.SZ,9.597831,0.96114856
002742.SZ,-3.1591887,-6.5428395
002743.SZ,-1.5049192,20.776745
002745.SZ,6.864005,22.077288
002746.SZ,-3.6200485,4.2101603
002747.SZ,-3.987088,-0.085215405
002748.SZ,-2.775173,3.641294
002749.SZ,-4.8320646,8.377292
002750.SZ,1.5758864,13.402526
002752.SZ,7.013465,3.311531
002753.SZ,-0.02085774,2.439162
002755.SZ,-7.4167624,1.8526798
002756.SZ,-0.8301838,21.036184
002757.SZ,7.2670965,0.7031468
002758.SZ,3.2019885,12.488073
002759.SZ,0.2417515,-8.262413
002760.SZ,-4.302813,1.1975778
002761.SZ,0.13219248,7.9366345
002762.SZ,15.236597,3.027127
002763.SZ,15.227018,3.0360284
002765.SZ,4.596473,23.333778
002766.SZ,-10.273622,2.3383908
002767.SZ,6.416178,3.3846226
002768.SZ,-0.2096651,-2.4835863
002769.SZ,6.5329103,12.175754
002771.SZ,-8.075689,7.9922395
002772.SZ,2.5850124,13.225471
002773.SZ,-10.4224615,5.9527016
002774.SZ,9.123743,-5.6643143
002775.SZ,7.8458314,-5.893925
002777.SZ,-5.5874796,0.37798735
002778.SZ,3.3686247,-0.21360894
002779.SZ,-6.58162,7.924266
002780.SZ,14.934165,3.3147132
002782.SZ,0.7337688,20.039637
002783.SZ,-2.5818245,3.5266485
002785.SZ,-4.9449053,6.79734
002786.SZ,-6.857334,5.216285
002787.SZ,-6.764612,5.1001787
002788.SZ,-9.628614,3.5693285
002789.SZ,-0.10158438,-2.3736246
002790.SZ,-8.086179,5.2380776
002791.SZ,-1.4641287,-10.970943
002792.SZ,-10.938925,-2.5191922
002793.SZ,5.182804,-4.3457494
002795.SZ,-3.8297086,-11.378084
002796.SZ,-10.144449,1.8867568
002797.SZ,6.225436,4.525131
002798.SZ,1.5838588,-10.705489
002799.SZ,9.244915,-6.573843
002800.SZ,-11.9141865,8.077636
002801.SZ,-0.15816523,7.1927967
002802.SZ,11.014825,-0.12555164
002803.SZ,-0.55601996,13.975304
002805.SZ,5.0030613,-14.232786
002806.SZ,-11.335477,-4.4115496
002807.SZ,0.5630622,8.027928
002808.SZ,5.7747188,19.505104
002809.SZ,-1.787931,3.0675402
002810.SZ,12.01892,-1.3691138
002811.SZ,-0.54429644,4.7176795
002812.SZ,-0.9785143,-8.535025
002813.SZ,-8.927051,3.7173555
002815.SZ,5.2274365,23.213942
002816.SZ,9.647797,-4.4426584
002817.SZ,4.215401,-0.7550621
002818.SZ,-4.211944,5.145133
002819.SZ,9.348343,-3.7452152
002820.SZ,7.917527,0.17383498
002821.SZ,12.136747,8.213758
002822.SZ,0.23192619,-5.774334
002823.SZ,-4.6722646,8.707532
002824.SZ,-1.210388,20.889359
002825.SZ,10.5869,0.29796115
002826.SZ,-3.7305892,7.5107656
002827.SZ,-5.9951854,8.033051
002828.SZ,-8.765492,14.062433
002829.SZ,-3.4085395,-6.3700085
002830.SZ,-0.8855291,5.0065346
002831.SZ,7.0783153,3.0104825
002832.SZ,16.793514,2.2172863
002833.SZ,7.5875936,-9.468212
002835.SZ,-6.579971,5.965127
002836.SZ,7.9206786,0.17495282
002837.SZ,7.834044,-1.1710029
002838.SZ,-0.35362908,-2.9590695
002839.SZ,7.4323936,-5.4144793
002840.SZ,-6.6893873,5.674979
002841.SZ,7.0774317,20.894217
002842.SZ,-1.3984159,20.902906
002843.SZ,-2.3743236,19.151663
002845.SZ,7.079131,20.896576
002846.SZ,6.974622,3.4029498
002847.SZ,7.8152256,0.4330153
002848.SZ,-1.2892476,-1.3495715
002849.SZ,6.035178,4.4112678
002850.SZ,-7.08151,-4.800235
002851.SZ,-7.0054846,-3.7356799
002852.SZ,9.188671,-5.7150655
002853.SZ,5.2527857,-6.3391438
002855.SZ,-2.6485515,17.906942
002856.SZ,-0.20642805,-2.5059052
002857.SZ,7.5451813,-0.50573635
002858.SZ,-4.392138,1.3646979
002859.SZ,6.030823,22.936464
002860.SZ,0.15209784,-5.224703
002861.SZ,0.23325817,19.602728
002862.SZ,-4.5501227,9.184962
002863.SZ,-10.810763,-1.1089551
002864.SZ,-3.3467143,13.0693245
002865.SZ,-0.9465848,7.129719
002866.SZ,5.653014,6.4860635
002867.SZ,15.22439,3.0382369
002868.SZ,-4.780974,6.6099567
002869.SZ,-7.2180815,6.513002
002870.SZ,-10.535978,2.0824292
002871.SZ,6.535289,12.174596
002872.SZ,-8.403694,0.5540814
002873.SZ,2.5539706,13.232986
002875.SZ,16.998423,2.3793225
002876.SZ,6.9847903,20.653763
002877.SZ,-4.559098,9.135395
002878.SZ,8.504499,-2.8625531
002879.SZ,1.6099433,-15.809548
002880.SZ,10.431351,8.29794
002881.SZ,4.589085,23.336567
002882.SZ,-0.22316286,7.2268047
002883.SZ,-12.9004345,3.6995096
002884.SZ,6.5069294,12.200902
002885.SZ,0.88033414,20.191809
002886.SZ,-0.34905514,-2.9397404
002887.SZ,4.0587792,-0.66378146
002888.SZ,-2.5020492,17.591204
002889.SZ,-11.732788,7.879475
002890.SZ,8.768864,-6.3985057
002891.SZ,-0.93139446,-2.201474
002892.SZ,4.9583178,-13.482671
002893.SZ,-4.184969,5.4600363
002895.SZ,-0.057099402,2.4570262
002896.SZ,-4.725708,8.604057
002897.SZ,1.3630444,20.810364
002898.SZ,-3.8049881,7.4742455
002899.SZ,-4.5220065,9.2269335
002900.SZ,5.17648,-4.3901143
002901.SZ,8.968907,-4.98837
002902.SZ,-7.6086135,5.845581
002903.SZ,-2.2670255,19.997576
002905.SZ,-3.845172,4.7013593
002906.SZ,-11.188571,-2.661511
002907.SZ,-3.313735,13.013425
002908.SZ,5.106372,-2.3584425
002909.SZ,-1.4506487,2.8553917
002910.SZ,2.8076398,12.6994505
002911.SZ,-4.1583843,5.4722705
002912.SZ,9.467921,-6.7832937
002913.SZ,5.9432664,19.606367
002915.SZ,11.455434,-0.6131886
002916.SZ,-0.015207253,19.403887
002917.SZ,-4.2181916,5.189383
002918.SZ,0.27655345,-6.350782
002919.SZ,0.49856865,13.509379
002920.SZ,-8.1703615,4.591128
002921.SZ,-11.323718,-3.7827559
002922.SZ,-1.3703784,7.026899
002923.SZ,1.3268024,-11.956083
002925.SZ,7.122793,21.121616
002926.SZ,7.3840127,0.89365315
002927.SZ,0.28513548,7.0416656
002928.SZ,-7.0524106,-5.3133893
002929.SZ,-10.106365,2.005307
002930.SZ,-4.327189,1.2500963
002931.SZ,-4.3349495,1.2646682
002932.SZ,2.2339733,-9.305772
002933.SZ,-4.814433,-5.22926
002935.SZ,-4.049944,-5.9070177
002936.SZ,8.5616,-6.514385
002937.SZ,-2.6631002,17.79467
002938.SZ,0.27073845,19.630949
002939.SZ,7.7670536,-0.9732147
002940.SZ,5.2014585,-4.032159
002941.SZ,-13.189885,3.488924
002942.SZ,7.638997,11.710848
002943.SZ,-2.3580236,19.70548
002945.SZ,6.5559087,3.9123008
002946.SZ,2.907172,12.593914
002947.SZ,0.00734569,19.42407
002948.SZ,7.387717,-5.3651505
002949.SZ,7.8201017,-5.862544
002950.SZ,8.997067,-5.092111
002951.SZ,9.036442,-5.1703024
002952.SZ,-2.6870418,17.845722
002953.SZ,2.31255,-15.848063
002955.SZ,-6.81414,5.098782
002956.SZ,8.278096,-1.6435193
002957.SZ,7.8917313,-9.357572
002958.SZ,7.49199,-5.4760933
002959.SZ,-1.3043096,-1.341316
002960.SZ,4.9376693,-9.635794
002961.SZ,4.3667893,-0.9325935
002962.SZ,0.11290883,19.500433
002963.SZ,-0.2645241,-3.3718143
002965.SZ,-8.337201,4.443295
002966.SZ,0.10864661,7.9271073
002967.SZ,6.346494,-9.650904
002968.SZ,0.5808527,-11.740205
002969.SZ,9.045031,-5.3230486
002970.SZ,8.604039,-2.5806317
002971.SZ,-3.212056,3.8087995
002972.SZ,9.240363,-6.666765
002973.SZ,4.7108536,-1.526478
002975.SZ,6.6621475,-9.603506
002976.SZ,-10.320746,2.3249066
002977.SZ,4.756268,-7.3145995
002978.SZ,-1.4165771,20.880852
002979.SZ,8.801906,-2.6315942
002980.SZ,7.5387115,-0.48557428
002981.SZ,0.87435526,20.18572
002982.SZ,10.517284,0.35591847
002983.SZ,1.3447653,20.78976
002984.SZ,-10.790561,0.32150942
002985.SZ,-2.1819074,-7.260717
002986.SZ,12.205349,-1.685555
002987.SZ,5.184644,-4.343111
002988.SZ,-2.3120763,20.181137
002989.SZ,0.089648806,-2.1157918
002990.SZ,-5.6425953,0.4133512
002991.SZ,-6.740228,5.135405
002992.SZ,-2.6231937,17.952206
002993.SZ,4.465487,23.354742
002995.SZ,-0.10338308,13.64699
002996.SZ,-0.70520705,21.092659
002997.SZ,-6.802674,7.0876446
002998.SZ,4.4408097,-1.0436525
002999.SZ,2.9302285,12.591822
003000.SZ,5.8364515,6.3192515
003001.SZ,0.78106076,8.010377
003002.SZ,-4.7249074,6.456553
003003.SZ,8.743878,-3.8629556
003004.SZ,6.552413,3.977295
003005.SZ,1.5791053,0.39001977
003006.SZ,5.702789,5.5988126
003007.SZ,-8.556308,7.519676
003008.SZ,3.2434275,-15.722192
003009.SZ,-3.5679517,-6.2635403
003010.SZ,-0.109826244,13.658614
003011.SZ,-10.117275,-4.9427047
003012.SZ,0.06424262,-4.7959313
003013.SZ,7.534383,-5.526284
003015.SZ,1.5204606,21.075369
003016.SZ,14.882449,3.3653457
003017.SZ,10.568518,0.3125098
003018.SZ,-0.27937314,-2.5380168
003019.SZ,0.2943026,19.64906
003020.SZ,5.2039776,-3.8147106
003021.SZ,5.996336,22.956022
003022.SZ,12.189818,-1.6623224
003023.SZ,-0.3278574,-3.390573
003025.SZ,-1.1632284,20.64247
003026.SZ,1.2198257,17.71525
003027.SZ,5.1926675,-3.3710837
003028.SZ,5.1006317,23.23306
003029.SZ,-6.6500664,1.0933878
003030.SZ,8.914421,-4.542589
003031.SZ,5.493664,23.143522
003032.SZ,-4.02673,-11.457919
003033.SZ,-10.829201,-0.21999077
003035.SZ,4.4394174,-1.0521654
003036.SZ,7.9046474,-5.9652996
003037.SZ,-2.8446765,-6.7559814
003038.SZ,-0.43238357,21.141483
003039.SZ,4.9095535,-6.7279863
003040.SZ,5.594755,-7.310492
003041.SZ,-0.016343042,-4.4601483
003042.SZ,8.453008,11.788669
003043.SZ,-0.99619764,17.991789
003816.SZ,-8.488101,7.6036897
300001.SZ,1.714047,-15.820817
300002.SZ,-1.8798903,13.836364
300003.SZ,8.179083,-8.543882
300004.SZ,-7.0814514,-4.840764
300005.SZ,14.915777,3.333477
300006.SZ,1.9851593,-12.3164015
300007.SZ,9.80811,-5.5129013
300008.SZ,-4.173746,-5.8097267
300009.SZ,10.831189,8.199346
300010.SZ,-6.2647247,0.7972047
300011.SZ,7.076616,3.0938363
300012.SZ,8.767184,-9.079434
300013.SZ,-4.171223,0.8985542
300014.SZ,4.98208,-14.303913
300015.SZ,3.984467,-10.085066
300016.SZ,2.938029,0.0032249892
300017.SZ,-9.008805,6.888585
300018.SZ,-7.048483,-4.3675222
300019.SZ,9.965638,0.7609689
300020.SZ,-0.36703584,-11.258636
300021.SZ,7.657465,-5.6669474
300022.SZ,-13.368804,3.3236158
300024.SZ,6.106922,4.2667346
300025.SZ,-6.816212,7.206295
300026.SZ,3.507984,12.595903
300027.SZ,-1.6033367,3.0316684
300029.SZ,7.834168,-5.8764496
300030.SZ,9.073367,-6.135379
300031.SZ,-1.0754429,14.460199
300032.SZ,5.881443,23.019655
300033.SZ,-9.041567,6.8448753
300034.SZ,-2.6839886,-6.874274
300035.SZ,5.019214,-13.936367
300036.SZ,4.252533,-0.7913193
300037.SZ,11.846815,-1.0982445
300039.SZ,-3.3711717,13.030347
300040.SZ,2.2789922,0.2126988
300041.SZ,10.805772,0.08585477
300042.SZ,-6.8120303,5.1223936
300043.SZ,-0.8041011,14.2943
300044.SZ,-8.244581,7.8624816
300045.SZ,-6.580982,6.426252
300046.SZ,-0.63968974,17.899467
300047.SZ,-9.005838,6.8896546
300048.SZ,-7.0326037,-4.1957192
300049.SZ,-6.5458665,8.125395
300050.SZ,-10.228302,1.1390139
300051.SZ,-1.9183893,13.565798
300052.SZ,-1.8239352,14.008342
300053.SZ,-1.629292,18.310808
300054.SZ,-4.2018466,5.17379
300055.SZ,5.400321,-9.524461
300056.SZ,-8.210951,7.8941426
300057.SZ,-1.9861065,20.588837
300058.SZ,6.1385145,5.3713408
300059.SZ,9.838198,-6.324689
300061.SZ,-1.742713,14.118616
300062.SZ,4.9078603,-14.462948
300063.SZ,-1.5235617,14.309094
300065.SZ,-3.890801,-6.0342507
300066.SZ,8.769937,-2.5787714
300067.SZ,-9.792079,1.9800577
300068.SZ,0.31444532,7.045454
300069.SZ,3.7520757,-15.509749
300070.SZ,4.455676,-1.106732
300071.SZ,-6.496643,6.2530355
300072.SZ,-0.0015811723,2.4343498
300073.SZ,4.0065026,-15.369043
300074.SZ,-7.4689913,2.170796
300075.SZ,-10.074891,5.7329626
300076.SZ,6.7587557,3.0583358
300077.SZ,0.93426585,17.777845
300078.SZ,5.1800013,-4.36993
300079.SZ,-11.042773,-4.8884277
300080.SZ,1.3782593,-15.763282
300081.SZ,-4.396671,1.3716908
300082.SZ,11.809749,-1.047441
300083.SZ,-1.2761302,20.634089
300084.SZ,5.553796,6.5653963
300085.SZ,-8.019197,8.01902
300086.SZ,-6.9277277,1.3478625
300087.SZ,1.481543,13.391751
300088.SZ,4.4472504,23.357449
300091.SZ,-4.1615677,-11.437342
300092.SZ,6.8727756,2.3775067
300093.SZ,1.3197229,-15.7331915
300094.SZ,-4.446686,-5.580314
300095.SZ,8.73393,-9.073902
300096.SZ,4.883422,-5.093299
300097.SZ,9.05871,-3.0202599
300098.SZ,-10.329887,5.869002
300099.SZ,9.798735,-5.5142508
300100.SZ,-7.4867344,5.940541
300101.SZ,5.6608043,-7.2547293
300102.SZ,-1.0013788,17.989769
300103.SZ,8.685238,-9.10357
300105.SZ,5.7469254,5.1211424
300106.SZ,2.9114637,12.601645
300107.SZ,-4.9645367,7.029057
300108.SZ,2.558017,13.239087
300109.SZ,-2.8998578,3.6516266
300110.SZ,-5.6722717,0.44192496
300111.SZ,-6.215932,0.75468034
300112.SZ,8.715024,-2.5091608
300113.SZ,-1.3752024,14.438872
300114.SZ,-6.654168,7.686132
300115.SZ,4.9490566,23.25607
300117.SZ,1.5829798,-8.161905
300118.SZ,3.8474684,-15.469255
300119.SZ,-0.24606301,2.4658453
300120.SZ,5.833264,23.02815
300121.SZ,-1.903119,3.1501033
300122.SZ,12.278708,8.230594
300123.SZ,0.7024292,17.826283
300124.SZ,7.4169455,0.057954315
300125.SZ,4.8205285,-13.015616
300126.SZ,-10.445828,-3.780294
300127.SZ,-11.277312,-3.6226022
300128.SZ,0.0033499703,19.419827
300129.SZ,-6.9734,-3.472508
300130.SZ,-6.7848425,7.017724
300131.SZ,5.253478,23.21148
300132.SZ,12.2883,-1.8213241
300133.SZ,-4.2347097,5.385486
300134.SZ,-8.9253435,3.7648203
300135.SZ,6.2605605,3.9562812
300136.SZ,1.3479129,20.794952
300137.SZ,4.7175226,-1.5434994
300138.SZ,9.0197525,-5.175144
300139.SZ,-1.0637757,7.0832353
300140.SZ,-6.014056,0.64630914
300141.SZ,-7.0464497,-5.3108263
300142.SZ,12.338244,8.273839
300143.SZ,9.093393,-6.208886
300144.SZ,9.2725315,-5.643236
300145.SZ,-11.67866,7.8235393
300146.SZ,9.353001,-6.8373933
300147.SZ,3.6301653,12.172652
300148.SZ,-1.0141032,13.096297
300149.SZ,11.562263,8.13346
300150.SZ,-6.5180697,0.9854209
300151.SZ,9.70256,-4.6341567
300152.SZ,2.8326068,0.017953973
300153.SZ,2.2207415,-15.846916
300154.SZ,-11.979477,8.148356
300155.SZ,8.556349,-2.462835
300157.SZ,9.626985,-4.3588586
300158.SZ,4.401599,-0.9932346
300159.SZ,8.469858,-7.8020606
300160.SZ,-0.3217439,-3.375141
300161.SZ,-2.1173835,20.17665
300162.SZ,4.7938237,23.282549
300163.SZ,5.255225,-6.3591905
300164.SZ,-8.69618,14.12153
300165.SZ,9.633771,-4.399852
300166.SZ,-5.545597,0.36257985
300167.SZ,1.1135597,-11.864952
300168.SZ,5.2078786,-3.546776
300169.SZ,-1.1966028,5.708445
300170.SZ,-3.7676337,7.503264
300171.SZ,0.4553555,-9.013572
300172.SZ,-7.5036745,2.1845767
300173.SZ,-10.21272,-4.8546553
300174.SZ,-3.530711,4.0551553
300175.SZ,-6.758024,5.107832
300176.SZ,-10.783267,-1.0875785
300177.SZ,-10.670513,-1.0833449
300179.SZ,-10.817075,-1.5033997
300180.SZ,-3.740959,7.500456
300181.SZ,-2.901022,13.269749
300182.SZ,-3.958396,4.984937
300183.SZ,-10.746903,-1.8930628
300184.SZ,-2.3919492,17.555313
300185.SZ,8.506065,-6.482467
300187.SZ,5.191876,-3.4451835
300188.SZ,1.6671054,0.3692919
300189.SZ,2.4681778,13.180224
300190.SZ,5.040038,-2.2310007
300191.SZ,-8.559951,14.242786
300192.SZ,-4.860728,8.301011
300193.SZ,7.9445095,-9.350613
300194.SZ,-3.7511852,7.507072
300195.SZ,-10.493487,-3.1528234
300196.SZ,3.4996276,-15.646385
300197.SZ,4.5374556,-1.2399715
300198.SZ,0.23298049,-5.7831826
300199.SZ,-7.380488,8.245956
300200.SZ,-1.7492772,3.0372784
300201.SZ,-13.179498,3.496044
300203.SZ,7.785446,-1.1107403
300204.SZ,11.111493,8.148205
300205.SZ,4.8443394,-7.2891793
300206.SZ,7.099046,2.9777968
300207.SZ,4.106322,-15.29951
300208.SZ,0.84472597,13.489732
300209.SZ,-0.68295676,14.104752
300210.SZ,-6.708553,7.474439
300211.SZ,-10.968739,-5.165223
300212.SZ,3.4055862,-0.16110438
300213.SZ,-8.989657,3.67023
300214.SZ,-1.7586169,3.0472174
300215.SZ,3.6424947,-15.5599165
300217.SZ,-1.2314289,5.1075754
300218.SZ,0.057066597,-2.152542
300219.SZ,7.0084825,21.752985
300220.SZ,9.386291,-3.842065
300221.SZ,-0.28602847,-3.2895825
300222.SZ,4.125845,-15.2856655
300223.SZ,1.2515455,17.710814
300224.SZ,-11.163042,-2.74369
300225.SZ,5.295883,-6.410632
300226.SZ,0.53013414,13.50248
300227.SZ,9.668534,-4.498213
300228.SZ,9.073481,-3.1162906
300229.SZ,-9.53678,5.783672
300230.SZ,-0.18636851,-2.4438381
300231.SZ,-10.012149,5.7376723
300232.SZ,5.441428,23.162989
300233.SZ,4.8818,-5.125727
300234.SZ,0.01775715,-4.583982
300235.SZ,-7.4308743,2.3654513
300236.SZ,-0.36135444,17.8285
300237.SZ,-11.312654,-4.434996
300238.SZ,8.827979,-4.331848
300239.SZ,10.743587,8.231523
300240.SZ,-4.3917513,1.3684245
300241.SZ,0.36607224,17.880674
300242.SZ,-0.6461065,14.06182
300243.SZ,9.995241,0.7465994
300244.SZ,6.184802,-10.03357
300245.SZ,-7.4469614,1.9724354
300246.SZ,8.159103,-8.567766
300247.SZ,7.955218,0.051058836
300248.SZ,-7.430416,2.3614895
300249.SZ,5.82639,5.716498
300250.SZ,-9.425612,5.905926
300251.SZ,-2.988877,3.8888264
300252.SZ,-11.049919,-2.712897
300253.SZ,5.1791043,-4.3759284
300254.SZ,-9.384176,6.000437
300255.SZ,10.267049,8.365597
300256.SZ,0.009006277,19.42378
300257.SZ,-4.027859,0.5201453
300258.SZ,-11.318642,-3.77767
300259.SZ,9.856745,-5.912244
300260.SZ,-4.189832,0.9406151
300261.SZ,7.331814,11.694186
300263.SZ,8.642361,-9.127669
300264.SZ,-5.790818,0.5062145
300265.SZ,1.2449485,-15.691666
300266.SZ,5.135457,-2.5990853
300267.SZ,2.5153975,0.16628529
300268.SZ,11.008472,-0.119940065
300269.SZ,0.98451126,20.312317
300270.SZ,6.1987405,4.6534514
300271.SZ,5.20598,-3.6929972
300272.SZ,-1.104524,-1.8814824
300274.SZ,2.3737547,-15.847056
300275.SZ,-0.49693418,7.870889
300276.SZ,6.805541,2.5167723
300277.SZ,-3.7112625,7.5243607
300278.SZ,7.2619376,0.73827237
300279.SZ,5.305703,23.209978
300280.SZ,9.010263,-5.0903134
300281.SZ,6.7237616,2.7101917
300283.SZ,1.3725128,-15.76922
300284.SZ,0.87912923,8.073836
300285.SZ,0.15880635,-5.2678127
300286.SZ,6.0225825,4.413286
300287.SZ,3.1457403,-0.087577835
300288.SZ,-9.890977,5.693279
300289.SZ,8.739607,-4.0033236
300290.SZ,-7.2510905,8.22671
300291.SZ,-3.9288528,4.9137626
300292.SZ,-1.2309511,14.479218
300293.SZ,-6.926677,5.0653214
300294.SZ,10.614543,8.250519
300295.SZ,-1.8071545,14.036729
300296.SZ,6.956638,21.894655
300298.SZ,6.0572824,5.721902
300299.SZ,-1.1732249,14.480499
300300.SZ,1.9788486,-12.3218775
300301.SZ,1.2522348,17.709776
300302.SZ,5.8414745,5.684972
300303.SZ,-1.2469101,18.09531
300304.SZ,-10.612358,2.0088115
300305.SZ,0.25211307,-5.971161
300306.SZ,5.6993604,5.3089647
300307.SZ,7.8143024,-5.8538704
300308.SZ,-6.5128417,8.288558
300310.SZ,-8.264488,4.6823993
300311.SZ,4.7320714,-1.5371674
300313.SZ,-0.9722078,2.6726854
300314.SZ,7.9630513,0.014445699
300315.SZ,-1.6933079,14.172478
300316.SZ,4.7585554,-9.679106
300317.SZ,2.854382,-15.803822
300318.SZ,8.8086195,-4.2431493
300319.SZ,1.6305294,21.27285
300320.SZ,-4.5304184,-5.5044184
300321.SZ,-0.15770984,-2.4194162
300322.SZ,1.0301903,20.368956
300323.SZ,0.91076756,17.781557
300324.SZ,1.2509345,0.43708086
300326.SZ,8.801185,-8.128399
300327.SZ,2.2521818,17.58767
300328.SZ,-1.974589,20.642769
300329.SZ,-3.9904006,-0.52665466
300331.SZ,6.2699566,22.764252
300332.SZ,-2.9171438,4.0116453
300333.SZ,5.9602957,5.2801642
300334.SZ,8.774649,-9.0676365
300335.SZ,-2.8344688,3.9452317
300337.SZ,-2.3756294,19.108398
300338.SZ,-3.9651065,-11.474909
300339.SZ,-9.785471,5.716005
300340.SZ,5.02315,-13.979609
300341.SZ,-0.212243,7.220467
300342.SZ,-1.2074319,-1.6331323
300343.SZ,12.459852,-2.1432939
300344.SZ,1.5622509,0.39413786
300345.SZ,-4.697415,8.651602
300346.SZ,0.28896773,17.88759
300347.SZ,8.226804,-8.48629
300348.SZ,3.4814825,-0.22883514
300349.SZ,6.2997665,3.9578483
300350.SZ,-3.974662,-0.5805507
300351.SZ,-6.5233674,6.059414
300352.SZ,3.0116103,-0.027043626
300353.SZ,-8.999028,3.6422918
300354.SZ,5.723348,5.929957
300355.SZ,3.271975,-0.15950008
300357.SZ,11.605319,8.141084
300358.SZ,2.455698,-9.472783
300359.SZ,6.651095,12.055379
300360.SZ,-6.5537887,6.1066937
300363.SZ,-1.3156081,-10.679394
300364.SZ,-2.0112352,13.474715
300365.SZ,5.0707173,-2.251189
300366.SZ,-6.3279657,0.8467105
300368.SZ,2.80562,-9.791552
300369.SZ,1.2562099,-11.934818
300370.SZ,5.7662206,5.033352
300371.SZ,9.302077,-3.5947638
300373.SZ,-1.0788084,18.034632
300374.SZ,-4.7350836,5.79469
300375.SZ,-10.8113165,0.39239323
300376.SZ,1.3596904,-8.069486
300377.SZ,1.1612684,0.44186565
300378.SZ,-6.695748,1.1312305
300379.SZ,4.3873835,-5.76779
300380.SZ,-8.274328,7.834099
300381.SZ,3.4885213,-0.2344844
300382.SZ,4.0954432,-9.921235
300383.SZ,2.9920092,-0.016936129
300384.SZ,8.160194,-6.2442517
300385.SZ,4.406781,-5.815105
300386.SZ,7.437531,0.85406286
300387.SZ,7.351418,11.701174
300388.SZ,-6.7940693,1.1799059
300389.SZ,-2.3503578,17.52707
300390.SZ,0.90637815,-8.011977
300391.SZ,1.5063204,13.404392
300393.SZ,-0.030814106,-4.3870597
300394.SZ,-6.5284724,8.175124
300395.SZ,1.8891845,-15.83455
300396.SZ,7.079606,3.2097337
300397.SZ,-11.19073,-4.617995
300398.SZ,-1.7473844,3.0355544
300399.SZ,-1.8221114,14.008515
300400.SZ,8.764161,-9.079133
300401.SZ,-3.7149875,7.5170517
300402.SZ,7.212357,1.2588886
300403.SZ,-1.4281632,-1.0735867
300404.SZ,8.204083,-1.1291896
300405.SZ,11.293338,-0.434513
300406.SZ,7.962175,-0.014150033
300407.SZ,0.34970218,7.0542736
300408.SZ,1.0352281,20.373848
300409.SZ,5.0206156,-13.9622555
300410.SZ,6.379791,-9.645905
300411.SZ,-6.7297845,5.6310635
300412.SZ,6.0310087,-10.135876
300413.SZ,0.1716611,2.7697268
300414.SZ,-11.142896,-3.2575777
300415.SZ,5.5685806,6.545768
300416.SZ,7.8269978,-9.394039
300417.SZ,8.805221,-2.6312764
300418.SZ,-1.8267342,13.971667
300419.SZ,-5.7711806,0.49395642
300420.SZ,-4.1935534,0.9499188
300421.SZ,-3.9800522,-0.55909705
300422.SZ,5.1995344,-4.0277853
300423.SZ,4.9486995,-14.389332
300424.SZ,-4.147759,-5.828425
300425.SZ,-5.9648943,0.6102931
300426.SZ,-4.845333,6.7928834
300427.SZ,4.692011,-12.79552
300428.SZ,-11.021751,-2.1351578
300429.SZ,-3.523834,4.0768676
300430.SZ,5.720278,5.99972
300432.SZ,0.6852251,-9.567142
300433.SZ,4.601189,23.333334
300434.SZ,-6.2753053,0.8139595
300435.SZ,0.15366784,2.8148296
300436.SZ,3.1633554,-0.08582243
300437.SZ,-3.6211617,4.1967225
300438.SZ,-7.0031853,-3.804847
300439.SZ,9.150056,-6.408308
300440.SZ,-5.5662246,0.36725172
300441.SZ,-1.7063271,20.542482
300442.SZ,3.047601,-0.032359492
300443.SZ,3.3875697,-15.677066
300444.SZ,-0.091317356,7.1839027
300445.SZ,5.855174,4.8556776
300446.SZ,-7.490054,5.9492965
300447.SZ,2.9150834,-15.791459
300448.SZ,1.1564572,0.43654376
300449.SZ,7.7133217,-0.44444492
300450.SZ,1.386919,-9.336729
300451.SZ,4.9608583,-1.9459565
300452.SZ,-7.0757556,1.4917725
300453.SZ,8.823794,-4.310996
300454.SZ,-0.24080202,-11.333747
300455.SZ,6.498219,4.113974
300456.SZ,0.39757785,17.862202
300457.SZ,9.657893,-4.472122
300458.SZ,2.1402478,17.59499
300459.SZ,-1.6889966,14.186119
300460.SZ,6.92968,21.962786
300461.SZ,7.26084,0.7037309
300462.SZ,7.4563527,0.68102115
300463.SZ,8.65481,-8.226246
300464.SZ,-3.9774954,-0.55957943
300465.SZ,-7.4425764,1.9391437
300466.SZ,5.5380116,6.6588945
300467.SZ,-1.3136011,14.465942
300468.SZ,2.29309,0.20910615
300469.SZ,-8.568602,7.500881
300470.SZ,-11.98281,8.153132
300471.SZ,5.228429,-9.567674
300472.SZ,9.822714,-5.7401347
300473.SZ,-10.988569,-2.044392
300474.SZ,6.300251,22.745014
300475.SZ,-2.670734,17.829172
300476.SZ,-2.661677,17.778816
300477.SZ,1.0921857,-8.007014
300478.SZ,0.05819833,-2.1597836
300479.SZ,-10.312403,5.8670225
300480.SZ,6.7452507,-9.583239
300481.SZ,-1.0111814,2.663786
300482.SZ,9.106181,-6.274457
300483.SZ,-8.535004,14.262484
300484.SZ,-7.0435925,-4.320123
300485.SZ,11.11853,8.154981
300486.SZ,9.809963,-6.6317077
300487.SZ,-0.05668497,2.458323
300488.SZ,-4.046238,0.61120075
300489.SZ,7.2093787,1.2676843
300490.SZ,2.3804278,-9.624429
300491.SZ,-6.978961,-3.5453126
300492.SZ,-1.3866202,7.217577
300493.SZ,-2.4646363,17.548517
300494.SZ,-0.691286,14.127177
300496.SZ,4.4079943,-5.757626
300497.SZ,4.811834,-1.6724825
300498.SZ,-4.823251,6.702334
300499.SZ,6.771122,2.6075797
300500.SZ,8.511438,-7.407542
300501.SZ,8.542348,-3.0683048
300502.SZ,-6.5391283,8.163557
300503.SZ,-11.7048025,7.850186
300504.SZ,-10.673766,-1.1000907
300505.SZ,-3.3015807,-11.214845
300506.SZ,5.030772,-13.61697
300507.SZ,-11.340868,-3.8304229
300508.SZ,4.7927074,-5.248763
300509.SZ,7.151493,1.4631805
300510.SZ,3.4676273,-15.666653
300511.SZ,2.461565,13.192872
300512.SZ,5.3969264,-9.544951
300513.SZ,-6.7177978,1.1465067
300514.SZ,-6.881469,5.1754637
300515.SZ,6.8284388,2.4251425
300516.SZ,6.7987947,2.506435
300517.SZ,7.445827,-5.4285555
300518.SZ,0.7518757,13.493537
300519.SZ,3.4347076,12.895106
300520.SZ,-6.48195,0.9625894
300521.SZ,9.799864,-5.6312737
300522.SZ,-10.409844,-3.998092
300523.SZ,1.5429443,0.4006498
300525.SZ,-5.8084264,0.5273324
300527.SZ,9.123836,-3.1604674
300528.SZ,-4.771274,6.5885
300529.SZ,9.0211115,-5.3472733
300530.SZ,4.483024,-14.992229
300531.SZ,7.7470756,-0.7853982
300532.SZ,-7.389216,2.4139335
300533.SZ,-1.2157359,14.489838
300534.SZ,-3.306474,13.100621
300535.SZ,-3.0551455,3.7347023
300536.SZ,1.3646573,-8.133728
300537.SZ,-9.510932,1.2747716
300538.SZ,-0.26081064,-3.4173203
300539.SZ,-0.96893334,5.076176
300540.SZ,7.539697,-0.43773532
300541.SZ,2.463455,0.16315992
300542.SZ,-9.770937,5.7105827
300543.SZ,5.7998233,23.065088
300545.SZ,5.7681274,5.090216
300546.SZ,7.0080333,2.3706853
300547.SZ,-7.771645,5.0979023
300548.SZ,-11.151432,-4.7056494
300549.SZ,7.7609634,-1.0632988
300550.SZ,-3.7038698,7.535458
300551.SZ,4.2672715,-0.81706995
300552.SZ,5.6720095,6.489653
300553.SZ,9.809722,-5.5396094
300554.SZ,-8.685495,4.0084105
300555.SZ,-10.754391,-2.1798437
300556.SZ,-5.788699,0.5062325
300557.SZ,6.6895146,2.7349434
300558.SZ,4.7777624,-1.6161435
300559.SZ,-3.7581918,7.498713
300560.SZ,-10.215022,1.2597066
300561.SZ,-8.617733,7.433766
300562.SZ,6.3492017,5.017555
300563.SZ,-6.7942853,7.262845
300564.SZ,7.9584937,-8.067984
300565.SZ,-10.297413,0.44535306
300566.SZ,6.5554748,22.499975
300567.SZ,6.5137305,3.2247536
300568.SZ,-1.6125869,-11.136342
300569.SZ,4.0052834,-15.371789
300570.SZ,-6.9971766,6.844545
300571.SZ,-0.09800947,13.660915
300572.SZ,9.231466,-3.4408736
300573.SZ,-6.895278,1.3161296
300575.SZ,-3.316725,-11.217774
300576.SZ,-9.584269,1.3645618
300577.SZ,-0.9843203,5.4996004
300578.SZ,-11.2626505,-4.0826235
300579.SZ,4.4214916,-1.0277056
300580.SZ,-11.098333,-2.3571825
300581.SZ,-2.2876868,-7.168602
300582.SZ,6.8292584,20.40111
300583.SZ,1.5209424,0.40599677
300584.SZ,-9.532819,5.7773247
300585.SZ,-10.33645,2.2954087
300586.SZ,-2.293601,3.3567078
300587.SZ,-2.2187626,-7.22335
300588.SZ,9.220802,-3.6050775
300589.SZ,-2.8391426,-6.756255
300590.SZ,-10.965441,-5.4244204
300591.SZ,15.051563,3.2020183
300592.SZ,-0.090166524,13.647387
300593.SZ,0.16161312,-8.28531
300594.SZ,8.044634,-0.4631356
300595.SZ,2.5617187,-9.541206
300596.SZ,-1.365368,2.8175585
300597.SZ,-10.535192,-0.4255306
300598.SZ,2.1997087,0.24461707
300599.SZ,0.044325046,-4.7313504
300600.SZ,-3.839814,-6.07278
300601.SZ,12.307341,8.247105
300602.SZ,1.5946778,21.217089
300603.SZ,-10.280015,0.74264795
300604.SZ,-0.9458444,17.973469
300605.SZ,-7.4672017,2.2288566
300606.SZ,6.6124687,12.097825
300607.SZ,9.785115,-6.6536393
300608.SZ,-7.400953,1.8380064
300609.SZ,-7.473392,8.206232
300610.SZ,9.967787,0.76093787
300611.SZ,-10.8590975,-0.14678372
300612.SZ,6.152261,5.35194
300613.SZ,4.0560513,18.77154
300614.SZ,-0.18788242,-11.351422
300615.SZ,-10.312763,0.41409376
300616.SZ,1.6029634,-10.71728
300617.SZ,4.4204445,-15.061984
300618.SZ,-0.676882,21.090405
300619.SZ,9.67265,-4.47485
300620.SZ,-11.10162,-3.0058222
300621.SZ,0.05271607,-2.1675234
300622.SZ,-4.8054037,6.623718
300623.SZ,-0.63932186,17.89295
300624.SZ,-9.932825,5.697562
300625.SZ,-0.5694495,-2.8955638
300626.SZ,-6.952464,-3.2435746
300627.SZ,-10.772009,-2.1870053
300628.SZ,5.581421,-7.3220863
300629.SZ,6.098025,22.890247
300630.SZ,-0.15158767,-11.368226
300631.SZ,5.1798635,-4.380878
300632.SZ,-0.6347601,17.890001
300633.SZ,6.217256,5.3275657
300634.SZ,-10.350835,5.894764
300635.SZ,8.116064,-6.208524
300636.SZ,5.0006,-2.0769525
300637.SZ,-4.661701,6.269108
300638.SZ,2.0235603,-10.595809
300639.SZ,0.6977793,-9.05612
300640.SZ,-10.511817,-2.8978262
300641.SZ,-6.0417857,8.0589
300642.SZ,2.1071665,-9.226781
300643.SZ,-10.834374,0.23141198
300644.SZ,-0.5479953,4.7202797
300645.SZ,2.4529796,0.16736233
300647.SZ,9.5929365,0.97239405
300648.SZ,4.709563,-12.820366
300649.SZ,8.239507,-6.3060412
300650.SZ,7.094602,20.998707
300651.SZ,-4.1824756,-11.433481
300652.SZ,-8.945869,3.701071
300653.SZ,8.197698,-8.522874
300654.SZ,-1.1691726,13.100911
300655.SZ,4.1699624,18.867334
300656.SZ,9.484308,-6.8113956
300657.SZ,5.509649,23.132736
300658.SZ,0.042664133,-4.7237387
300659.SZ,4.1209555,-9.964706
300660.SZ,-6.944233,-3.217958
300661.SZ,3.1357532,17.960302
300662.SZ,-3.8501496,-11.40053
300663.SZ,-6.367587,0.87728846
300664.SZ,2.5166998,0.11780668
300665.SZ,-10.366517,-4.230668
300666.SZ,-1.627986,18.304207
300667.SZ,9.27006,-3.5500388
300668.SZ,-1.1988276,5.719439
300669.SZ,8.477831,-2.6932235
300670.SZ,1.4740998,-15.795258
300671.SZ,3.10904,17.945875
300672.SZ,1.2558061,17.712154
300673.SZ,-0.60823363,-2.7997682
300674.SZ,1.5454869,0.398593
300675.SZ,-13.224499,3.4595065
300676.SZ,8.199898,-8.519217
300677.SZ,2.0406492,-9.215244
300678.SZ,-8.617173,7.4337173
300679.SZ,0.12325452,19.509087
300680.SZ,-11.332067,-4.0867405
300681.SZ,1.1403164,-10.124099
300682.SZ,4.8408327,-1.7250329
300683.SZ,11.190005,8.14704
300684.SZ,4.646242,23.320314
300685.SZ,2.7088327,-9.616503
300686.SZ,6.368879,22.686298
300687.SZ,3.4751806,-0.22676396
300688.SZ,-11.967279,8.140356
300689.SZ,-11.193672,-3.415563
300690.SZ,-7.018244,-4.0310144
300691.SZ,0.55145335,19.864046
300692.SZ,3.8093762,-0.4911575
300693.SZ,2.3990326,-15.846331
300694.SZ,-10.833771,-1.4779506
300695.SZ,-10.802853,-1.2374661
300696.SZ,-2.4454825,-7.050882
300697.SZ,-0.44901642,17.840073
300698.SZ,-7.1987834,6.54171
300699.SZ,4.9210706,-5.0595226
300700.SZ,5.670266,-7.264666
300701.SZ,6.918165,21.983492
300702.SZ,4.7744784,-5.2802954
300703.SZ,-4.395925,1.3735892
300705.SZ,-6.497108,0.9738209
300706.SZ,5.772191,23.065973
300707.SZ,-11.194503,-2.8132832
300708.SZ,3.4331436,18.190975
300709.SZ,-2.3863428,17.55238
300710.SZ,5.453253,-7.372272
300711.SZ,-8.522304,4.326468
300712.SZ,7.9672904,-8.056179
300713.SZ,-7.041874,-4.299105
300715.SZ,12.134013,-1.5876741
300716.SZ,-0.97932875,5.0914536
300717.SZ,0.05863374,-2.1527627
300718.SZ,-11.859455,8.016444
300719.SZ,-4.8672237,-5.1759286
300720.SZ,5.726758,5.2493496
300721.SZ,-1.6013616,-11.166045
300722.SZ,-3.2783854,-6.4584947
300723.SZ,5.20402,-3.8939779
300724.SZ,4.265998,-9.850452
300725.SZ,-1.025471,-10.886036
300726.SZ,6.2328625,19.783634
300727.SZ,-1.3251921,2.7909029
300729.SZ,-10.498684,-2.6242993
300730.SZ,-6.23042,0.7794324
300731.SZ,-2.812815,-6.7794814
300732.SZ,8.283453,-6.33171
300733.SZ,5.6770463,-7.24876
300735.SZ,-2.6482294,17.900455
300736.SZ,-10.48465,-0.29128525
300737.SZ,12.120296,-1.572618
300738.SZ,4.7122755,-1.5167112
300739.SZ,4.5303326,23.355503
300740.SZ,-0.5262029,2.987676
300741.SZ,6.0925264,-10.068038
300743.SZ,5.989056,5.246457
300745.SZ,5.50973,-7.3786845
300746.SZ,-0.58218396,7.914523
300747.SZ,2.6234715,-9.74545
300748.SZ,4.782418,-7.3727937
300749.SZ,-10.42536,-3.8573804
300750.SZ,4.478988,-15.001048
300751.SZ,-0.6587138,-9.09398
300752.SZ,5.501844,23.135395
300753.SZ,8.778029,-4.08483
300755.SZ,-0.18462034,2.4558249
300756.SZ,-11.096104,-5.2749414
300757.SZ,-6.7719145,7.202151
300758.SZ,5.063961,-6.5211287
300759.SZ,-1.6954905,-10.375941
300760.SZ,7.9298654,0.15654388
300761.SZ,-2.9783778,3.6886191
300762.SZ,-11.00401,-5.174675
300763.SZ,1.5790812,-8.1590805
300765.SZ,-6.680966,7.526404
300766.SZ,-0.89945424,14.355673
300767.SZ,-1.1505991,-8.29062
300768.SZ,1.9830476,-12.297504
300769.SZ,-2.102572,-9.894316
300770.SZ,-2.8388844,3.802857
300771.SZ,9.774018,-6.2337728
300772.SZ,4.7138443,-12.830733
300773.SZ,4.918703,-1.8712454
300774.SZ,5.1643167,-3.0309234
300775.SZ,-3.3063583,-6.439185
300776.SZ,3.2025535,-10.05605
300777.SZ,4.9602785,-1.9290711
300778.SZ,8.0392275,-8.011662
300779.SZ,-6.418292,8.136324
300780.SZ,6.529962,12.178688
300781.SZ,-6.6640167,7.589325
300782.SZ,3.771769,18.498566
300783.SZ,8.960045,-4.8389425
300784.SZ,-3.3845737,-9.082015
300785.SZ,0.671643,13.494644
300786.SZ,1.1601145,-11.86595
300787.SZ,6.899848,22.015
300788.SZ,-0.673367,13.1624155
300789.SZ,9.1401205,-5.7355666
300790.SZ,6.721785,20.262276
300791.SZ,9.065987,-5.5987406
300792.SZ,0.48021933,13.512338
300793.SZ,7.014946,2.3678563
300795.SZ,6.6104646,12.08536
300796.SZ,8.353212,11.771236
300797.SZ,9.098891,-3.0925834
300798.SZ,-10.382658,-4.3986793
300800.SZ,5.187304,-4.300342
300801.SZ,-2.8652399,3.653991
300802.SZ,3.7863746,-9.989676
300803.SZ,-7.489055,8.198043
300804.SZ,-3.2775688,-11.216314
300805.SZ,8.630373,-3.376753
300806.SZ,0.1834973,-7.8368793
300807.SZ,-8.997608,6.902123
300808.SZ,-1.2622601,5.777023
300809.SZ,-0.8723741,20.877375
300810.SZ,-4.0147214,-5.9365335
300811.SZ,-10.9532,-5.467908
300812.SZ,7.034162,1.9224211
300813.SZ,2.340527,-9.389651
300814.SZ,0.1306977,19.513338
300815.SZ,1.33892,-11.935031
300816.SZ,2.6939852,-10.300428
300817.SZ,-3.9869044,-0.27986634
300818.SZ,7.8263545,-1.1655769
300819.SZ,0.029392134,-4.6842475
300820.SZ,4.4230843,-15.059465
300821.SZ,12.453358,-2.1141825
300822.SZ,7.103366,21.022823
300823.SZ,7.3739934,-9.521792
300824.SZ,0.2187748,-5.660177
300825.SZ,12.123643,-1.5985839
300826.SZ,7.586688,-5.5783854
300827.SZ,4.676155,-12.771073
300828.SZ,-3.9888663,0.06012221
300829.SZ,3.1677783,-9.929955
300830.SZ,1.6780108,0.3646087
300831.SZ,-0.9174015,17.96469
300832.SZ,-6.468967,6.233422
300833.SZ,8.968949,-2.8559456
300834.SZ,11.956156,-1.2578769
300835.SZ,-10.958949,-5.4613023
300836.SZ,5.7853036,5.0615664
300837.SZ,6.069581,-9.646958
300838.SZ,-4.208749,0.98700005
300839.SZ,3.3121395,-10.076139
300840.SZ,16.606365,2.0758686
300841.SZ,11.920202,8.1784935
300842.SZ,4.8030767,-12.984987
300843.SZ,0.52407014,19.839197
300844.SZ,7.9779925,-8.045222
300845.SZ,4.479976,-1.1095582
300846.SZ,-7.0214777,1.4443597
300847.SZ,-3.58765,4.120559
300848.SZ,10.658359,0.23063123
300849.SZ,-0.9687167,5.361644
300850.SZ,-2.1921911,-10.38314
300851.SZ,8.013708,-0.35761636
300852.SZ,6.941965,21.926655
300853.SZ,6.5253134,-9.627952
300854.SZ,1.4773666,-11.995767
300855.SZ,-0.88109195,21.025423
300856.SZ,-2.779491,3.9907103
300857.SZ,-6.687369,7.4802966
300858.SZ,8.848771,-8.261365
300859.SZ,-7.595637,5.5031066
300860.SZ,-4.0263805,0.5483732
300861.SZ,1.3693069,-10.361332
300862.SZ,9.111912,-3.1189265
300863.SZ,-10.990505,-2.034486
300864.SZ,4.419352,-5.770096
300865.SZ,8.776994,-9.074895
300866.SZ,5.4396577,23.162945
300867.SZ,4.867238,-5.1447606
300868.SZ,4.438313,23.357777
300869.SZ,5.7261243,-10.287061
300870.SZ,-7.0425377,-5.333881
300871.SZ,12.437685,-2.088685
300872.SZ,4.8457465,-5.175625
300873.SZ,-3.8436651,-11.394959
300875.SZ,4.538284,-9.761635
300876.SZ,5.2688327,-2.7666533
300877.SZ,0.18300119,-5.373861
300878.SZ,1.5765584,13.374181
300879.SZ,7.7121453,-5.700866
300880.SZ,6.7644672,2.5923958
300881.SZ,-2.3700116,19.94613
300882.SZ,6.4982285,3.2614996
300883.SZ,7.472278,-9.488025
300884.SZ,7.9391437,-9.306728
300885.SZ,-4.2058105,-11.428415
300886.SZ,-1.8309929,3.1028402
300887.SZ,-0.93333507,-9.125842
300888.SZ,5.145123,-10.377555
300889.SZ,3.455583,-15.652359
300890.SZ,4.390039,-15.092005
300891.SZ,11.406669,-0.5588631
300892.SZ,2.8606436,12.649029
300893.SZ,-7.7747793,4.9419184
300894.SZ,0.32124686,-6.668268
300895.SZ,4.7445602,-1.5602943
300896.SZ,4.697715,-10.343846
300897.SZ,9.891209,-6.4058924
300898.SZ,2.5457287,13.017736
300899.SZ,5.108949,-2.508412
300900.SZ,-2.8382616,-6.758459
300901.SZ,14.982941,3.2675514
300902.SZ,9.304437,-3.6429753
300903.SZ,5.528393,19.392801
300904.SZ,-2.5311623,-9.075628
300905.SZ,-9.124601,0.66206783
300906.SZ,9.303813,-6.925575
300907.SZ,2.0084856,-15.84063
300908.SZ,8.909305,-8.100768
300909.SZ,7.1519375,21.304031
300910.SZ,10.038257,0.72028655
300911.SZ,0.2298113,-5.7953463
300912.SZ,5.513662,-7.376685
300913.SZ,-8.87782,3.8465457
300915.SZ,2.5816612,12.967899
300916.SZ,7.0208454,20.731112
300917.SZ,-7.394165,8.238478
300918.SZ,0.05593203,-2.1547134
300919.SZ,0.92695516,-7.9964223
300920.SZ,0.12921152,-5.102896
300921.SZ,-0.9544503,14.394411
300922.SZ,3.0838,-10.024
300923.SZ,9.15455,-5.6863723
300925.SZ,-5.553643,0.35766536
300926.SZ,-10.580317,2.0379553
300927.SZ,10.141467,0.66034263
300928.SZ,-10.768057,-0.7963898
300929.SZ,0.09450225,-11.475484
300930.SZ,-2.2103937,20.35945
300931.SZ,6.021711,-10.139278
300932.SZ,4.660999,-12.755543
300933.SZ,2.7982922,-15.824246
300935.SZ,1.164136,-11.89777
300936.SZ,1.6230962,21.269207
300937.SZ,4.989984,-2.2965438
300938.SZ,6.25048,-9.661217
300939.SZ,6.3419833,22.709286
300940.SZ,6.8228188,20.390493
300941.SZ,6.6117287,-9.625512
300942.SZ,2.1735942,-9.27475
300943.SZ,-3.9942696,-0.40571883
300945.SZ,14.965562,3.2843325
300946.SZ,-3.1700516,-11.158646
300947.SZ,5.2502627,-2.8949487
300948.SZ,4.938359,-5.131107
300949.SZ,8.167195,-6.249677
300950.SZ,5.414201,-9.543938
300951.SZ,6.6000338,20.121208
300952.SZ,-0.0048046424,-2.2208433
300953.SZ,2.7198756,-15.831293
300955.SZ,11.475767,-0.6412423
300956.SZ,4.810022,23.276865
300957.SZ,12.439565,-2.0985334
300958.SZ,4.3119745,-5.894673
300959.SZ,-11.061001,-5.095181
300960.SZ,8.463268,-2.7179751
300961.SZ,1.4664022,-11.994668
300962.SZ,8.374532,-2.2729712
300963.SZ,-0.47221446,21.136328
300964.SZ,4.6674557,23.3227
300965.SZ,-2.6735873,-6.8831387
300966.SZ,4.414649,-5.751022
300967.SZ,-0.94707274,2.6382685
300968.SZ,5.3728447,23.185463
300969.SZ,-7.89905,4.790365
300970.SZ,2.4870462,13.177794
300971.SZ,-4.185424,-11.432933
300972.SZ,-2.8208883,13.314165
300973.SZ,2.235539,-9.341898
300975.SZ,6.9031067,22.018768
300976.SZ,6.3551188,22.699478
300977.SZ,1.5281649,-8.109247
300978.SZ,-11.354336,-4.2723646
300979.SZ,16.614891,2.0826168
300980.SZ,0.22407335,-5.702666
300981.SZ,-1.0868863,-9.10083
300982.SZ,1.4571775,-8.155492
300983.SZ,0.23065163,-8.483382
300984.SZ,-3.9867625,-0.102856904
300985.SZ,-11.019869,-5.313286
300986.SZ,0.14754838,-8.468915
300987.SZ,-0.036932785,13.611627
300988.SZ,-3.9927542,-0.32558468
300989.SZ,1.5073469,-8.107502
300990.SZ,5.434816,-9.542533
300991.SZ,7.0735383,20.846224
300992.SZ,-4.0407176,0.59392726
300993.SZ,5.105072,-6.4487705
300994.SZ,-3.1900413,-11.166334
300995.SZ,-0.07035027,-4.224195
300996.SZ,5.2561173,-2.7664306
300997.SZ,-0.5365565,13.231818
300998.SZ,9.388589,-3.8474166
300999.SZ,8.192395,-8.56447
301000.SZ,1.0277959,-9.978612
301001.SZ,-0.3718959,13.81698
301002.SZ,0.4709986,-8.164258
301003.SZ,0.2314221,-5.760576
301004.SZ,-6.4901567,8.358592
301005.SZ,5.032254,-7.392547
301006.SZ,7.9366155,-9.354681
301007.SZ,-11.1318865,-2.4793327
301008.SZ,0.22456439,-5.714881
301009.SZ,3.8084857,-9.979497
301010.SZ,9.937777,0.7075754
301011.SZ,-3.18442,-11.156905
301012.SZ,1.2428796,-15.688314
301013.SZ,7.7701135,-9.405427
301015.SZ,-9.625081,3.5636394
301016.SZ,9.124085,-6.060126
301017.SZ,3.8118541,-0.5340937
301018.SZ,6.5405393,3.193138
301019.SZ,0.29790002,-6.421534
301020.SZ,-11.3075,-4.446368
301021.SZ,6.8323536,-9.565936
301022.SZ,8.734379,-9.083025
301023.SZ,3.9794052,-15.388482
301024.SZ,7.92965,-8.0602255
301025.SZ,-0.37656692,13.296813
301026.SZ,-0.8458386,21.045843
301027.SZ,7.9956336,-8.037638
301028.SZ,9.30658,-3.6586983
301029.SZ,1.3168943,-9.327029
301030.SZ,-6.023404,0.65088135
301031.SZ,1.7653247,-15.826593
301032.SZ,8.551903,-6.5463786
301033.SZ,8.987293,-5.0287285
301035.SZ,7.600253,11.71373
301036.SZ,-10.505679,-2.366009
301037.SZ,4.7615175,-7.233058
301038.SZ,7.419168,-5.401898
301039.SZ,0.050450902,-2.217859
301040.SZ,-3.933739,-11.438008
301041.SZ,4.804477,23.282085
301042.SZ,9.023806,-3.1365361
301043.SZ,-11.718217,7.864238
301045.SZ,6.389682,22.665478
301046.SZ,1.5354319,-8.112884
301047.SZ,12.308509,8.246672
301048.SZ,9.321221,-6.8723383
301049.SZ,2.6793075,0.06877998
301050.SZ,-1.9976971,-7.4350944
301051.SZ,5.5982337,19.413559
301052.SZ,-0.5524743,13.239404
301053.SZ,9.87033,-6.1348586
301055.SZ,4.7473855,-7.22286
301056.SZ,8.737215,-8.262748
301057.SZ,5.2657948,-2.7537627
301058.SZ,7.558646,-5.549072
301059.SZ,12.141453,-1.5889419
301060.SZ,9.212189,-6.67347
301061.SZ,-10.372628,-4.2470016
301062.SZ,8.835923,-8.242141
301063.SZ,1.5790364,-8.149159
301065.SZ,0.12268061,-11.502014
301066.SZ,0.060053397,-4.789652
301067.SZ,6.220694,19.771309
301068.SZ,4.466971,-1.1205602
301069.SZ,11.333896,-0.48204818
301070.SZ,6.6449275,12.061
301071.SZ,-1.3724902,-9.254086
301072.SZ,-10.851965,-1.6009232
301073.SZ,7.5434256,-5.533813
301075.SZ,4.8954387,-5.0611734
301076.SZ,11.430372,-0.5847145
301077.SZ,12.446221,-2.1474435
301078.SZ,11.915912,-1.1962959
301079.SZ,-3.987947,-0.4183452
301080.SZ,12.142828,8.213512
301081.SZ,1.9675155,-12.291524
301082.SZ,4.792195,-12.96087
301083.SZ,7.6111507,-0.67276657
301085.SZ,-9.059168,6.8166747
301086.SZ,6.483377,20.00545
301087.SZ,5.838077,-10.23596
301088.SZ,14.836451,3.411353
301089.SZ,-10.390011,5.9179497
301090.SZ,11.712521,-0.9289763
301091.SZ,0.8945573,8.073481
301092.SZ,-0.29995114,2.4573753
301093.SZ,6.0811763,-10.111036
301095.SZ,4.1267715,18.833868
301096.SZ,5.5135026,-10.32571
301097.SZ,9.151875,-6.355266
301098.SZ,0.762402,-8.339718
301099.SZ,6.345903,22.707642
301100.SZ,-1.4826822,-11.362794
301101.SZ,-3.8062136,-11.383852
301102.SZ,1.0729259,-9.161512
301103.SZ,4.894495,-10.377609
301105.SZ,8.761534,-9.079743
301106.SZ,5.482957,23.147959
301107.SZ,-3.8608155,-11.402875
301108.SZ,12.445139,-2.1091974
301109.SZ,4.9085245,-5.1724334
301110.SZ,0.65085626,13.495268
301111.SZ,1.5959221,13.372377
301112.SZ,2.031209,-9.512517
301113.SZ,1.7812512,-10.743938
301115.SZ,1.4894211,-8.123526
301116.SZ,2.59778,-9.60275
301117.SZ,1.2998531,-11.957263
301118.SZ,12.449145,-2.1147833
301119.SZ,4.7916756,-7.3701215
301120.SZ,4.861938,-13.107609
301121.SZ,1.5528677,-8.137081
301122.SZ,0.5642008,-9.028714
301123.SZ,6.1893363,19.74994
301125.SZ,-2.562907,-10.831225
301126.SZ,4.646164,-5.6651487
301127.SZ,1.9361087,-12.289872
301128.SZ,7.219788,1.245217
301129.SZ,3.1282163,-10.035637
301130.SZ,4.446399,-5.721865
301131.SZ,0.25436518,-5.9780297
301132.SZ,7.1280303,21.406803
301133.SZ,4.817221,-7.3443246
301135.SZ,6.571955,22.48274
301136.SZ,8.443255,-7.70462
301137.SZ,-11.694223,7.8393106
301138.SZ,2.5938985,-9.743866
301139.SZ,5.6588035,-7.267763
301141.SZ,5.6819806,-7.235803
301148.SZ,4.882175,-5.171629
301149.SZ,11.787548,-1.0183355
301150.SZ,-1.2004359,-8.382089
301151.SZ,-3.9755461,-0.5593461
301152.SZ,-0.503369,21.132685
301153.SZ,4.904863,-5.0802207
301155.SZ,1.134896,-8.001902
301156.SZ,0.35045975,-6.8283467
301157.SZ,-0.3930191,-8.521723
301158.SZ,7.4237595,-9.498615
301159.SZ,5.2336907,-2.9647207
301160.SZ,-11.968661,8.137846
301161.SZ,7.9855156,-8.04684
301162.SZ,5.2274723,-2.711962
301163.SZ,3.9372656,-15.414892
301165.SZ,-10.234052,1.1400678
301166.SZ,0.08145132,-11.414442
301167.SZ,1.5265623,-8.085678
301168.SZ,4.999712,-14.256307
301169.SZ,6.506624,12.198379
301170.SZ,0.72616816,-9.606105
301171.SZ,0.28986868,13.557991
301172.SZ,1.032086,-11.842646
301175.SZ,5.1589365,-3.049861
301176.SZ,4.8122544,23.280102
301177.SZ,12.286217,8.219618
301178.SZ,0.6361216,-11.768868
301179.SZ,0.22311155,-11.56945
301180.SZ,6.748576,20.29761
301181.SZ,5.0477905,-7.3791428
301182.SZ,7.149997,21.266077
301183.SZ,0.8578702,20.167488
301185.SZ,4.9461193,-1.9289973
301186.SZ,8.705758,-9.086343
301187.SZ,-0.59508175,-2.814207
301188.SZ,4.4099803,-15.073058
301189.SZ,4.2207603,-9.919077
301190.SZ,4.7555394,-7.2551603
301191.SZ,-10.7640505,-2.2767189
301192.SZ,4.765873,-7.4422975
301193.SZ,4.749023,-7.2494206
301195.SZ,1.4567773,-12.002642
301196.SZ,8.649557,-9.124025
301197.SZ,-0.35355827,-11.255659
301198.SZ,-0.9110958,-8.415428
301199.SZ,9.853101,-5.893969
301200.SZ,6.510028,-9.625452
301201.SZ,12.30518,8.240151
301202.SZ,-3.9850101,-0.46596602
301203.SZ,5.191319,-4.239279
301205.SZ,-7.6740537,5.6670766
301206.SZ,-0.27596942,-8.9825
301207.SZ,12.182791,8.221632
301208.SZ,5.2273355,-3.0147624
301209.SZ,5.2820816,-6.4279413
301210.SZ,4.7439227,-12.879007
301211.SZ,4.4454274,-5.718226
301212.SZ,10.97367,-0.08454915
301213.SZ,4.8019085,-1.6557207
301215.SZ,5.095238,-4.6897087
301216.SZ,12.446276,-2.103633
301217.SZ,7.1150365,21.10082
301218.SZ,0.7163214,-11.776097
301219.SZ,-0.34264526,21.1386
301220.SZ,11.008808,-0.12073705
301221.SZ,5.1994605,-4.0390754
301222.SZ,4.6747346,-12.767925
301223.SZ,8.84554,-8.222068
301225.SZ,1.384607,-10.350852
301226.SZ,4.797477,-12.974564
301227.SZ,5.1090984,-6.435453
301228.SZ,2.9208577,-9.904234
301229.SZ,1.4180641,-10.3840685
301230.SZ,12.026223,8.199569
301231.SZ,0.110206656,13.390101
301232.SZ,-2.1569636,-10.092414
301233.SZ,-11.112149,-5.1094947
301234.SZ,5.825619,-10.239298
301235.SZ,4.128502,-10.143555
301236.SZ,2.4282112,0.18060184
301237.SZ,0.26593754,-6.078474
301238.SZ,11.8972645,-1.1690706
301239.SZ,8.591551,-3.322629
301246.SZ,-1.9841268,-9.936957
301248.SZ,0.09957196,-11.485417
301251.SZ,4.993314,19.216225
301252.SZ,-2.3697164,-10.633198
301255.SZ,-4.0213594,0.54208153
301256.SZ,11.422515,-0.575218
301257.SZ,3.5631108,-9.983226
301258.SZ,0.8304724,-11.801402
301259.SZ,-3.7726808,7.4875264
301260.SZ,-0.5796208,-9.090695
301261.SZ,-3.9794781,-0.5677917
301262.SZ,11.740689,-0.9639444
301263.SZ,1.4915792,-11.936529
301265.SZ,1.912313,-12.267634
301266.SZ,1.9994246,-15.841632
301267.SZ,-0.5167436,-8.982194
301268.SZ,-3.97389,-0.5068879
301269.SZ,-1.7748599,18.412954
301270.SZ,2.9922812,-0.017986352
301272.SZ,-1.3990544,-9.210568
301273.SZ,-2.9011576,-11.029718
301276.SZ,14.835561,3.412197
301277.SZ,-1.2333859,-10.756337
301278.SZ,-0.3124202,-8.484644
301279.SZ,7.9831204,-8.046356
301280.SZ,6.7910695,22.192333
301281.SZ,1.3551831,-11.96387
301282.SZ,6.844364,20.423769
301283.SZ,11.5125265,-0.6777301
301285.SZ,-2.3653615,17.537998
301286.SZ,-4.2766023,5.3807416
301287.SZ,-2.740809,-10.9558525
301288.SZ,1.1890213,-11.8732
301289.SZ,7.3032026,0.53691626
301290.SZ,1.0837079,-9.1386795
301291.SZ,-0.19372167,7.198833
301292.SZ,-2.0482476,-10.444012
301293.SZ,8.38468,-8.396663
301295.SZ,-0.8895275,-8.546249
301296.SZ,2.3430676,-9.404374
301297.SZ,-2.1363873,18.554243
301298.SZ,4.8951554,-7.333403
301299.SZ,-1.2780718,14.46992
301300.SZ,12.299528,-1.8422332
301301.SZ,-8.903112,7.033271
301302.SZ,-1.6163332,-10.447581
301303.SZ,-0.6581168,-9.095252
301305.SZ,5.176071,-3.084608
301306.SZ,-3.2987409,-6.4446745
301307.SZ,-10.98626,-5.2553096
301308.SZ,-0.40187934,17.831562
301309.SZ,-4.004443,0.3100765
301310.SZ,-1.8048499,-9.250046
301311.SZ,6.5560765,12.154292
301312.SZ,4.8353877,-9.666985
301313.SZ,-4.022097,0.4972287
301314.SZ,5.214646,19.287079
301315.SZ,5.2480974,-2.938181
301316.SZ,5.223475,-3.2818608
301317.SZ,-4.188216,-11.433227
301318.SZ,1.9601238,-9.447316
301319.SZ,6.6171155,20.140226
301320.SZ,1.0728711,-8.003964
301321.SZ,6.1891155,19.748941
301322.SZ,1.2135774,13.474769
301323.SZ,-2.2893739,-7.1652317
301325.SZ,-0.63162374,-9.08853
301326.SZ,6.0912876,22.899273
301327.SZ,0.7553045,-8.081276
301328.SZ,5.733537,19.484335
301329.SZ,5.9275794,19.596304
301330.SZ,3.161574,-10.00378
301331.SZ,1.5942849,13.371632
301332.SZ,0.17016779,-5.33618
301333.SZ,5.19602,-10.371199
301335.SZ,-3.054556,-11.10784
301336.SZ,-0.19601406,-9.447452
301337.SZ,1.2386032,-11.9222355
301338.SZ,1.3065315,-9.331219
301339.SZ,6.7557297,3.4668562
301345.SZ,3.5321922,12.382867
301348.SZ,4.612096,19.111149
301349.SZ,-2.1754684,-9.740875
301353.SZ,1.3330315,-9.337517
301355.SZ,0.40797064,-9.057084
301356.SZ,-1.6077414,-9.669715
301357.SZ,0.46999952,-9.167757
301358.SZ,5.02091,-13.98039
301359.SZ,6.7561297,22.245182
301360.SZ,9.86508,-6.4966426
301361.SZ,2.1264675,-15.844856
301362.SZ,1.3701898,-8.0690975
301363.SZ,8.236539,-1.3380628
301365.SZ,-0.121139005,-8.539282
301366.SZ,7.0536466,20.817102
301367.SZ,-1.1982496,-9.097732
301368.SZ,-5.078479,7.975729
301369.SZ,3.6514177,18.382673
301370.SZ,-1.8433992,-9.962512
301371.SZ,-2.1350908,-10.474564
301372.SZ,-2.8027275,-9.255407
301373.SZ,12.136619,-1.5819597
301376.SZ,5.2029033,-6.342364
301377.SZ,-3.7884667,-11.371588
301378.SZ,-2.2707016,-9.512558
301379.SZ,6.9813,20.637833
301380.SZ,2.0588257,0.2682116
301381.SZ,0.7564811,13.495138
301382.SZ,0.6561939,13.496482
301383.SZ,6.83223,20.405628
301386.SZ,4.3023214,-15.156947
301387.SZ,6.287334,19.827005
301388.SZ,5.0212564,-14.115139
301389.SZ,6.8472366,22.106031
301390.SZ,8.020089,-8.013623
301391.SZ,1.4595863,-9.309155
301392.SZ,-3.3929436,-9.079842
301393.SZ,-2.0770679,-10.004998
301395.SZ,-2.0764375,-10.425598
301396.SZ,0.19802748,-11.554263
301397.SZ,0.60728717,-9.515413
301398.SZ,-10.848394,0.06960093
301399.SZ,-2.696724,-10.925686
301408.SZ,-0.92235076,-10.928429
301413.SZ,-2.5925717,-9.179582
301418.SZ,-2.521378,-9.091812
301419.SZ,1.4125654,-10.409843
301421.SZ,6.5681224,22.4859
301428.SZ,0.55274725,13.503892
301429.SZ,-1.5309031,-11.046618
301439.SZ,1.1678778,-8.005356
301446.SZ,-2.4566956,-10.754171
301448.SZ,-2.6340866,-10.88605
301456.SZ,-1.1689924,-8.412325
301459.SZ,-0.40965906,-9.157105
301468.SZ,0.7590812,-9.316656
301469.SZ,-2.1780493,-9.1978655
301486.SZ,5.6750927,19.450548
301487.SZ,-2.809464,-9.241443
301488.SZ,2.0498273,-10.574931
301489.SZ,4.444242,23.356276
301498.SZ,-0.9590946,-2.1520083
301499.SZ,5.6539736,-7.2787495
301500.SZ,-1.2606629,-10.729625
301502.SZ,-0.16859898,-8.3995
301503.SZ,8.739508,-8.911756
301505.SZ,1.5090417,-8.111005
301507.SZ,-2.2132857,-9.625504
301508.SZ,1.7376251,-9.449329
301509.SZ,-1.9911592,-9.93059
301510.SZ,-2.3540812,-9.160651
301511.SZ,-2.5508318,-9.108793
301512.SZ,-0.918303,-9.126098
301515.SZ,-1.1061295,-9.0803
301516.SZ,-0.90187,-8.544677
301517.SZ,5.345472,19.33552
301518.SZ,-2.0644064,-10.299471
301519.SZ,-1.9088012,-9.220708
301520.SZ,12.300459,8.249786
301525.SZ,-1.1299399,-8.3721
301526.SZ,-1.2401358,-8.396913
301528.SZ,-2.5731294,-9.1862755
301529.SZ,-0.6426966,-9.111674
301533.SZ,-2.4866416,-9.095785
301536.SZ,4.570254,19.09392
301538.SZ,-0.93904287,-8.411155
301539.SZ,-2.908756,-9.231054
301548.SZ,-2.675762,-10.922621
301550.SZ,5.5634856,-7.3441176
301551.SZ,-6.4919853,8.957742
301552.SZ,-3.1479359,-9.144997
301555.SZ,-2.4032962,-9.430116
301558.SZ,0.8886115,13.482844
301559.SZ,2.4841576,-9.65954
301565.SZ,-3.3556828,-9.088914
301566.SZ,5.135127,19.259638
301567.SZ,5.3052087,19.314924
301568.SZ,-2.3694603,-9.178794
301571.SZ,-2.5930994,18.007446
301577.SZ,5.7106037,19.470657
301578.SZ,-1.3406435,-9.192789
301580.SZ,-2.918615,-9.188465
301586.SZ,-3.3780093,-9.094749
301587.SZ,-2.4848242,-9.070915
301588.SZ,-2.6023622,-9.244755
301589.SZ,-2.6151943,-9.188171
301591.SZ,-2.6416304,-9.11635
301596.SZ,6.637795,12.069724
301600.SZ,-3.0489395,-9.158797
301603.SZ,4.634415,19.11794
301606.SZ,4.678039,19.143864
301607.SZ,-3.3672955,-9.083881
301608.SZ,-3.385247,-9.080646
301611.SZ,4.2788587,18.931496
430017.BJ,-10.01204,5.7084174
430047.BJ,10.30908,8.3455
430090.BJ,-6.789492,5.308519
430139.BJ,-1.6018102,18.29293
430198.BJ,8.543988,-2.3482358
430300.BJ,-6.573173,5.94704
430418.BJ,-8.240753,4.537691
430425.BJ,5.533832,6.6623144
430476.BJ,5.517006,6.675611
430478.BJ,5.20818,-3.3472614
430489.BJ,-2.8083467,3.6427217
430510.BJ,-4.5184746,9.2324505
430556.BJ,9.840208,-6.5686884
430564.BJ,-8.21862,7.8860497
430685.BJ,9.821935,-6.6147885
430718.BJ,-6.5192604,8.480078
600000.SH,0.17163713,7.9487314
600004.SH,-0.83556193,5.3347883
600006.SH,-0.061410792,-2.5772345
600007.SH,-1.6338364,14.161667
600008.SH,-9.125846,0.6308199
600009.SH,0.026970979,-2.2522297
600010.SH,4.9858193,-14.275462
600011.SH,-4.449441,6.093186
600012.SH,-6.750573,7.39432
600015.SH,-0.71143717,7.869519
600016.SH,0.87730527,8.078067
600017.SH,5.713709,5.81865
600018.SH,5.683973,5.4204316
600019.SH,1.8700253,-15.831089
600020.SH,-8.506547,4.550708
600021.SH,-4.387228,5.993585
600022.SH,2.3683352,-15.848178
600023.SH,-5.163622,7.66017
600025.SH,-7.1106095,6.6961946
600026.SH,-6.611391,7.803083
600027.SH,-4.794531,6.7414446
600028.SH,-6.6297255,6.0427384
600029.SH,0.32281023,7.049504
600030.SH,6.6725903,3.590228
600031.SH,8.055145,-6.148908
600032.SH,3.2947574,-0.13521159
600033.SH,-8.016025,5.1293206
600035.SH,-7.9602523,5.216493
600036.SH,7.4622226,-5.448029
600037.SH,-2.920001,3.8275795
600038.SH,-3.943247,-5.9959407
600039.SH,-12.891795,3.7065547
600048.SH,-8.852412,0.7713996
600050.SH,-8.523599,4.270903
600051.SH,-0.58872664,12.851854
600052.SH,-4.2193155,5.539975
600053.SH,1.5857868,0.38824573
600054.SH,5.7430997,6.4319644
600055.SH,8.35052,-2.1679828
600056.SH,-9.310397,2.6859298
600057.SH,-11.737657,7.884907
600058.SH,-10.508596,-3.0936766
600059.SH,3.515501,12.478107
600060.SH,-1.5871335,6.3898087
600061.SH,7.426086,0.58430773
600062.SH,-7.4049754,8.22725
600063.SH,4.99004,-1.9888663
600064.SH,-0.9929961,14.099325
600066.SH,-1.5892181,6.348283
600067.SH,3.3156106,-15.700609
600070.SH,0.764978,13.496971
600071.SH,-2.6403384,17.739805
600072.SH,-4.5700707,-5.467585
600073.SH,7.054467,2.886539
600075.SH,10.993174,-0.104657345
600076.SH,8.356063,-8.452976
600078.SH,-4.269339,5.335275
600079.SH,-7.3643928,1.7925928
600080.SH,3.5546017,12.367123
600081.SH,-11.139479,-2.493949
600082.SH,-1.1242815,14.208272
600083.SH,0.37715957,13.444646
600084.SH,-3.2195776,13.145062
600085.SH,-3.341125,13.071495
600088.SH,-4.878609,6.8738976
600089.SH,3.161559,-15.743809
600094.SH,-9.627575,3.662874
600095.SH,7.7262983,-0.8195316
600096.SH,7.4547977,11.722863
600097.SH,-4.443271,-5.5835013
600098.SH,-3.7780511,4.911817
600099.SH,-0.8602515,5.389592
600100.SH,6.174919,4.962139
600101.SH,-8.369834,4.753267
600103.SH,7.718182,-1.0153617
600104.SH,-0.16756155,-2.8389006
600105.SH,-8.931543,3.7541153
600106.SH,-7.058265,6.763743
600107.SH,16.593372,2.0734231
600108.SH,3.497383,12.535189
600109.SH,7.454844,0.622625
600110.SH,0.33962116,-8.21461
600111.SH,-0.81742704,21.046
600113.SH,-8.524084,7.5502577
600114.SH,-4.934075,8.157874
600115.SH,-7.03622,-4.232834
600116.SH,-10.530506,-3.1851888
600117.SH,0.28466344,17.913538
600118.SH,-4.366097,-5.649266
600119.SH,6.518573,12.190147
600120.SH,-3.7188249,7.5153193
600121.SH,-8.529691,14.2745905
600123.SH,-8.611005,14.198298
600125.SH,-0.8696724,5.408277
600126.SH,1.4379561,-15.787265
600127.SH,-3.061448,3.7516174
600128.SH,-9.840046,2.0619133
600129.SH,-2.9171045,13.263084
600130.SH,0.81622976,20.122
600131.SH,-7.865252,5.114914
600132.SH,0.010491056,-4.585371
600133.SH,-1.4979554,7.1708856
600135.SH,-0.13964662,-2.3727288
600136.SH,-1.4651682,-11.379375
600137.SH,16.752724,2.1865978
600138.SH,6.7473927,3.57784
600141.SH,8.356101,11.765811
600143.SH,-0.031947706,-4.3935537
600148.SH,-8.289506,4.4620957
600149.SH,-0.5047277,12.998097
600150.SH,-4.900491,-5.139092
600151.SH,-11.24881,-3.3365576
600152.SH,-7.0702276,-5.281018
600153.SH,-4.6510544,8.753137
600155.SH,7.7465987,-0.8161896
600156.SH,-0.9231759,5.3246207
600157.SH,-0.4977681,2.9928405
600158.SH,-4.3279114,1.2478603
600159.SH,-9.610969,3.9855316
600160.SH,-4.8034525,6.6549506
600161.SH,10.802343,8.20539
600162.SH,-8.944636,0.91059345
600163.SH,-6.8180413,1.2491255
600165.SH,-1.5058094,-11.331136
600166.SH,-0.22121623,-3.3366334
600167.SH,-0.56795025,3.000385
600168.SH,-10.393802,-4.0420856
600169.SH,7.5294404,-5.515378
600170.SH,-13.316685,3.3735654
600171.SH,-0.37589052,17.83029
600172.SH,1.9849836,-10.599411
600173.SH,-8.538644,0.5987934
600176.SH,2.6985655,-15.844869
600177.SH,16.91825,2.3122308
600178.SH,-8.706115,3.9648242
600179.SH,-11.226829,-4.0160656
600180.SH,-4.381439,1.3485132
600182.SH,-10.815579,0.35524306
600183.SH,1.4609855,20.965122
600184.SH,7.301413,0.45525473
600185.SH,3.7329752,-0.4732945
600186.SH,5.8887124,6.1613393
600187.SH,-8.072642,5.223417
600188.SH,-8.563328,14.240287
600189.SH,-0.9609233,13.090229
600190.SH,9.822802,-6.5926676
600191.SH,-6.552334,6.379979
600192.SH,-0.19592626,7.2230225
600193.SH,0.2571132,-6.0209613
600195.SH,-1.5467895,2.9222734
600196.SH,4.8705153,-5.150026
600197.SH,-0.5544296,-2.883437
600198.SH,-10.392216,0.030596748
600199.SH,-1.1772,5.0290823
600200.SH,-8.713532,7.2980094
600201.SH,10.6698675,0.21828195
600202.SH,6.458887,3.3334424
600203.SH,1.4892116,21.014475
600206.SH,-0.32386112,17.832525
600207.SH,2.4891193,-15.840509
600208.SH,-8.59046,0.6329815
600210.SH,8.634465,-3.4177864
600211.SH,10.792574,8.2079935
600212.SH,-0.7503936,7.1309204
600215.SH,6.6912794,2.723444
600216.SH,-3.8148057,7.468134
600217.SH,-6.9012218,1.2836967
600218.SH,-11.071414,-5.1776185
600219.SH,-2.338004,20.12692
600221.SH,3.4446065,-15.657496
600222.SH,2.5916445,13.241464
600223.SH,-0.36758903,2.9146523
600225.SH,-5.5795794,0.38034114
600226.SH,-3.0352511,4.144358
600227.SH,8.485927,11.809727
600228.SH,-0.6660113,14.112867
600229.SH,-1.2714942,13.12278
600230.SH,9.583858,0.9705082
600231.SH,3.8815393,-15.438898
600232.SH,-12.762614,3.8023717
600233.SH,-4.946416,8.1525
600234.SH,0.3207609,-6.6651077
600235.SH,6.048302,4.349955
600236.SH,-8.531041,4.6175623
600237.SH,1.0713943,20.419184
600238.SH,1.6502572,13.360947
600239.SH,-9.43172,4.8693657
600241.SH,-6.936897,-3.1207705
600243.SH,9.1404915,-6.1949315
600246.SH,-8.297035,0.4825403
600248.SH,7.409342,-5.3919296
600249.SH,-3.7335284,4.871859
600250.SH,-7.1015854,6.7065954
600251.SH,-2.7780657,3.6396701
600252.SH,3.2383747,13.072506
600255.SH,-2.3713722,20.051075
600256.SH,-8.80736,14.0305395
600257.SH,-4.150161,-5.8292656
600258.SH,3.233502,-15.713783
600259.SH,-1.4724019,20.872974
600261.SH,-0.71347356,-2.5446851
600262.SH,5.559373,6.6145453
600265.SH,7.82255,-5.8084993
600266.SH,-9.436505,4.6990275
600267.SH,2.5948722,0.1262332
600268.SH,-7.075556,-4.6857715
600269.SH,-7.856013,5.5313015
600271.SH,-5.541169,0.3563796
600272.SH,-8.247413,7.8216615
600273.SH,-2.4495854,3.4594746
600276.SH,-10.436076,5.9625897
600278.SH,-9.139471,0.6167942
600279.SH,5.683162,5.4581323
600280.SH,-9.544278,3.1792288
600281.SH,-0.92964363,21.007156
600282.SH,0.15519151,7.083812
600283.SH,-10.494863,-2.3672585
600284.SH,-12.772015,3.7982357
600285.SH,-2.8427422,13.29288
600287.SH,-10.500199,-2.3437808
600288.SH,5.345893,23.1929
600289.SH,4.8897448,-5.104634
600292.SH,1.988729,0.2801846
600293.SH,2.021692,-15.836813
600295.SH,3.2794979,18.07257
600298.SH,7.8958473,0.23452617
600299.SH,-1.3185314,-1.3050045
600300.SH,-0.59634614,13.204573
600301.SH,-2.3965924,19.269789
600302.SH,0.86023194,8.060862
600303.SH,-0.22331986,-3.3062396
600305.SH,9.1844845,-5.67593
600307.SH,4.8473964,-14.541074
600308.SH,9.804578,-5.510679
600309.SH,-3.0592794,3.7421317
600310.SH,-9.534587,1.3185248
600312.SH,-2.0497954,6.7199507
600313.SH,-3.2894425,13.110218
600315.SH,11.572509,-0.7529001
600316.SH,-3.3903158,-6.376342
600318.SH,-10.063441,5.73951
600319.SH,-1.8026296,3.084392
600320.SH,6.525858,3.2216244
600322.SH,-9.311603,2.6967652
600323.SH,-7.4950457,1.8992201
600325.SH,-9.611305,3.3648055
600326.SH,-4.509805,-5.5242
600327.SH,8.721056,-3.920079
600328.SH,11.117625,-0.23524912
600329.SH,3.6108084,12.178223
600330.SH,9.845042,-5.821839
600331.SH,-4.853584,8.326745
600332.SH,3.6184208,12.213032
600333.SH,-2.782042,3.90798
600335.SH,-9.475035,5.8122444
600336.SH,-1.2460833,5.0800076
600337.SH,-10.160013,-4.905479
600338.SH,0.08587148,-11.415538
600339.SH,-8.872176,13.967284
600340.SH,0.57557994,13.502527
600343.SH,6.5155277,12.1919365
600345.SH,-8.920397,3.7754152
600346.SH,9.902698,-6.2197275
600348.SH,-8.560219,14.242905
600350.SH,-7.616428,5.879608
600351.SH,3.5484667,12.469865
600352.SH,-10.533446,-2.5627415
600353.SH,0.4483966,19.7767
600354.SH,3.5383723,12.292104
600355.SH,5.5858192,6.4893513
600356.SH,6.272995,3.8819628
600358.SH,7.9118032,0.19608513
600359.SH,3.5256808,12.417318
600360.SH,1.221331,17.714758
600361.SH,-1.9760884,20.579987
600362.SH,-1.3148965,18.121897
600363.SH,1.4133495,20.891659
600365.SH,-0.4014912,13.837958
600366.SH,-10.957088,-5.4589067
600367.SH,-0.030988406,2.4298162
600368.SH,-10.218021,0.50779563
600369.SH,7.0336256,2.1988852
600370.SH,9.623334,0.9481371
600371.SH,3.1564667,13.122388
600372.SH,-3.9579551,-5.98408
600373.SH,-1.6101036,13.18515
600375.SH,-0.19620606,-3.5158987
600376.SH,4.059838,-0.7423051
600377.SH,-7.6055045,5.896066
600378.SH,-3.6238046,4.200725
600379.SH,-7.0556912,-5.2582917
600380.SH,-3.7103302,7.5252666
600381.SH,5.8446436,-10.239333
600382.SH,0.29956704,7.0406156
600383.SH,5.174751,-6.2282825
600386.SH,-4.744214,5.8384247
600387.SH,9.007257,-6.2554083
600388.SH,-9.10966,6.668645
600389.SH,-3.5603213,-11.300397
600390.SH,-3.731977,7.5052433
600391.SH,-4.307049,-5.6976104
600392.SH,-0.82716256,21.04385
600395.SH,-8.567063,14.236854
600396.SH,-4.188851,5.5944366
600397.SH,-8.566059,14.238284
600398.SH,16.840584,2.2560303
600399.SH,3.5324912,18.282042
600400.SH,16.604128,2.0744412
600403.SH,-8.6251135,14.186749
600405.SH,1.8969231,-15.836459
600406.SH,-7.079522,-4.731985
600408.SH,5.618198,-7.254772
600409.SH,4.3744307,-5.7903295
600410.SH,2.0878863,0.2596265
600415.SH,-2.8207555,13.296372
600416.SH,1.2729168,-15.706524
600418.SH,-1.263071,5.927085
600419.SH,2.7766986,12.738405
600420.SH,-9.395787,5.9573784
600421.SH,7.314548,0.57515186
600422.SH,-2.9847882,13.23563
600423.SH,7.8157234,11.700537
600425.SH,-4.5004835,-5.532842
600426.SH,7.9537272,11.71419
600428.SH,-9.851198,2.3047693
600429.SH,2.9148505,12.600347
600433.SH,9.641981,-4.418158
600435.SH,5.726717,5.800167
600436.SH,3.1736197,13.124759
600438.SH,4.980281,-13.543632
600439.SH,16.807156,2.2270684
600444.SH,6.114059,4.2666717
600446.SH,-7.471283,2.2833025
600448.SH,-0.2330508,-2.5670195
600449.SH,-4.8202553,-5.222731
600452.SH,-10.460802,-3.8174038
600455.SH,6.6453853,12.061244
600456.SH,-1.4781425,20.858727
600458.SH,-0.5381082,4.7123938
600459.SH,-1.3933882,20.88536
600460.SH,1.2603458,17.710062
600461.SH,-8.700896,4.3942313
600462.SH,8.881509,-8.092457
600463.SH,-1.8118849,13.97709
600467.SH,-4.159934,-5.823596
600468.SH,-6.8938994,-3.044153
600469.SH,-7.803348,4.928375
600470.SH,7.927026,11.715944
600475.SH,-6.8850474,1.2579473
600476.SH,-8.948537,6.961974
600477.SH,-1.9655352,20.557806
600478.SH,4.0392127,-15.348147
600479.SH,-3.2931728,13.106521
600480.SH,-10.646766,1.9893777
600481.SH,4.968211,-13.557826
600482.SH,-4.9001045,-5.1425047
600483.SH,-2.8714852,4.038586
600486.SH,8.493063,11.803454
600487.SH,-8.298912,4.6474156
600488.SH,-7.4461045,1.9398274
600489.SH,-1.5217216,6.9384217
600490.SH,1.0746924,17.749683
600491.SH,8.603601,-6.7513576
600493.SH,-0.54624796,4.723875
600495.SH,6.451825,4.778229
600496.SH,-1.9791342,20.526424
600497.SH,-8.973926,2.0403714
600498.SH,-10.457176,-0.1951038
600499.SH,7.3542085,-9.511768
600500.SH,0.1932965,-5.432693
600501.SH,-6.6693482,6.4958577
600502.SH,0.32891753,8.010473
600503.SH,3.8262177,-0.5329817
600505.SH,-8.254447,4.891628
600506.SH,5.5308356,6.6622505
600507.SH,0.3813145,17.899544
600508.SH,-8.961807,13.884939
600509.SH,-2.9488285,4.1095986
600510.SH,-10.340463,-4.445934
600511.SH,-9.623502,3.6668806
600512.SH,8.180464,-6.259003
600513.SH,-10.4438,5.9718227
600515.SH,0.2758558,-6.349263
600516.SH,5.0385838,-7.367168
600517.SH,1.7900914,0.3303751
600518.SH,2.6086736,13.241502
600519.SH,-1.1428946,5.0070095
600520.SH,-2.2183518,18.583345
600521.SH,-10.327229,5.868845
600522.SH,-7.1193953,6.639274
600523.SH,-11.119984,-2.4285293
600525.SH,1.2954148,-15.725905
600526.SH,2.0089393,0.2650493
600527.SH,2.3122845,0.20021157
600528.SH,7.038461,3.2702477
600529.SH,8.144424,-0.9266476
600530.SH,7.1572156,2.8686647
600531.SH,-9.506588,3.0572464
600533.SH,-8.033819,0.31135896
600535.SH,-3.347825,13.062856
600536.SH,-5.770313,0.49668768
600537.SH,2.7265937,-15.831814
600538.SH,5.0854187,-5.3516145
600539.SH,-0.32840413,13.803741
600540.SH,3.467304,12.869729
600543.SH,3.5357502,12.414761
600545.SH,8.1882925,-6.2675676
600546.SH,-8.959844,13.88688
600547.SH,-1.3056681,7.00713
600548.SH,-8.895678,3.852552
600549.SH,-2.0503948,20.569445
600550.SH,-1.8818723,6.8862863
600551.SH,-1.1822629,13.098997
600552.SH,0.08649355,19.480648
600556.SH,0.28038496,13.560695
600557.SH,-3.136001,13.182365
600558.SH,-2.3827016,19.714643
600559.SH,-1.1651844,4.9835587
600560.SH,-0.93628424,7.1518664
600561.SH,-1.2447006,14.129114
600562.SH,-10.20841,1.3340936
600563.SH,6.012912,22.946657
600566.SH,-2.9423182,13.250988
600567.SH,9.763794,-6.688301
600568.SH,8.386638,-2.3259883
600569.SH,4.9147706,-14.442429
600570.SH,4.972222,-4.9917345
600571.SH,-9.081043,6.778498
600572.SH,-3.341294,13.041601
600573.SH,-0.98334646,5.529558
600575.SH,-4.900769,6.993229
600576.SH,5.940738,5.337534
600577.SH,1.8847944,-15.833615
600578.SH,-4.4641814,6.110182
600579.SH,6.8888464,2.5952642
600580.SH,-7.057834,-4.474881
600581.SH,5.0135875,-14.120731
600582.SH,5.588099,6.5028915
600583.SH,-8.884532,13.95618
600584.SH,-1.4470104,18.198416
600585.SH,-3.5764053,-6.2594604
600586.SH,4.419702,-15.062244
600587.SH,9.075398,-5.5977635
600588.SH,1.6085775,-12.07989
600589.SH,-9.007383,6.8929596
600590.SH,-10.955776,-5.4379873
600592.SH,6.6174254,12.095046
600593.SH,-6.542958,6.0497055
600594.SH,3.1165524,13.16141
600595.SH,-2.308162,20.224869
600596.SH,-1.5893488,-11.195258
600597.SH,2.7655168,12.752021
600598.SH,3.580575,12.23792
600599.SH,-4.7153587,6.398158
600600.SH,0.028702175,-2.233382
600601.SH,0.24669993,19.611073
600602.SH,-7.9631796,8.047589
600603.SH,-9.001814,6.912118
600604.SH,-1.0157852,14.084291
600605.SH,-6.4672217,8.289268
600606.SH,5.1820736,-6.230699
600608.SH,-10.140098,-4.9301057
600609.SH,-11.191676,-2.6693246
600610.SH,12.4394865,-2.1097817
600611.SH,-1.4516429,14.087019
600612.SH,16.990078,2.3754869
600613.SH,-3.353115,13.055988
600615.SH,-2.3813026,19.192244
600616.SH,3.4088469,12.922746
600617.SH,0.12841621,2.8196
600618.SH,-3.2083342,3.809541
600619.SH,-1.3217539,-1.2939135
600620.SH,-0.3543162,13.358665
600621.SH,6.5138235,4.036734
600622.SH,-8.838103,2.0035644
600623.SH,-0.07198987,2.4595351
600624.SH,4.810261,-1.6645708
600626.SH,-10.846331,-0.17003313
600628.SH,-8.337233,0.5065832
600629.SH,-13.172912,3.5072272
600630.SH,16.990993,2.3750088
600633.SH,-1.7781458,14.0780945
600635.SH,-3.4953113,4.512698
600636.SH,-11.699296,7.8446436
600637.SH,-3.6063802,4.3958697
600638.SH,-8.872981,2.0318167
600639.SH,-1.1166143,14.199458
600640.SH,-4.224772,5.467598
600641.SH,5.1022253,-2.5902653
600642.SH,-4.4841104,6.1459713
600643.SH,-6.3082466,0.84512645
600644.SH,-9.845344,2.070062
600645.SH,6.3826632,4.959458
600648.SH,-0.9847072,14.103488
600649.SH,-9.498714,3.0908139
600650.SH,-1.2660744,14.130841
600651.SH,5.6994767,5.4067373
600653.SH,-1.9775102,3.1263382
600654.SH,-4.6729794,8.706358
600655.SH,4.067719,-0.7554819
600657.SH,-9.161203,4.5817986
600658.SH,-1.1774515,14.229366
600660.SH,-8.683964,4.006967
600661.SH,-4.6605034,8.72371
600662.SH,-4.024176,0.48159763
600663.SH,-1.1034769,14.166067
600664.SH,-10.342436,5.8864493
600665.SH,-9.355801,1.7709645
600666.SH,1.3748477,20.83809
600667.SH,-0.36404842,17.82842
600668.SH,-4.2339935,-5.7591324
600671.SH,3.463062,12.851047
600673.SH,-0.5743966,12.8764715
600674.SH,-7.62537,5.8875475
600675.SH,-9.625094,3.684064
600676.SH,-10.847921,-0.18111962
600678.SH,-4.4597464,-5.568801
600679.SH,6.643966,12.061025
600681.SH,-0.5094908,2.9747162
600682.SH,11.1289015,8.151588
600683.SH,-9.448033,4.6149173
600684.SH,-8.878498,2.034775
600685.SH,-4.9023204,-5.1396756
600686.SH,-1.5289994,6.310067
600688.SH,7.1548734,1.4430326
600689.SH,-0.63275445,12.842185
600690.SH,-1.1953442,5.0297217
600691.SH,8.49527,11.803746
600692.SH,-9.5934515,3.3145692
600693.SH,-8.36249,0.5659556
600694.SH,-8.9017725,2.0453877
600696.SH,0.34049013,-6.8159995
600697.SH,-8.408226,0.8976887
600698.SH,-7.4980454,5.933653
600699.SH,-10.803807,-1.1599876
600702.SH,0.30004123,-6.532971
600703.SH,2.0469851,17.607515
600704.SH,-11.935674,8.101697
600705.SH,-6.881241,1.3162601
600706.SH,-6.806316,5.2076097
600707.SH,1.4092817,20.882475
600708.SH,-9.674929,2.7383366
600710.SH,-8.642739,4.501484
600711.SH,-0.8366181,21.040537
600712.SH,-9.591785,3.3051765
600713.SH,-9.620582,3.4575837
600714.SH,-0.31497407,2.4735098
600715.SH,-0.8987766,2.70568
600716.SH,-8.363547,0.5675519
600717.SH,5.5304112,6.6361322
600718.SH,-7.423525,2.3759878
600719.SH,-5.183677,7.6614246
600720.SH,-13.17128,3.506458
600721.SH,10.268485,8.372498
600722.SH,-1.761863,3.0479388
600724.SH,-0.6188623,12.83313
600725.SH,-9.149874,0.59533906
600726.SH,-3.7465985,4.8793197
600727.SH,9.811656,0.84797245
600728.SH,4.377584,-0.96238214
600729.SH,-9.050437,2.2602532
600730.SH,-11.969615,8.142363
600731.SH,7.942974,11.718066
600732.SH,2.1688051,-15.845729
600733.SH,-0.21097025,-3.4270637
600734.SH,-8.842684,7.108338
600735.SH,15.216373,3.0452447
600736.SH,-1.2318628,14.263101
600737.SH,6.2241273,5.111113
600738.SH,-8.036976,0.30979583
600739.SH,11.564741,8.141043
600740.SH,-11.018167,-4.8128805
600741.SH,-11.174197,-2.6332786
600742.SH,-10.795249,0.3936623
600743.SH,-8.305468,0.4887058
600744.SH,0.14528432,2.8052433
600745.SH,3.1139057,17.940811
600746.SH,12.186294,-1.6563641
600748.SH,-8.5037,0.53321505
600749.SH,6.0637236,5.1845126
600750.SH,-2.8839464,13.283591
600751.SH,-10.754698,-2.230088
600753.SH,0.014582745,-9.3828125
600754.SH,2.043892,-15.817834
600755.SH,-11.968823,8.140535
600756.SH,-3.7609246,7.4875736
600757.SH,-1.7679324,13.291722
600758.SH,-8.587723,14.220032
600759.SH,-8.655145,14.157763
600760.SH,-3.451356,-6.3359275
600761.SH,-1.8889902,6.9132433
600763.SH,1.6525602,-9.179101
600764.SH,-4.1770263,-5.8042
600765.SH,-3.3731081,-6.3985033
600768.SH,-2.371483,19.940441
600769.SH,-8.051217,5.297112
600770.SH,-0.1936691,13.440284
600771.SH,3.3277643,13.001861
600773.SH,4.307234,-5.91839
600774.SH,5.2074413,-3.5585196
600775.SH,-8.722658,4.0687113
600776.SH,-10.40531,0.03855324
600777.SH,-8.694846,14.124099
600778.SH,-9.431235,4.88479
600779.SH,0.25078627,-5.937452
600780.SH,-4.9034805,7.001728
600782.SH,5.020042,-14.034539
600783.SH,-5.545615,0.3634938
600784.SH,-0.5977357,12.844416
600785.SH,-8.337908,0.5080406
600787.SH,-4.3960156,1.3713467
600789.SH,-10.0361395,5.713417
600790.SH,-3.3625555,13.052344
600791.SH,-9.170892,4.448231
600792.SH,-10.727834,-2.206066
600793.SH,7.7354608,-1.0389085
600794.SH,-4.502523,9.246857
600795.SH,-5.2102375,7.726018
600796.SH,-5.853688,0.5403184
600797.SH,-6.5047393,0.9757608
600798.SH,-11.2678795,-4.202905
600800.SH,9.713474,0.89036185
600801.SH,-3.83632,-6.0743785
600802.SH,-2.800495,-6.787736
600803.SH,-3.9515665,5.0877175
600804.SH,1.2548348,-10.250171
600805.SH,-0.60768944,12.836582
600807.SH,6.2923837,5.11634
600808.SH,4.9541264,-13.495323
600809.SH,-0.60966444,-2.7253845
600810.SH,5.2123165,-3.7353308
600811.SH,9.594893,0.9633299
600812.SH,3.4592195,-0.21797691
600814.SH,-9.606721,3.3841724
600815.SH,7.589529,-5.580895
600816.SH,5.007287,-2.0314035
600817.SH,8.564045,-2.2884712
600818.SH,-4.973387,8.1146145
600819.SH,-7.0655837,-5.140842
600820.SH,0.11995204,7.9346585
600821.SH,-3.710009,7.5237927
600822.SH,-4.697098,5.8148074
600824.SH,-8.929709,2.0843298
600825.SH,-1.1515113,13.100322
600826.SH,-11.677243,7.822049
600827.SH,-11.265407,-4.1037674
600828.SH,-8.321036,0.48867297
600829.SH,-9.412944,2.8565598
600830.SH,-7.288121,8.229341
600831.SH,11.026228,-0.1398098
600833.SH,-8.976898,6.9343657
600834.SH,-1.2003728,14.110831
600835.SH,7.8399973,0.3671531
600837.SH,9.057122,-3.162463
600838.SH,-8.976549,6.9429197
600839.SH,-1.5809847,6.3812847
600841.SH,5.4497657,-7.386168
600843.SH,0.0053428174,7.8741884
600844.SH,-0.9315437,2.6220078
600845.SH,5.1772723,-4.389113
600846.SH,-12.777617,3.8010066
600847.SH,-7.034637,-4.1987023
600848.SH,-0.9657739,14.098742
600850.SH,2.0174947,0.27696592
600851.SH,4.2114644,-0.75054747
600853.SH,-0.8286889,7.804567
600854.SH,-1.2270509,5.6944814
600855.SH,7.5804467,-0.58783424
600857.SH,2.6198447,0.078580625
600858.SH,-8.413971,0.65810156
600859.SH,5.096001,-2.569967
600860.SH,5.5707345,6.5907464
600861.SH,6.6383367,12.069482
600862.SH,-3.5456142,-6.279523
600863.SH,-5.1671033,7.697296
600864.SH,6.5657773,3.9029307
600865.SH,-8.406535,0.87230045
600866.SH,-1.3566787,6.2709246
600867.SH,10.783113,8.210075
600868.SH,-10.496903,-2.96517
600869.SH,1.5798978,-15.806514
600871.SH,-8.694134,14.124301
600872.SH,8.49794,-2.5737145
600873.SH,-6.553631,5.985617
600874.SH,-7.396797,1.7624513
600875.SH,-6.926569,-3.0865963
600876.SH,4.9302835,-14.423986
600877.SH,-1.1841056,18.060617
600879.SH,-4.8703156,-5.173455
600880.SH,5.8467736,6.2997966
600881.SH,-0.25454652,13.425794
600882.SH,1.5099484,13.411622
600883.SH,3.4526181,12.863018
600884.SH,1.5257821,-8.128721
600885.SH,4.3294373,-15.136707
600886.SH,-7.2005754,6.5604534
600887.SH,2.9195168,12.594674
600888.SH,-2.335697,20.103752
600889.SH,-6.8177695,1.2811075
600892.SH,-1.7153792,14.155585
600893.SH,-3.880562,-6.0413356
600894.SH,-6.502206,6.2453127
600895.SH,-1.5403199,14.185803
600897.SH,0.036730792,-2.2279315
600898.SH,6.5390625,20.05901
600900.SH,-7.7570677,5.6894455
600901.SH,-3.7231643,7.507994
600903.SH,-0.58783144,2.9962564
600905.SH,-6.6247306,1.0812261
600906.SH,9.847428,-6.436809
600908.SH,0.72978556,8.03955
600909.SH,6.1698923,4.7032404
600916.SH,15.218019,3.0435605
600917.SH,-0.5040732,2.9672894
600918.SH,9.127931,-3.2735398
600919.SH,-0.6977931,7.8575673
600925.SH,-8.554944,14.246831
600926.SH,0.87693065,8.079381
600927.SH,5.2532105,-2.7113292
600928.SH,-13.359698,3.3325746
600929.SH,8.200019,-1.2609527
600933.SH,-8.693657,3.9931672
600935.SH,11.331901,-0.47924027
600936.SH,-3.8597791,4.821694
600938.SH,-8.980472,13.861751
600939.SH,7.396474,-5.3792777
600941.SH,-6.9981017,6.8302417
600955.SH,11.894466,-1.1699955
600956.SH,-0.09634985,2.755928
600958.SH,9.270581,-3.6322775
600959.SH,-4.1994996,5.3947697
600960.SH,-11.034272,-2.122168
600961.SH,3.5394964,-0.36399105
600962.SH,-1.7504714,13.277176
600963.SH,9.804914,-5.577961
600965.SH,-0.9810643,2.6734788
600966.SH,6.4033055,-9.635425
600967.SH,8.269714,-1.6245929
600968.SH,-8.987605,13.861292
600969.SH,-9.339978,1.081485
600970.SH,-13.069247,3.5765865
600971.SH,-8.978679,13.868911
600973.SH,-7.030938,-4.142574
600975.SH,-4.123556,5.059397
600976.SH,-3.3509824,13.059261
600977.SH,-3.806873,4.663113
600979.SH,-9.838753,2.118169
600980.SH,7.322648,0.5277128
600981.SH,-9.154655,0.5849352
600982.SH,-4.011035,5.2116876
600983.SH,-1.4099076,-1.0907643
600984.SH,1.5155573,-8.380725
600985.SH,-8.952603,13.89335
600986.SH,-1.3714589,14.433379
600987.SH,-1.3406612,6.088416
600988.SH,-0.7436366,7.123036
600989.SH,-4.2609625,5.3496046
600990.SH,5.670904,-7.2233586
600992.SH,-2.398748,19.088757
600993.SH,3.537,12.4383335
600995.SH,-7.9557185,5.4208574
600996.SH,-5.1678376,7.6224427
600997.SH,-10.708937,-1.9254913
600998.SH,4.333384,-5.9181676
600999.SH,6.496077,4.034618
601000.SH,-6.8686585,6.903951
601001.SH,-8.97848,13.86914
601002.SH,-4.2235804,1.0220081
601003.SH,4.955412,-14.355873
601005.SH,4.903133,-14.464181
601006.SH,-0.85579014,5.3587666
601007.SH,-0.19651484,7.321686
601008.SH,6.077926,4.302224
601009.SH,0.17191482,7.960507
601010.SH,3.58454,-0.3816835
601011.SH,4.779346,-7.2889404
601012.SH,0.18539634,-8.286487
601015.SH,4.79856,-7.283176
601016.SH,3.297676,-0.1328208
601018.SH,6.4019732,3.4125388
601019.SH,-1.8759506,13.416291
601020.SH,-8.278031,0.44854757
601021.SH,0.3196543,7.0438557
601022.SH,-10.939238,-5.074873
601028.SH,-7.0811543,-4.7445393
601033.SH,-1.6941662,-10.37027
601038.SH,-0.4960706,7.880914
601058.SH,-7.6188374,5.5188837
601059.SH,-6.5234613,6.175699
601061.SH,5.257295,-6.3608274
601065.SH,12.142593,-1.5896015
601066.SH,7.4544334,0.70133483
601068.SH,0.6565882,8.014565
601069.SH,0.62901264,7.1685214
601077.SH,-0.87990993,7.775019
601083.SH,-1.8330379,-9.299816
601086.SH,-9.277684,2.639879
601088.SH,-8.9821005,13.864774
601089.SH,2.0933287,0.2583474
601096.SH,-0.2797857,21.114655
601098.SH,-1.6848148,13.246061
601099.SH,-6.8629475,5.0894823
601100.SH,8.436821,-6.4337606
601101.SH,-8.949043,13.896606
601106.SH,7.5738325,-5.566235
601107.SH,-7.694604,5.7592063
601108.SH,7.748538,-0.90657425
601111.SH,0.6325148,7.193418
601113.SH,-0.80898654,14.285799
601116.SH,-8.945857,3.7266173
601117.SH,8.2021055,-6.279
601118.SH,-4.8798985,-5.1623864
601121.SH,-6.9770885,-3.5229897
601126.SH,-0.17813814,7.2215757
601127.SH,-0.8654034,5.4036674
601128.SH,0.15244532,7.949211
601133.SH,-0.19392611,-8.531267
601136.SH,-6.516689,8.29016
601137.SH,-2.4106417,19.605564
601138.SH,-6.955184,6.9307404
601139.SH,-0.62441665,3.0227354
601155.SH,4.3987446,-5.8146296
601156.SH,6.6305165,12.084587
601158.SH,-9.119266,0.6673602
601162.SH,6.6364,3.2203443
601163.SH,-8.909495,3.7416832
601166.SH,0.8805705,8.084104
601168.SH,-1.7740926,18.40555
601169.SH,-0.792631,7.8431916
601177.SH,6.5137296,12.193784
601179.SH,-1.1084967,7.1176505
601186.SH,0.70077825,8.016896
601187.SH,8.255358,-6.3191366
601188.SH,-10.128075,1.4691828
601198.SH,6.864975,2.769809
601199.SH,-7.9678073,5.407813
601200.SH,2.428099,0.15513857
601208.SH,10.14129,0.659873
601211.SH,7.3373904,1.0641956
601212.SH,-1.3193082,18.125952
601216.SH,-2.3727717,3.4023535
601218.SH,-7.0813074,-4.8281035
601222.SH,3.4726107,-0.22058651
601225.SH,-8.991095,13.856861
601226.SH,0.5915175,8.014115
601228.SH,5.6823435,5.4178014
601229.SH,0.6599496,8.044847
601231.SH,0.55720294,19.866966
601233.SH,5.012534,-2.032451
601236.SH,9.3221855,-3.7920537
601238.SH,0.044160713,-4.6948104
601279.SH,5.7109056,-7.2446074
601288.SH,-1.5041436,7.1788044
601298.SH,-6.7302327,5.9143553
601311.SH,2.8111894,-15.812155
601318.SH,0.6449111,8.020114
601319.SH,-0.8219554,7.817976
601326.SH,-7.2744713,5.016716
601328.SH,-1.5551976,7.148887
601330.SH,3.3675163,-0.2073928
601333.SH,-1.3952118,6.1706414
601336.SH,0.7140915,8.013166
601339.SH,0.056968275,-2.1684842
601360.SH,-0.48112458,13.9064245
601366.SH,-8.399564,0.8488366
601368.SH,-9.391581,1.1237843
601369.SH,-11.683402,7.828627
601375.SH,6.9260287,2.6106007
601377.SH,9.653147,-4.4908156
601388.SH,-0.9256551,21.006956
601390.SH,0.76403254,8.0251875
601398.SH,-0.79209286,7.836785
601399.SH,7.387415,-5.369098
601456.SH,7.1760597,1.4826003
601500.SH,-10.845474,0.09148486
601512.SH,-1.0380479,14.130515
601515.SH,8.1756115,-8.553595
601518.SH,-9.961525,2.1133032
601519.SH,-7.4404974,2.3496342
601528.SH,8.435697,-7.74562
601555.SH,7.4177737,0.59785604
601566.SH,14.880884,3.3671193
601567.SH,-2.0118942,6.747379
601568.SH,10.535249,0.3407777
601577.SH,-12.814308,3.7642014
601579.SH,3.6166723,12.1796465
601588.SH,-8.052655,0.3253861
601595.SH,-5.28819,7.759484
601598.SH,-4.5323863,9.204647
601599.SH,-0.94756776,5.393212
601600.SH,-2.402091,19.612879
601601.SH,-0.8343618,7.8162875
601606.SH,7.1713495,1.3662498
601607.SH,-9.608324,3.363013
601608.SH,7.298452,0.6181496
601609.SH,0.09178145,17.86618
601611.SH,-12.851143,3.7358305
601615.SH,4.4387007,-15.041966
601616.SH,-6.9270496,-3.1242576
601618.SH,8.063222,-6.1617694
601619.SH,2.6373622,0.1269079
601628.SH,-0.8259213,7.816423
601633.SH,0.07805536,-4.8643336
601636.SH,0.7684786,-8.102536
601658.SH,0.88595337,8.076035
601665.SH,-13.333328,3.357271
601666.SH,-8.9699335,13.876593
601668.SH,0.03500045,7.8783464
601669.SH,-13.214653,3.4683983
601677.SH,-0.8729825,21.01727
601678.SH,11.799399,-1.0367206
601686.SH,-1.5868337,20.770449
601688.SH,6.537497,3.960176
601689.SH,-8.208704,4.5472436
601696.SH,7.6576715,-0.66572267
601698.SH,-10.38904,0.8086578
601699.SH,-8.948778,13.896973
601700.SH,-6.938426,-3.1890333
601702.SH,-2.3744996,19.129227
601717.SH,5.7133327,5.3040133
601718.SH,16.799263,2.2193632
601727.SH,-6.9891324,-3.676898
601728.SH,-7.784746,5.1878786
601766.SH,5.9712086,6.0760612
601777.SH,2.7313154,13.256246
601778.SH,1.0840894,-11.858744
601788.SH,5.910971,5.3447413
601789.SH,0.83229643,8.044208
601798.SH,6.160877,4.571748
601799.SH,-11.185264,-2.6341305
601800.SH,0.14239874,7.9411716
601801.SH,-1.6840631,13.238451
601808.SH,-8.821317,14.0136795
601811.SH,-1.764101,13.282719
601816.SH,-0.92207247,5.464989
601818.SH,0.6273706,8.041633
601825.SH,-12.822774,3.7538092
601827.SH,-7.556548,2.105757
601828.SH,12.120212,-1.5622272
601838.SH,-0.50624263,7.8855743
601857.SH,-8.988072,13.860028
601858.SH,-1.8918839,13.420165
601860.SH,-13.148603,3.5199637
601865.SH,4.855264,-13.083891
601866.SH,-11.225525,-4.0451703
601868.SH,-13.225076,3.4583993
601869.SH,-10.224566,1.1918216
601872.SH,-7.1837606,6.5729837
601877.SH,4.977188,-13.530531
601878.SH,6.4172482,4.1579146
601880.SH,7.2872057,0.66052336
601881.SH,-6.842648,5.1284966
601882.SH,-2.0678427,20.238878
601886.SH,-0.22301257,-2.554945
601888.SH,2.9412622,-10.184459
601890.SH,-4.848099,-5.1951556
601898.SH,-9.024807,13.824767
601899.SH,-2.0917485,18.539114
601900.SH,-1.8186734,13.343979
601901.SH,6.1845446,4.6791162
601908.SH,0.8736974,-8.025012
601916.SH,-13.354129,3.3375494
601918.SH,-9.01305,13.836597
601919.SH,-10.780347,-2.3428543
601921.SH,-0.9372819,13.105292
601928.SH,-1.7627573,13.277003
601929.SH,-2.6655014,3.6902037
601933.SH,-10.551802,-0.45125142
601939.SH,-0.7967238,7.838721
601949.SH,-1.2153202,13.110114
601952.SH,3.5895028,12.219661
601956.SH,-0.5801928,-2.8799002
601958.SH,-2.402174,19.442492
601963.SH,-13.0838375,3.5683281
601965.SH,-4.7404037,5.8244095
601966.SH,-11.343394,-4.0533504
601968.SH,9.324332,-6.7988834
601969.SH,1.5590423,-8.14292
601975.SH,-7.58619,5.936176
601985.SH,-7.4288397,8.218851
601988.SH,-1.5205524,7.1764545
601989.SH,-4.8922944,-5.150349
601990.SH,7.161816,1.5407519
601991.SH,-3.9828231,5.1951776
601992.SH,-3.7923906,-6.106832
601995.SH,9.296966,-3.7214684
601996.SH,-10.369529,-4.286393
601997.SH,-13.046553,3.5968359
601998.SH,-1.066199,7.586388
601999.SH,-1.0329041,13.094355
603000.SH,-1.8262275,14.007583
603001.SH,14.905738,3.3431156
603002.SH,-1.0199836,2.667359
603003.SH,8.748547,-4.150223
603004.SH,-2.0770495,-10.45183
603005.SH,1.0656259,17.7514
603006.SH,-8.670329,4.014351
603007.SH,-1.9588227,6.8520308
603008.SH,-10.427821,-3.7728026
603009.SH,-6.548941,8.101168
603010.SH,10.198705,0.62049514
603011.SH,5.6956525,5.285904
603012.SH,7.3185315,0.5932657
603013.SH,-10.807078,-0.35402396
603015.SH,-7.022797,-4.0462375
603016.SH,-6.961383,-3.3693647
603017.SH,-12.8164625,3.765868
603018.SH,-12.923574,3.6864836
603019.SH,-6.5755982,5.991297
603020.SH,9.35047,-6.8472667
603021.SH,-10.504087,-2.9546409
603022.SH,9.207173,-6.362878
603023.SH,-11.044016,-5.2425504
603025.SH,8.34819,-7.8263288
603026.SH,-2.0644076,-10.317574
603027.SH,8.2064705,-1.2589333
603028.SH,-2.3228226,20.045359
603029.SH,0.63974136,8.036514
603030.SH,-0.18138307,-3.7889574
603031.SH,-7.083733,-4.7715573
603032.SH,8.720134,-9.090291
603033.SH,-3.9032493,-6.023361
603035.SH,-10.330188,2.303757
603036.SH,-6.93162,5.067485
603037.SH,-11.088263,-2.315991
603038.SH,-10.517344,-2.5775945
603039.SH,5.205299,-3.7754354
603040.SH,-10.745678,0.50919324
603041.SH,-3.2853281,3.8606129
603042.SH,-10.568332,-0.52860856
603043.SH,8.478073,-2.5709546
603045.SH,-2.3234365,20.195332
603048.SH,-11.025831,-5.3178744
603050.SH,-1.4346589,7.0111976
603051.SH,-0.3546629,-2.895714
603052.SH,7.174038,21.27747
603053.SH,-3.1132073,4.203241
603055.SH,0.057671614,-2.152762
603056.SH,-4.866998,8.303954
603057.SH,8.280396,-1.6687696
603058.SH,6.055991,5.5405436
603059.SH,-3.9173658,5.1071157
603060.SH,4.7196736,-12.841195
603061.SH,0.30976558,17.879107
603062.SH,-2.0552247,-9.330333
603063.SH,2.3748112,-15.848154
603065.SH,-1.6161677,-11.046782
603066.SH,-4.646425,8.795581
603067.SH,-4.261261,5.271895
603068.SH,2.3506887,17.611727
603069.SH,-1.2239909,14.125842
603070.SH,-7.0455317,-4.3423815
603071.SH,2.4991732,13.11381
603073.SH,0.3306393,-6.7660236
603075.SH,-1.1270124,-8.368041
603076.SH,9.860204,-5.9640794
603077.SH,-0.9939484,2.6577876
603078.SH,0.580364,17.843204
603079.SH,8.124894,-0.94794595
603080.SH,-3.8991132,5.0209074
603081.SH,7.3017373,0.6179537
603082.SH,-0.49483165,-9.0121
603083.SH,-6.8242025,7.1826997
603085.SH,-7.834092,4.859272
603086.SH,8.497866,11.804218
603087.SH,11.393158,8.135275
603088.SH,-2.3597503,19.68962
603089.SH,-10.816245,0.35321996
603090.SH,6.0786996,4.356987
603091.SH,-3.3944335,-9.076954
603093.SH,-6.909279,1.3440481
603095.SH,7.8888106,-5.9430537
603096.SH,-0.45980525,13.273607
603097.SH,-1.8976247,6.872183
603098.SH,0.31457764,-7.4202056
603099.SH,-6.6401033,7.7074785
603100.SH,6.5627756,3.0595994
603101.SH,-9.274954,2.624222
603102.SH,8.785724,-8.129561
603103.SH,-3.719133,4.571095
603105.SH,2.8946526,-15.795606
603106.SH,-6.5734572,6.000481
603107.SH,-2.2642422,-9.210743
603108.SH,-8.35178,7.7259283
603109.SH,2.649748,-15.833011
603110.SH,5.1205153,-6.429391
603111.SH,6.4666696,4.733569
603112.SH,-4.516555,9.235342
603113.SH,1.9983836,-10.599009
603115.SH,-1.5424526,20.812803
603116.SH,16.589298,2.066216
603117.SH,-4.7216363,8.583033
603118.SH,-10.605244,-0.7107581
603119.SH,-1.1916776,-9.263315
603121.SH,-11.262563,-3.3490968
603122.SH,-9.588945,3.3588977
603123.SH,-9.960576,5.728252
603125.SH,-2.0702083,-10.441579
603126.SH,3.4929512,-0.27288246
603127.SH,-0.9725851,-9.034434
603128.SH,-4.184078,-11.433573
603129.SH,-3.3486497,13.069283
603130.SH,-0.052253086,-4.3008523
603131.SH,9.068349,-3.038847
603132.SH,-8.022986,0.30216736
603135.SH,-1.4440063,-9.200593
603136.SH,9.223177,-5.6211514
603137.SH,-0.73614305,-8.412396
603138.SH,-10.432797,5.962116
603139.SH,3.4482055,12.878959
603150.SH,0.024024496,-4.6697693
603151.SH,0.4063844,-7.243308
603153.SH,0.22923535,7.973235
603155.SH,-1.4669576,-11.37758
603156.SH,-0.5056531,13.2493515
603158.SH,-11.027411,-5.250568
603159.SH,9.104795,-3.1067615
603160.SH,0.024522638,17.860922
603161.SH,-11.292081,-3.6508207
603162.SH,-1.9929119,-9.292005
603163.SH,8.134016,-7.966259
603165.SH,6.553051,3.0674226
603166.SH,-11.070021,-5.174042
603167.SH,-10.200104,1.3294508
603168.SH,1.4846168,0.423862
603169.SH,7.57691,-0.5843598
603170.SH,7.064764,2.951196
603171.SH,3.177648,-0.098067574
603172.SH,-10.364595,-4.2981005
603173.SH,-3.9922776,0.11979744
603176.SH,-1.9264957,6.8931746
603177.SH,4.74368,-1.5737994
603178.SH,-7.0168877,6.729861
603179.SH,-7.5796227,5.6135626
603180.SH,-10.387629,-4.067285
603181.SH,10.086216,0.69635767
603182.SH,8.669574,-3.4272509
603183.SH,8.280887,-6.3315344
603185.SH,-2.4894447,-9.089627
603186.SH,5.3701663,23.19015
603187.SH,-3.2447138,-11.195914
603188.SH,-10.369164,-4.204619
603189.SH,-6.867612,1.2857798
603190.SH,1.971127,-10.571255
603191.SH,1.2701329,-15.705009
603192.SH,-0.028991343,2.448814
603193.SH,-3.7070856,4.8192244
603195.SH,0.12123016,-5.0696197
603196.SH,16.991465,2.3731089
603197.SH,-8.694634,3.9900262
603198.SH,-1.2774638,5.8634334
603199.SH,-6.505799,6.2252793
603200.SH,-10.453328,5.9811635
603201.SH,1.2049763,-10.189474
603203.SH,9.880439,-6.3647685
603206.SH,-11.2623,-4.050759
603207.SH,-3.3866177,-9.0789995
603208.SH,1.609176,-10.709327
603209.SH,5.6128716,-7.2856717
603211.SH,-7.049093,6.695681
603212.SH,0.28297767,-6.4578667
603213.SH,-4.0460567,4.9405365
603214.SH,3.7986372,-0.5186201
603215.SH,-0.943975,-2.1805863
603216.SH,4.9518466,-6.611246
603217.SH,11.944163,-1.2382257
603218.SH,5.014644,-14.125319
603219.SH,-1.4015771,-1.1085322
603220.SH,-7.8663898,5.146616
603221.SH,-9.602196,1.5500475
603222.SH,8.223201,-8.497995
603223.SH,-2.237888,-7.2091346
603225.SH,3.263731,-0.11743073
603226.SH,-10.134265,-4.929464
603227.SH,-4.7313037,6.4692626
603228.SH,0.23959728,19.60224
603229.SH,0.79016894,-11.793269
603230.SH,-0.52565783,13.229004
603231.SH,-1.3095402,-9.172792
603232.SH,-6.430388,0.9252896
603233.SH,1.5062152,-11.944799
603235.SH,4.9032197,-5.0903244
603236.SH,1.9740856,-10.601943
603237.SH,1.0749458,-9.177735
603238.SH,0.07115238,-2.157009
603239.SH,-10.842681,-0.047635995
603255.SH,-3.5570765,4.083813
603256.SH,-7.0420275,-5.334336
603258.SH,-0.8074916,14.294599
603259.SH,4.3377533,-5.84974
603260.SH,12.447548,-2.1191385
603261.SH,-4.8156867,-5.227319
603266.SH,-7.7403746,5.213252
603267.SH,5.539422,19.395287
603268.SH,-9.522427,1.3673031
603269.SH,-4.4020576,1.3751831
603270.SH,-2.1994267,-9.726509
603272.SH,5.0079694,-6.574141
603273.SH,7.4460726,-9.492843
603275.SH,-1.3720069,-9.200369
603276.SH,-2.1324265,-9.847152
603277.SH,5.579306,6.5237327
603278.SH,-1.9159821,20.587202
603279.SH,5.137426,-2.673722
603280.SH,7.9673586,-8.065196
603281.SH,12.271816,-1.7872338
603282.SH,4.010202,-9.924887
603283.SH,-6.6261625,7.760246
603285.SH,-3.3711476,-9.08506
603286.SH,-10.291276,2.328837
603288.SH,8.825854,-8.2788105
603289.SH,7.2502046,0.74201757
603290.SH,3.2699962,18.060577
603291.SH,-7.6190233,5.897712
603296.SH,6.972374,20.627651
603297.SH,0.070081584,19.466183
603298.SH,0.1995278,7.963771
603299.SH,-6.7591243,5.0921545
603300.SH,4.4003053,-0.9859083
603301.SH,8.367852,-2.2455208
603303.SH,-0.33419386,-3.3507764
603305.SH,1.9851613,-10.589392
603306.SH,-11.055324,-5.2150283
603307.SH,-3.9891326,-0.41953036
603308.SH,-3.987558,-0.20954986
603309.SH,6.4326386,4.841988
603310.SH,-3.3850057,-9.081936
603311.SH,-1.1314336,-1.8424476
603312.SH,1.152209,-8.006647
603313.SH,5.1061497,-6.4468246
603315.SH,5.169171,-4.4444385
603316.SH,-12.824372,3.7580729
603317.SH,9.322097,-6.7567277
603318.SH,-3.7364018,4.731417
603319.SH,-10.780355,-0.9479524
603320.SH,0.596086,7.164569
603321.SH,7.1054244,2.9664478
603322.SH,-6.822879,7.19697
603323.SH,0.58417434,8.030924
603324.SH,4.3851404,-5.8053646
603325.SH,4.370913,-9.833594
603326.SH,-10.495091,-3.118721
603327.SH,4.5196495,23.350332
603328.SH,0.046611127,19.44596
603329.SH,6.6213613,12.095019
603330.SH,0.30800167,-6.6121693
603331.SH,7.515146,-0.38421762
603332.SH,5.215416,-3.6237674
603333.SH,3.565462,-15.603813
603335.SH,-10.623063,2.0024836
603336.SH,-0.10825566,2.4847724
603337.SH,-0.5669065,7.8770366
603338.SH,7.3971868,-5.37622
603339.SH,6.3373213,3.9347968
603341.SH,1.2010857,-10.2039
603344.SH,-2.4279115,-9.082837
603345.SH,9.057656,-5.345962
603348.SH,-11.259291,-3.3587663
603350.SH,-2.9145982,-9.183146
603351.SH,-9.915486,5.6986327
603353.SH,9.012225,-6.196231
603355.SH,-1.1347201,-1.8315778
603356.SH,5.828862,6.3252788
603357.SH,0.8650266,8.063176
603358.SH,-7.058572,6.6714582
603359.SH,5.0376487,-13.621604
603360.SH,7.334916,11.695471
603363.SH,0.15949179,-5.2497573
603365.SH,0.044309832,-2.1918247
603366.SH,-1.3272947,-1.2821797
603367.SH,-10.437569,5.966514
603368.SH,-9.625919,3.5421796
603369.SH,-1.2374415,5.0769973
603373.SH,-2.4437928,-10.73775
603375.SH,4.6450915,19.12089
603377.SH,-1.429199,-10.977411
603378.SH,1.2218902,-10.229897
603379.SH,-4.6997485,6.376047
603380.SH,4.4751573,23.354063
603381.SH,-2.8984032,-9.187102
603383.SH,-9.892978,5.6984696
603385.SH,-10.445478,-3.575241
603386.SH,5.7854347,23.064919
603387.SH,8.149671,-8.570099
603388.SH,1.5609752,-8.135293
603389.SH,-8.08835,5.1863093
603390.SH,-10.638721,1.9947346
603391.SH,-3.3544228,-9.089747
603392.SH,11.906004,8.178768
603393.SH,-4.777512,6.648254
603396.SH,0.43664613,-9.160349
603398.SH,-1.5116817,6.984583
603399.SH,-2.4129438,19.666935
603408.SH,-9.119429,0.8721936
603416.SH,8.589227,-2.324143
603421.SH,-10.74415,-1.6593385
603429.SH,0.42000204,-9.069019
603439.SH,3.615062,12.181659
603444.SH,-0.107283264,13.645178
603456.SH,4.6634016,-10.330934
603458.SH,8.606671,-6.785197
603466.SH,-3.9877362,-0.080061026
603477.SH,-5.015679,7.208383
603486.SH,0.2742909,-6.193057
603488.SH,6.079995,5.5076375
603489.SH,-1.2196976,-8.397258
603496.SH,-6.7282715,5.578564
603499.SH,-6.6272964,7.7518764
603500.SH,8.723434,-3.8780825
603501.SH,1.2683274,17.685265
603505.SH,-1.0593166,2.678632
603506.SH,4.234887,-0.76539564
603507.SH,-7.0816555,-4.7937913
603508.SH,7.0603347,2.231197
603511.SH,14.836914,3.4108121
603515.SH,-0.9358252,-2.1952927
603516.SH,-6.5322156,6.087845
603517.SH,2.167629,-9.316317
603518.SH,14.858894,3.388859
603519.SH,-1.0101205,-2.0771592
603520.SH,-0.05959044,-11.400628
603527.SH,-0.93405104,17.96915
603528.SH,-7.36987,1.8068941
603529.SH,3.5303226,12.422534
603530.SH,-1.1842877,7.0783324
603533.SH,-0.79584277,14.304396
603535.SH,-3.1651883,-11.155134
603536.SH,6.2660646,5.022275
603538.SH,4.3088365,-5.8761168
603551.SH,-9.555086,1.4565483
603556.SH,-6.536678,8.157098
603557.SH,14.837356,3.4103613
603558.SH,-0.9713999,5.4544754
603559.SH,-11.258919,-3.8592274
603565.SH,1.3587278,-10.365562
603566.SH,-1.7939377,3.089578
603567.SH,3.1751878,13.116585
603568.SH,2.4602375,0.14020576
603569.SH,-4.8702874,-5.1733975
603577.SH,-7.0315275,-4.1545005
603578.SH,-0.9274959,-2.1911128
603579.SH,-0.08418234,-4.2246466
603580.SH,-1.5717027,6.3665466
603583.SH,4.918966,-13.315533
603585.SH,7.815867,11.698631
603586.SH,-10.294856,2.3238614
603587.SH,14.960483,3.2891543
603588.SH,1.56811,-12.050644
603589.SH,-1.1474395,-1.7974712
603590.SH,10.898252,8.18929
603595.SH,6.568614,22.486425
603596.SH,-10.631553,1.9941146
603598.SH,-1.8236804,14.023933
603599.SH,-3.882621,-11.417652
603600.SH,-9.786737,2.020464
603601.SH,1.0090866,-8.00667
603602.SH,-8.278992,4.676539
603605.SH,-0.46134037,2.963084
603606.SH,-1.943674,6.8343525
603607.SH,6.071121,4.330911
603608.SH,14.9451685,3.3043983
603609.SH,-1.0130336,-2.0725245
603610.SH,-10.145857,-4.9155316
603611.SH,6.7179313,2.7200797
603612.SH,5.685792,-7.251873
603613.SH,0.7620433,13.517544
603615.SH,-7.4431653,6.222809
603616.SH,-3.5339522,-6.2875743
603617.SH,-4.000031,0.2748705
603618.SH,-7.077958,-4.932572
603619.SH,-8.983106,13.86396
603626.SH,1.6209239,21.26531
603628.SH,0.641301,7.1862845
603629.SH,1.1848202,20.561195
603630.SH,-0.37852648,2.913094
603633.SH,-11.241054,-4.6061897
603636.SH,-10.431584,5.960418
603637.SH,-13.164018,3.5125272
603638.SH,6.6937885,-9.596686
603639.SH,7.824197,11.703219
603648.SH,-4.5403285,9.182819
603650.SH,9.628675,0.94506747
603655.SH,-11.347391,-4.3596888
603656.SH,7.000753,2.0463035
603657.SH,-0.1500765,-4.0218654
603658.SH,7.0721054,3.1867132
603659.SH,-2.0724747,-10.01297
603660.SH,7.048477,2.1774375
603661.SH,-9.0963955,0.78772336
603662.SH,5.7237625,5.9866247
603663.SH,-1.9656144,20.644997
603665.SH,16.985132,2.3684988
603666.SH,4.458515,-9.794264
603667.SH,-4.692456,8.658344
603668.SH,-1.5684881,6.3826294
603669.SH,4.9709773,-1.9923865
603676.SH,-3.7572446,7.4976306
603677.SH,-1.3254089,-1.2899534
603678.SH,6.281678,19.823732
603679.SH,-7.054431,-5.261451
603680.SH,8.028825,-0.47993693
603681.SH,11.806882,-1.0402582
603682.SH,1.5115895,0.40979725
603683.SH,-0.18277179,2.4676437
603685.SH,-7.018355,-3.975723
603686.SH,3.6826692,-0.40071723
603687.SH,8.206702,-1.2721199
603688.SH,-11.277239,-3.7119544
603689.SH,-3.141562,4.2218876
603690.SH,1.0407311,17.758955
603693.SH,4.269688,-0.79991597
603696.SH,7.841597,0.33409917
603697.SH,5.9051633,-10.17755
603698.SH,7.0763307,1.7708505
603699.SH,-5.0222955,8.044916
603700.SH,9.854889,-6.553403
603701.SH,-7.772598,5.1288247
603703.SH,1.4177178,20.89715
603706.SH,-4.1478424,5.4019666
603707.SH,11.527198,8.131959
603708.SH,-11.290498,-4.310836
603709.SH,-10.373209,-4.38741
603711.SH,-0.92720294,13.093056
603712.SH,5.413155,-7.350434
603713.SH,-3.9893544,0.07629973
603716.SH,3.838629,-0.5575228
603717.SH,10.701908,0.1881922
603718.SH,10.585649,0.30008164
603719.SH,5.7668624,-10.266964
603721.SH,-5.193802,7.6569657
603722.SH,-2.3707144,3.403846
603725.SH,-0.20101078,-2.4844635
603726.SH,-1.4071674,-1.0966094
603727.SH,-8.551325,14.250754
603728.SH,-2.0341973,6.716581
603729.SH,5.8823714,6.221353
603730.SH,-11.10078,-5.1191316
603733.SH,8.76914,-9.07935
603737.SH,1.5015119,-10.592363
603738.SH,6.2983356,19.838095
603739.SH,-1.9843675,3.1937556
603755.SH,8.992337,-5.016805
603757.SH,-4.515623,9.241387
603758.SH,-10.80043,-0.99823487
603759.SH,4.776464,-7.2092524
603766.SH,-2.8634827,13.285407
603767.SH,-7.4885187,5.930898
603768.SH,-10.847149,-1.5630457
603773.SH,0.72432,20.029303
603776.SH,-1.155183,14.108711
603777.SH,8.460708,-2.569265
603778.SH,-7.044995,-4.3248696
603779.SH,3.6146781,12.180326
603786.SH,-10.755602,0.48579392
603787.SH,3.028606,13.1880865
603788.SH,-10.655531,1.9569218
603789.SH,8.660188,-6.411605
603790.SH,-9.431804,1.1787753
603797.SH,5.126206,-2.5680816
603798.SH,7.32039,0.57527983
603799.SH,-0.39814234,21.142715
603800.SH,-6.9305286,5.08383
603801.SH,-10.13719,-4.9217596
603803.SH,-10.179659,1.7942157
603806.SH,-1.0896475,-8.374845
603808.SH,14.826542,3.421129
603809.SH,5.6573715,-7.2706733
603810.SH,7.9717793,11.724174
603811.SH,4.4503164,-1.0707738
603813.SH,-4.209516,-5.7726216
603815.SH,8.073505,-6.166233
603816.SH,5.2552648,-6.356425
603817.SH,-7.4036245,1.7885541
603818.SH,1.742852,-10.741498
603819.SH,-6.9178967,-3.090339
603822.SH,-0.9489155,2.6452084
603823.SH,-10.326816,-4.783808
603825.SH,-0.14490572,13.683606
603826.SH,-10.544992,-2.5488193
603828.SH,0.056250945,-4.7679076
603829.SH,-0.8004574,7.129894
603833.SH,4.9571843,-6.634487
603836.SH,-4.2050858,0.97978085
603838.SH,-10.180377,-4.882318
603839.SH,15.034934,3.2181969
603843.SH,7.595833,-5.5861764
603848.SH,-9.801955,2.1588075
603855.SH,7.7303967,-1.0199585
603856.SH,-0.5564284,4.7079935
603858.SH,3.5587447,12.34871
603859.SH,5.230152,-3.0295558
603860.SH,-0.9222604,7.7355256
603861.SH,-6.923762,-3.1123853
603863.SH,-6.547035,8.130976
603866.SH,1.1768091,-9.186847
603867.SH,-2.8981588,3.6651566
603868.SH,-1.3949778,-1.1273396
603869.SH,5.13479,-2.441127
603871.SH,-4.738089,8.561821
603876.SH,-0.44740948,21.13039
603877.SH,14.850919,3.3967938
603878.SH,-2.3092933,20.050423
603879.SH,11.414521,-0.56613606
603880.SH,9.009931,-5.167354
603881.SH,4.8671613,-5.1536374
603882.SH,4.380698,-10.228932
603883.SH,1.4554913,-11.891946
603885.SH,-6.995209,-3.7388918
603886.SH,8.209686,-1.2477992
603887.SH,-6.205335,0.7503659
603888.SH,-1.6215305,14.238239
603889.SH,-0.5523945,4.7306466
603890.SH,1.6122046,21.255861
603893.SH,0.83159935,17.79515
603895.SH,5.7096314,5.2949677
603896.SH,2.7169037,13.256539
603897.SH,3.9479818,-15.409716
603898.SH,-10.438775,-3.609827
603899.SH,-3.968767,-0.5767688
603900.SH,16.614027,2.0814936
603901.SH,6.788902,-9.576074
603903.SH,4.10934,-0.7020165
603906.SH,0.5725096,-8.159538
603908.SH,-0.12719367,-3.9941237
603909.SH,8.378601,-7.8057513
603912.SH,5.135511,-9.587754
603915.SH,-2.9367206,-11.048111
603916.SH,11.797979,-1.0320475
603917.SH,-8.509939,4.2420907
603918.SH,-8.531851,7.546861
603919.SH,-0.21360675,-3.7353652
603920.SH,-2.6590788,17.884058
603922.SH,-10.801876,0.38447642
603926.SH,-11.087527,-5.1437883
603927.SH,1.5072013,0.41505775
603928.SH,-1.7751814,3.058329
603929.SH,-1.6325768,6.416342
603931.SH,9.602625,0.9594152
603933.SH,1.0896649,20.441538
603936.SH,6.3819146,22.673151
603937.SH,-2.3033392,20.237661
603938.SH,-1.7433076,-10.892194
603939.SH,5.0864387,-5.405251
603948.SH,-3.5716932,4.1057425
603949.SH,-11.339241,-3.9990036
603950.SH,-11.266196,-3.3472385
603955.SH,7.8396,-5.8821654
603956.SH,3.1031685,-10.0160055
603958.SH,17.002417,2.3845274
603959.SH,-0.9595378,-8.665218
603960.SH,-11.305965,-3.7396102
603963.SH,1.6075033,13.366006
603966.SH,7.256251,0.7129906
603967.SH,-11.981943,8.153427
603968.SH,-1.336107,2.8016503
603969.SH,-4.6980443,5.783672
603970.SH,7.7804537,11.695347
603976.SH,8.183193,-8.532107
603977.SH,-4.279225,5.294228
603978.SH,-1.9363985,20.646507
603979.SH,-2.2120898,18.587116
603980.SH,-10.396529,-4.553708
603982.SH,5.078105,-7.3824763
603983.SH,-3.025199,4.187516
603985.SH,3.1172893,-15.751384
603986.SH,0.35896346,17.879805
603987.SH,5.004494,-10.375124
603988.SH,-6.9168735,-3.091036
603989.SH,7.0110626,21.74582
603990.SH,5.2469974,-2.876164
603991.SH,-0.96998185,5.079624
603992.SH,-9.100858,0.77666247
603993.SH,-2.414787,19.510395
603995.SH,1.1770185,17.75815
603997.SH,-7.8519764,4.872701
603998.SH,-2.8707986,13.281861
603999.SH,-1.1208129,13.095427
605001.SH,8.413519,-2.3959918
605003.SH,-0.29407585,-2.912212
605005.SH,-10.814445,-1.1358553
605006.SH,4.6825666,-12.781002
605007.SH,9.019937,-2.9437225
605008.SH,-4.5006833,-5.533967
605009.SH,8.834799,-2.674653
605011.SH,-4.2210455,5.548795
605016.SH,8.994478,-5.0430236
605018.SH,-11.33434,-4.398808
605020.SH,11.425949,-0.5796764
605028.SH,-0.23732807,2.771376
605033.SH,8.078656,11.723492
605050.SH,-11.892961,8.054158
605055.SH,-0.18555304,-3.7566001
605056.SH,9.805477,-5.5749598
605058.SH,4.396364,23.3677
605060.SH,6.5712895,12.139314
605066.SH,4.8924356,-13.203103
605068.SH,5.525188,-7.3709097
605069.SH,1.4257907,-11.968969
605077.SH,4.223991,-10.038546
605080.SH,-2.9002879,-11.031244
605081.SH,4.3312483,-5.8624625
605086.SH,-10.848848,-1.7760233
605088.SH,-7.760457,5.0726566
605089.SH,2.8377612,-9.737923
605090.SH,-3.1944773,4.28704
605098.SH,6.59361,12.117774
605099.SH,-4.104562,0.74297905
605100.SH,-3.2272344,-11.18256
605108.SH,-0.15037075,7.341811
605111.SH,3.5846412,18.324167
605116.SH,-8.219804,7.885544
605117.SH,4.4265227,-15.054713
605118.SH,0.7607932,20.065083
605122.SH,-2.8408551,-6.7547646
605123.SH,-3.424708,-6.359107
605128.SH,-11.181621,-2.6897433
605133.SH,-10.201581,2.4187827
605136.SH,12.452586,-2.119633
605138.SH,14.838662,3.4089954
605151.SH,-10.756191,0.48731935
605155.SH,5.2413425,-6.3402658
605158.SH,-2.3540244,19.91624
605162.SH,-0.3787497,2.87268
605166.SH,-6.3297467,0.8649044
605167.SH,-13.175965,3.5023942
605168.SH,0.7681994,13.493355
605169.SH,-0.4528201,2.9158428
605177.SH,3.2122762,-0.09198163
605178.SH,0.18415889,-5.3807936
605179.SH,2.760847,12.757985
605180.SH,0.32085368,-6.671518
605183.SH,-3.5244963,4.051301
605186.SH,9.876485,-6.2377567
605188.SH,-10.384534,0.11969503
605189.SH,-0.14340125,-3.9274251
605196.SH,-6.9918213,-3.7069468
605198.SH,-1.6799185,13.245664
605199.SH,2.984443,13.199628
605208.SH,-0.48905456,21.132032
605218.SH,-2.572785,17.669472
605222.SH,-7.045,-5.3288364
605228.SH,-10.7513,0.50292844
605255.SH,-11.101973,-2.3750048
605258.SH,1.1633097,20.531052
605259.SH,8.1884775,-8.349766
605266.SH,1.4230856,-11.838238
605268.SH,-10.405106,-3.9515555
605277.SH,6.8313575,22.131855
605286.SH,-6.7593265,5.095668
605287.SH,0.19372731,-5.417322
605288.SH,2.6587005,-15.829441
605289.SH,0.6116882,8.001667
605296.SH,-2.4478483,3.4616096
605298.SH,6.1761203,-10.039948
605299.SH,-3.9790716,-11.464399
605300.SH,2.6821187,12.86033
605303.SH,8.034303,-8.016582
605305.SH,7.9788013,-8.051418
605318.SH,-4.7791348,6.1543584
605319.SH,-8.3699255,4.4094734
605333.SH,-6.817138,7.1966944
605336.SH,0.23275779,-5.843754
605337.SH,1.4968216,13.424899
605338.SH,8.178657,-8.555966
605339.SH,8.867782,-8.15807
605358.SH,4.006625,18.723516
605365.SH,-0.69147444,-2.5992765
605366.SH,11.415603,-0.5672588
605368.SH,-3.65166,4.6614943
605369.SH,4.0959744,-10.13191
605376.SH,-0.44807822,21.138603
605377.SH,7.7269187,-1.0289943
605378.SH,3.5214796,-15.625471
605388.SH,1.5592375,13.384969
605389.SH,-3.9732542,-11.464407
605398.SH,5.209,-3.4820597
605399.SH,12.188248,-1.654457
605488.SH,0.004383187,-4.6183476
605499.SH,-1.6504345,13.235425
605500.SH,5.420867,-9.514617
605507.SH,2.9408185,0.015542693
605555.SH,0.16019,-5.2556133
605566.SH,4.8901386,-6.845181
605567.SH,8.865623,-8.238932
605577.SH,-0.9836777,13.089963
605580.SH,0.14030251,2.7893195
605588.SH,1.4157337,20.89382
605589.SH,-0.26255414,2.4680252
605598.SH,0.86319625,8.048229
605599.SH,16.587507,2.067952
688001.SH,8.606491,-2.3482122
688002.SH,1.9809088,-10.602672
688003.SH,7.8294425,-1.1985971
688004.SH,1.6142032,-12.089405
688005.SH,0.71959233,-8.116093
688006.SH,-0.2162929,-8.434271
688007.SH,6.8955035,22.023357
688008.SH,-1.3484162,18.143932
688009.SH,6.253905,5.180441
688010.SH,6.5466714,22.507042
688011.SH,6.289177,19.828793
688012.SH,-1.208804,18.079777
688013.SH,8.770815,-4.1267385
688015.SH,8.853127,-8.123972
688016.SH,5.141744,-10.374298
688017.SH,-3.987722,-0.24476315
688018.SH,0.8461638,17.793806
688019.SH,0.56820387,17.844429
688020.SH,6.6484795,20.17548
688021.SH,1.2434189,-10.239065
688022.SH,1.9463025,-9.473394
688023.SH,-1.8540273,-10.101227
688025.SH,9.094374,-3.0950143
688026.SH,-0.44937438,-8.96313
688027.SH,-10.212588,1.57665
688028.SH,-4.1840787,-11.433217
688029.SH,4.426857,-10.261237
688030.SH,5.191433,-4.2283435
688031.SH,0.62564814,-11.754734
688032.SH,-0.30992797,-8.484098
688033.SH,1.205183,-8.016013
688035.SH,3.3232646,18.101337
688036.SH,-11.258627,-4.014793
688037.SH,2.1462154,17.593565
688038.SH,5.2283673,-3.0430768
688039.SH,1.8930726,-12.2626705
688041.SH,-2.1230464,18.562359
688045.SH,2.2129023,17.591223
688046.SH,11.117508,8.154164
688047.SH,-1.7573075,18.396984
688048.SH,2.403258,17.627048
688049.SH,3.1748633,17.986757
688050.SH,4.9133244,-10.370007
688051.SH,1.8686204,-12.248015
688052.SH,2.2573292,17.561678
688053.SH,5.623801,19.426119
688055.SH,7.1407986,21.310413
688056.SH,7.358447,-9.510735
688057.SH,4.3089085,-5.848807
688058.SH,-0.20728707,-11.3488
688059.SH,-3.2757688,-11.1981535
688060.SH,9.430345,-6.887898
688061.SH,4.4773326,19.045658
688062.SH,10.395665,8.295401
688063.SH,0.20378394,-8.26723
688065.SH,12.097834,-1.5179528
688066.SH,1.8301456,-12.219104
688067.SH,9.291349,-6.827002
688068.SH,0.4328079,-8.985702
688069.SH,1.076632,-11.8178005
688070.SH,-4.0155683,-5.9381914
688071.SH,8.696672,-9.099056
688072.SH,-1.9669155,18.500652
688073.SH,1.8667446,-12.242445
688075.SH,5.8266544,-10.235706
688076.SH,10.297244,8.349252
688077.SH,2.0393467,-10.597135
688078.SH,4.3777533,-5.794051
688079.SH,7.113999,21.403864
688080.SH,-10.925549,-5.491445
688081.SH,1.5798265,-12.069077
688082.SH,-0.37220252,17.818054
688083.SH,-1.4592057,-10.568865
688084.SH,1.8847542,-9.475555
688085.SH,8.8340025,-4.353625
688087.SH,1.5038924,-12.010579
688088.SH,2.0727067,0.26416987
688089.SH,4.01247,-10.058217
688090.SH,5.716583,6.022886
688091.SH,3.4915388,-0.23752844
688092.SH,9.797989,-6.6421514
688093.SH,11.147079,-0.2677478
688095.SH,1.8224993,-12.219942
688096.SH,4.4182014,-5.7642684
688097.SH,7.114523,-9.540542
688098.SH,11.748733,-0.9699276
688099.SH,0.2356073,17.843826
688100.SH,-7.525004,5.965183
688101.SH,3.8327754,-0.50903815
688102.SH,2.1526988,17.59247
688103.SH,7.122077,21.387836
688105.SH,12.113529,8.208356
688106.SH,-1.3224015,2.7947438
688107.SH,2.438357,17.64627
688108.SH,5.9282255,6.198803
688109.SH,5.1803403,-4.369645
688110.SH,2.0599916,17.61571
688111.SH,-7.4722905,2.2478461
688112.SH,0.8006328,-9.316781
688113.SH,6.0326233,-9.6397295
688114.SH,2.8084319,-9.687526
688115.SH,9.810679,-5.5304565
688116.SH,-1.7426351,-10.912303
688117.SH,10.737074,8.221256
688118.SH,3.4757805,-0.2270396
688119.SH,-1.4580209,-10.960258
688120.SH,0.42203042,17.87457
688121.SH,3.0855331,-10.003706
688122.SH,-1.4078709,20.883606
688123.SH,-1.766558,18.412403
688125.SH,9.882422,-6.282551
688126.SH,0.34419227,17.880787
688127.SH,4.437802,23.358768
688128.SH,5.4299498,-9.545499
688129.SH,-10.452447,-3.8160644
688130.SH,3.6875572,18.417677
688131.SH,-2.0755327,-9.844924
688132.SH,5.648827,-7.2514133
688133.SH,-2.126755,-9.822459
688135.SH,1.433062,17.675241
688136.SH,11.480516,8.124786
688137.SH,12.003336,8.201622
688138.SH,-1.7616698,18.403566
688139.SH,2.0858667,-9.227103
688141.SH,4.3446107,18.984251
688143.SH,1.1788452,-10.177546
688146.SH,2.2259803,17.589432
688147.SH,8.799403,-2.6305065
688148.SH,-0.4175043,-8.527252
688150.SH,0.82456785,20.131859
688151.SH,3.560901,-9.981794
688152.SH,-2.1078863,-9.753283
688153.SH,-0.33203125,17.824295
688155.SH,4.670359,-12.761184
688156.SH,-0.19859666,-3.8013527
688157.SH,5.03104,-6.576494
688158.SH,1.6797018,-12.135144
688159.SH,-8.919629,3.777946
688160.SH,6.101902,4.2624874
688161.SH,5.6924005,-10.312391
688162.SH,0.48857757,-9.17031
688163.SH,12.086561,8.205926
688165.SH,7.6974487,-0.87355036
688166.SH,-7.324301,1.74792
688167.SH,5.356172,19.336988
688168.SH,4.5249205,-1.1694766
688169.SH,0.34697548,-6.8356843
688170.SH,8.6050625,-2.3456185
688171.SH,1.9926021,-12.298285
688172.SH,0.75354517,17.81385
688173.SH,4.044997,18.757128
688175.SH,1.2154996,-10.220677
688176.SH,1.0842954,-11.855198
688177.SH,10.816165,8.20352
688178.SH,4.357673,-5.8274164
688179.SH,-1.6491421,-10.416898
688180.SH,11.505464,8.130481
688181.SH,6.8150563,20.38349
688182.SH,-11.256712,-3.6929548
688183.SH,-2.6768973,17.850786
688184.SH,-0.17742199,-8.417283
688185.SH,12.288948,8.236817
688186.SH,3.644724,18.381063
688187.SH,7.8310537,0.38677686
688188.SH,5.3553076,-9.547724
688189.SH,-0.38703042,-11.243887
688190.SH,-11.005677,-5.2654133
688191.SH,1.8758055,0.304766
688192.SH,10.426693,8.297918
688193.SH,4.610313,-10.316377
688195.SH,-2.3718717,17.551756
688196.SH,5.1858616,-3.2427118
688197.SH,-10.289145,5.8545823
688198.SH,8.6807995,-8.193319
688199.SH,12.175472,-1.640766
688200.SH,4.151496,18.85438
688201.SH,-1.7546133,-10.3072195
688202.SH,-2.3542435,-9.149933
688203.SH,0.28830057,-6.451746
688205.SH,5.68421,-7.2021375
688206.SH,2.1884131,17.58783
688207.SH,0.24495521,-11.581035
688208.SH,4.21749,-9.924535
688209.SH,0.6635492,17.829145
688210.SH,7.0077634,20.687506
688211.SH,4.360068,-9.828733
688212.SH,6.0572076,5.6497617
688213.SH,-1.034355,18.006191
688215.SH,7.815491,-9.391317
688216.SH,2.2315118,17.590174
688217.SH,2.3636348,-9.382386
688218.SH,6.04897,4.3787475
688219.SH,-0.11548033,-4.0494943
688220.SH,3.0864606,17.933979
688221.SH,12.038526,8.202122
688222.SH,4.4206576,-5.7386594
688223.SH,1.3563488,-15.753936
688225.SH,0.56099916,-11.721436
688226.SH,0.2058833,7.065605
688227.SH,1.9887801,-12.314419
688228.SH,-7.4709325,2.2532213
688229.SH,1.8656933,0.31098273
688230.SH,4.2253323,18.915243
688231.SH,-2.2478838,-7.202097
688232.SH,4.9270906,-1.8863498
688233.SH,3.5996304,18.337936
688234.SH,0.06377293,17.860065
688235.SH,10.38308,8.311677
688236.SH,6.0479393,-10.124809
688237.SH,-2.1052694,-7.331091
688238.SH,-0.37144753,-8.953193
688239.SH,-3.34494,-6.4128613
688244.SH,0.5784666,-11.737939
688246.SH,4.9520893,-4.9343624
688247.SH,5.122701,-2.386627
688248.SH,0.37228593,7.058386
688249.SH,0.06201514,17.863356
688251.SH,0.42816144,-9.142704
688252.SH,-0.6544424,17.905245
688253.SH,-6.7586517,5.0915604
688255.SH,-3.9666939,-11.459587
688256.SH,-2.2461927,18.58699
688257.SH,-3.201281,-11.169772
688258.SH,1.8125947,0.32465476
688259.SH,2.1924844,17.590275
688260.SH,5.323177,23.199762
688261.SH,3.6716259,18.40342
688262.SH,2.1586947,17.5926
688265.SH,3.6057172,-9.992524
688266.SH,10.407926,8.305401
688267.SH,11.399922,-0.55139935
688268.SH,-0.24284014,2.455684
688269.SH,-1.582807,-11.209362
688270.SH,1.3483802,17.691643
688271.SH,9.270349,-6.778492
688272.SH,6.225653,19.780155
688273.SH,6.023319,-10.138071
688275.SH,-2.5083723,-9.083198
688276.SH,11.910752,8.175553
688277.SH,2.264264,-9.330643
688278.SH,10.234276,8.376049
688279.SH,-2.1840954,18.588278
688280.SH,1.1665258,-10.152182
688281.SH,-2.2590454,-7.1928906
688282.SH,4.87233,-7.290681
688283.SH,9.846502,-5.8698196
688285.SH,8.833175,-4.289522
688286.SH,1.381254,17.683786
688287.SH,-2.1733103,-7.2694592
688288.SH,6.148055,-9.782413
688289.SH,2.6657093,-9.603339
688290.SH,6.5249825,3.2236974
688291.SH,1.8959866,-12.264404
688292.SH,-11.137421,-3.0850813
688293.SH,12.2872095,8.225755
688295.SH,5.2133555,-3.6707983
688296.SH,-1.1464815,-10.808465
688297.SH,-3.2874808,-6.4524465
688298.SH,0.2515237,-9.001817
688299.SH,7.1373444,21.236456
688300.SH,-11.321485,-4.358686
688301.SH,2.7464137,-9.64097
688302.SH,10.362819,8.3188925
688303.SH,1.5305907,-8.125212
688305.SH,-1.3261067,20.616941
688306.SH,9.80415,-5.608464
688307.SH,5.251255,19.298666
688308.SH,-2.827027,-10.993692
688309.SH,5.1587315,-2.8275068
688310.SH,2.7963815,-9.679565
688311.SH,6.576426,20.096193
688312.SH,7.165833,1.426543
688313.SH,-10.655347,-1.054574
688314.SH,5.1535006,-10.370123
688315.SH,0.8395245,-9.071482
688316.SH,5.1874447,-4.2887363
688317.SH,4.0949955,-10.127553
688318.SH,-6.917563,1.3351426
688319.SH,11.948123,8.185895
688320.SH,-6.6952124,5.755385
688321.SH,5.240566,-2.9214108
688322.SH,6.896814,22.022434
688323.SH,0.3181461,-6.6514606
688325.SH,0.26334172,17.872799
688326.SH,-11.276005,-3.4831135
688327.SH,4.3164973,-5.8824315
688328.SH,4.7466116,-9.6941
688329.SH,4.4407015,-9.782958
688330.SH,1.1929412,-8.0157175
688331.SH,10.9095,8.187839
688332.SH,-0.79632866,17.936102
688333.SH,-2.7636495,-10.9598465
688334.SH,3.55452,-15.607207
688335.SH,0.5099859,-11.704324
688336.SH,10.393967,8.3074045
688337.SH,9.0069275,-2.932347
688338.SH,8.806182,-8.120443
688339.SH,-1.8006269,-9.253504
688343.SH,-2.2488549,-9.554995
688345.SH,0.7364124,-8.105624
688347.SH,3.0539854,17.921186
688348.SH,-1.1890603,-8.386939
688349.SH,3.8082848,-15.481385
688350.SH,10.130569,0.6685214
688351.SH,-6.508822,6.371405
688352.SH,2.3581967,17.618095
688353.SH,-2.136566,-9.82034
688355.SH,-3.976887,-0.5598676
688356.SH,0.008322309,-11.437247
688357.SH,-1.7452753,-10.889086
688358.SH,8.90301,-8.008027
688359.SH,9.615995,0.95249856
688360.SH,-3.9761734,-0.56594795
688361.SH,0.06836183,17.863354
688362.SH,0.5803856,17.843235
688363.SH,4.087421,-10.126572
688365.SH,5.1995454,-4.0274544
688366.SH,5.7357388,-10.280895
688367.SH,9.0168915,-5.148981
688368.SH,4.3336415,18.967424
688369.SH,-0.3593743,-11.260286
688370.SH,0.05445114,-11.452033
688371.SH,5.6587944,19.440912
688372.SH,3.4341688,18.191763
688373.SH,0.58910394,-11.739786
688375.SH,6.167818,19.738075
688376.SH,9.013618,-2.9434206
688377.SH,7.309176,0.5978353
688378.SH,2.0596948,-9.510919
688379.SH,-4.194472,0.95212966
688380.SH,3.266902,18.057354
688381.SH,3.561607,18.304228
688382.SH,11.547192,8.123033
688383.SH,4.112334,-9.940526
688385.SH,-0.1669922,17.846333
688386.SH,11.398421,-0.5508094
688387.SH,-10.1785345,1.7579718
688388.SH,-1.2096698,-8.395811
688389.SH,7.977796,-0.073983096
688390.SH,-0.75149244,-8.5643215
688391.SH,4.5579796,19.079336
688392.SH,-0.47271034,-9.056328
688393.SH,9.230942,-6.720995
688395.SH,-3.987259,-0.43228406
688396.SH,0.38745102,17.877346
688398.SH,2.0938325,-10.553971
688399.SH,8.7380905,-3.9842825
688400.SH,7.26909,-9.5211735
688401.SH,3.2994223,18.08375
688403.SH,2.2470162,17.588398
688408.SH,4.983715,-13.526243
688409.SH,3.6835766,18.414564
688410.SH,0.3067938,-8.985098
688416.SH,1.2528374,17.711878
688418.SH,-10.038316,2.137192
688419.SH,1.2296286,17.725399
688420.SH,1.1178854,-9.301559
688425.SH,7.807976,-5.8428903
688426.SH,11.997178,8.196452
688428.SH,10.286913,8.355956
688429.SH,1.2080556,-8.023598
688432.SH,1.4998281,17.669647
688433.SH,3.103638,-10.016318
688435.SH,-2.0816076,-9.781298
688439.SH,6.9723907,20.623537
688443.SH,11.438515,8.134691
688448.SH,8.762669,-9.074576
688450.SH,-0.8730805,-9.130371
688455.SH,-3.2314022,-11.185988
688456.SH,-1.3578153,18.145058
688458.SH,4.6143203,19.10151
688459.SH,7.0614066,3.224339
688466.SH,5.1035156,-2.5058844
688468.SH,4.5978413,-10.32131
688469.SH,2.134646,17.596601
688472.SH,-7.0338845,-4.213753
688475.SH,-6.806566,5.259942
688478.SH,2.1533275,17.594236
688479.SH,0.61849296,-11.752017
688480.SH,-10.436806,5.966297
688484.SH,3.3764763,18.139265
688485.SH,0.4744441,-9.048941
688486.SH,2.1627576,17.593204
688488.SH,11.546053,8.1379385
688489.SH,-1.4081795,-9.207955
688496.SH,5.825854,23.060547
688498.SH,-1.0275831,18.004519
688499.SH,-1.9719905,-9.223588
688500.SH,-1.0429503,14.445438
688501.SH,1.8561578,0.31032425
688502.SH,5.3247643,19.324308
688503.SH,-1.9209657,-9.066703
688505.SH,5.23493,-2.7814047
688506.SH,-6.504005,8.910168
688507.SH,-2.5272515,-9.309563
688508.SH,3.128236,17.957542
688509.SH,5.2362547,-2.9269483
688510.SH,-3.2542973,-6.475365
688511.SH,5.2381587,19.294277
688512.SH,4.437119,19.020266
688513.SH,-5.801632,0.513544
688515.SH,4.6201377,19.100618
688516.SH,0.7788295,-9.312445
688517.SH,0.6596282,7.1996284
688518.SH,5.285539,-9.554228
688519.SH,7.136755,21.318708
688520.SH,10.94458,8.189136
688521.SH,1.0492887,17.755867
688522.SH,-11.2728,-4.4070168
688523.SH,-2.2452533,-7.2046494
688525.SH,-2.443704,18.288507
688526.SH,9.959657,0.76555693
688528.SH,7.5243006,-0.48738557
688529.SH,6.494519,-9.618325
688530.SH,4.650019,19.122578
688531.SH,-2.337776,-9.169474
688533.SH,-7.7720637,5.1321726
688535.SH,-1.0442485,18.022118
688536.SH,4.2297354,18.906397
688538.SH,-0.34220755,17.829994
688539.SH,6.4465947,-9.631318
688543.SH,9.837345,-5.8278875
688548.SH,12.455698,-2.1294796
688549.SH,4.96534,19.208683
688550.SH,12.453144,-2.1279528
688551.SH,9.806697,-6.621764
688552.SH,1.5414506,-10.496475
688553.SH,0.732432,-11.77844
688556.SH,0.66203386,-9.290351
688557.SH,9.774582,-6.6639185
688558.SH,-0.6540908,21.045452
688559.SH,9.652274,-4.4864545
688560.SH,4.6659074,-12.759791
688561.SH,1.5304083,-12.0426
688562.SH,-0.39161214,-11.244767
688563.SH,-3.4082363,-6.3699923
688565.SH,1.1285337,-11.856748
688566.SH,-3.711111,7.523432
688567.SH,1.5064002,-8.122785
688568.SH,5.2000384,-3.987284
688569.SH,6.0485086,5.6032295
688570.SH,1.2207196,-9.296399
688571.SH,-10.370205,-4.1944675
688573.SH,-2.2112668,-9.171861
688575.SH,8.317595,-1.9908714
688576.SH,-1.9839494,-9.200263
688577.SH,-1.3101869,20.607304
688578.SH,-8.140488,7.947822
688579.SH,2.4560401,0.16732277
688580.SH,2.1654887,-9.25134
688581.SH,0.13075532,-8.967642
688582.SH,9.870339,-6.3534274
688584.SH,4.1713734,18.868166
688585.SH,9.895287,0.79223776
688586.SH,-2.3215024,-7.1411014
688588.SH,5.0613694,-2.231747
688589.SH,0.24087147,17.87123
688590.SH,3.4960165,-0.23919275
688591.SH,3.8126252,18.535465
688592.SH,-0.25174707,-9.242965
688593.SH,3.7547276,18.482246
688595.SH,3.106578,17.954243
688596.SH,5.5089345,6.685912
688597.SH,9.23353,-3.4449744
688598.SH,-2.3642788,-9.200316
688599.SH,4.7972393,-12.973972
688600.SH,7.1762147,1.3746753
688601.SH,3.4416928,18.201387
688602.SH,-1.4663522,-11.375298
688603.SH,10.494284,0.3747139
688606.SH,8.834263,-8.096098
688607.SH,1.061805,-9.129032
688608.SH,-0.12630458,17.849493
688609.SH,-0.9740086,-2.1310933
688610.SH,-0.97566575,-9.155133
688611.SH,4.159074,-15.262793
688612.SH,-1.0086234,-9.18561
688613.SH,1.1916937,-9.146748
688615.SH,-6.4882407,8.950985
688616.SH,9.665321,-4.470514
688617.SH,6.264508,5.1833296
688618.SH,-10.946625,-5.4725537
688619.SH,1.0951172,-11.861071
688620.SH,3.7124953,18.441277
688621.SH,4.5622497,-10.306655
688622.SH,1.0776386,-9.301253
688623.SH,0.6661388,-9.3003435
688625.SH,-0.9676631,2.6493955
688626.SH,8.168306,-8.564496
688627.SH,3.0928576,-10.015174
688628.SH,5.5379543,6.6518493
688629.SH,0.5670535,19.877535
688630.SH,7.2166157,1.1930174
688631.SH,-6.488917,8.367674
688633.SH,2.8491395,-9.855756
688636.SH,5.2187514,19.286976
688638.SH,-2.267147,-9.17679
688639.SH,4.5473075,-1.2235166
688646.SH,-0.7913434,-9.108673
688648.SH,4.141129,18.90535
688651.SH,-1.2118922,-10.759916
688652.SH,2.2679014,17.5911
688653.SH,4.6305294,19.11185
688655.SH,6.8693657,22.068798
688656.SH,8.393361,-8.390456
688657.SH,-2.3228548,-9.4488735
688658.SH,-6.25991,0.79772013
688659.SH,4.9831305,-5.1122184
688660.SH,4.8238773,-13.020319
688661.SH,6.1712227,19.740156
688662.SH,5.837748,23.055279
688663.SH,-7.040965,-5.3476386
688665.SH,0.6914823,-9.308853
688667.SH,2.829067,-10.237814
688668.SH,-10.676134,-1.1177014
688669.SH,11.752771,-0.97776556
688670.SH,12.305101,8.243591
688671.SH,-2.785245,-9.271922
688676.SH,-1.534873,6.981636
688677.SH,4.5550303,-10.297408
688678.SH,7.1373754,21.315641
688679.SH,4.7020526,-1.5177264
688680.SH,-1.128005,-8.359625
688681.SH,3.3678129,-15.6896305
688682.SH,-0.8398631,-10.989685
688683.SH,5.2561483,23.212774
688685.SH,-4.8622074,-5.181237
688686.SH,-0.7618405,-9.096154
688687.SH,10.419344,8.300239
688689.SH,0.24776655,17.867264
688690.SH,-1.7145634,-10.91834
688691.SH,3.3985507,18.159138
688692.SH,-6.426936,8.16373
688693.SH,4.642574,19.11978
688695.SH,-2.3099582,-9.458759
688696.SH,-0.83758616,-8.45461
688697.SH,-1.9942803,20.32839
688698.SH,0.6529913,7.1943684
688699.SH,4.630728,19.110756
688700.SH,5.424181,-9.545746
688701.SH,0.7347521,-11.774942
688702.SH,3.4039567,18.1679
688707.SH,0.5651875,-8.173702
688709.SH,0.9441582,17.776249
688710.SH,11.4268465,8.132784
688711.SH,3.7850354,18.510641
688716.SH,-1.6156231,-11.131721
688717.SH,0.9637109,-7.9938054
688718.SH,0.31837794,-6.6857877
688719.SH,-2.5258377,-9.091743
688720.SH,4.586052,19.093233
688721.SH,4.6496873,19.121172
688722.SH,2.340099,0.18005994
688728.SH,1.2436604,17.712467
688733.SH,0.5826586,-9.490996
688737.SH,0.6805032,-9.54219
688739.SH,11.954793,8.187024
688766.SH,4.123264,18.833124
688767.SH,4.851478,-10.370363
688768.SH,1.2475826,-9.331838
688772.SH,4.8921638,-14.488204
688776.SH,6.307578,19.846802
688777.SH,7.408467,-9.501032
688778.SH,0.88761157,-8.026144
688779.SH,-0.008683245,-8.31536
688786.SH,-0.8746509,21.017288
688787.SH,5.1994677,-4.032652
688788.SH,-0.42419797,-9.164909
688789.SH,2.4951837,-9.661296
688793.SH,0.26508752,-6.024096
688798.SH,3.6416566,18.375998
688799.SH,-9.902711,5.6972456
688800.SH,5.695037,19.46261
688819.SH,1.6624067,-15.812251
688981.SH,-1.2858412,18.111126
830779.BJ,6.4421134,-9.63419
830799.BJ,-6.932603,1.3528165
830809.BJ,4.921252,-14.447603
830832.BJ,-1.8022238,3.078805
830839.BJ,-0.5694639,7.868395
830879.BJ,-6.6348,7.765562
830896.BJ,-6.4900007,8.362726
830946.BJ,-8.70184,7.320702
830964.BJ,7.382072,-5.364669
830974.BJ,-1.7483112,-10.906569
831010.BJ,-3.9414525,5.1457887
831039.BJ,-13.215906,3.4669895
831087.BJ,1.6007115,13.373154
831152.BJ,-2.2931354,20.235558
831167.BJ,7.1378984,21.23409
831175.BJ,-1.6799331,6.928537
831195.BJ,-6.8030186,7.2391763
831278.BJ,-6.825846,7.216728
831304.BJ,-6.5022264,8.876759
831305.BJ,2.8438764,-9.845231
831370.BJ,1.9570655,-12.287751
831396.BJ,-0.09844394,7.188861
831445.BJ,1.5257518,-10.669687
831526.BJ,-6.5160856,8.926088
831627.BJ,-6.902651,-3.0672567
831641.BJ,-7.0873384,6.663017
831689.BJ,-6.648794,5.8925
831726.BJ,6.951137,3.3996453
831768.BJ,-0.26645875,-3.536976
831832.BJ,4.9337687,-5.0448146
831834.BJ,0.049451247,-2.144352
831855.BJ,-2.3467948,19.7664
831856.BJ,7.211723,1.2360088
831906.BJ,1.4060984,-10.381147
831961.BJ,5.0791383,-9.6016
832000.BJ,-8.548001,4.197094
832023.BJ,6.8986034,3.5033317
832089.BJ,-0.0693506,-4.2248173
832110.BJ,-1.8358828,6.882246
832145.BJ,0.1858979,-11.518136
832149.BJ,1.6185862,21.259474
832171.BJ,1.9028534,-12.266473
832175.BJ,-5.189245,7.6337223
832225.BJ,-4.901232,-5.1402154
832278.BJ,8.222724,-8.488838
832419.BJ,-1.2485415,5.4140654
832469.BJ,-1.2214319,5.753425
832471.BJ,-5.2611117,7.7086463
832491.BJ,0.53979707,19.851564
832522.BJ,-6.5133386,8.311989
832566.BJ,4.209264,-0.74420357
832651.BJ,6.6528525,2.8193576
832662.BJ,-3.9875789,-0.34325483
832735.BJ,-9.50337,5.789693
832786.BJ,-2.8406582,13.296314
832802.BJ,4.914363,-5.153524
832876.BJ,-2.6402562,17.921894
832885.BJ,3.2566247,-10.070062
832978.BJ,-6.4935184,8.391248
832982.BJ,-6.5236,8.295795
833030.BJ,-1.3828259,-10.640165
833075.BJ,-6.634642,7.728421
833171.BJ,-8.117754,4.979376
833230.BJ,10.237003,8.37546
833266.BJ,3.3247232,13.017092
833284.BJ,6.5360227,3.178586
833346.BJ,0.59541076,19.90471
833394.BJ,-0.782293,-9.111834
833427.BJ,0.55513316,8.031865
833429.BJ,6.271101,5.0191345
833454.BJ,4.8730106,-7.325337
833455.BJ,-6.504715,8.808181
833509.BJ,9.425429,-3.8976297
833523.BJ,-6.977885,-3.5271397
833533.BJ,-10.821779,-1.3538781
833575.BJ,12.281327,8.240731
833580.BJ,10.171091,0.58576196
833751.BJ,-2.342776,18.964632
833781.BJ,6.049441,4.4090266
833819.BJ,8.505543,11.806708
833873.BJ,1.5130439,-8.109459
833914.BJ,-1.5221442,20.840635
833943.BJ,-11.973995,8.148489
834014.BJ,6.0764303,4.3364573
834021.BJ,-0.03125902,2.566808
834033.BJ,-5.207398,7.6555967
834058.BJ,-2.149852,13.556393
834062.BJ,-0.78214663,7.1304607
834261.BJ,-1.617752,-11.1366
834407.BJ,6.1251726,4.24144
834415.BJ,-9.352982,6.067888
834475.BJ,3.2180104,-10.079552
834599.BJ,-0.5760982,7.8729973
834639.BJ,0.22042128,7.0628877
834682.BJ,1.3436303,-15.748453
834765.BJ,-9.813088,2.1728985
834770.BJ,-0.6203477,7.1503487
834950.BJ,1.4736601,20.989292
835174.BJ,-1.9220499,6.893805
835179.BJ,-10.984723,-2.2237036
835184.BJ,-5.5877905,0.37906513
835185.BJ,-1.6047858,-11.147612
835207.BJ,-8.902252,7.0256815
835237.BJ,-6.897694,-3.048284
835305.BJ,4.2672763,-0.80922353
835368.BJ,1.7617759,-9.432897
835438.BJ,-2.5739355,18.025513
835508.BJ,-1.7786025,6.8925767
835579.BJ,-6.5000153,8.822746
835640.BJ,-10.983359,-5.1018333
835670.BJ,-7.414841,2.3891048
835857.BJ,-2.3793168,19.659021
835892.BJ,5.8060184,-10.249122
835985.BJ,-7.0785627,-4.719684
836077.BJ,5.017479,-4.862178
836149.BJ,0.15122673,7.9429517
836208.BJ,-0.47642693,-8.698852
836221.BJ,-6.5039682,8.655077
836239.BJ,0.5541964,-8.168
836247.BJ,-6.499084,8.937567
836260.BJ,0.44470817,-9.169658
836263.BJ,-7.4557276,1.8795238
836270.BJ,-11.306477,-3.7294793
836395.BJ,5.807632,5.993578
836414.BJ,2.6789734,-9.758977
836419.BJ,-1.6069845,-11.10267
836422.BJ,9.353551,-6.8490486
836433.BJ,1.6080234,13.369862
836504.BJ,6.411645,4.867338
836547.BJ,-6.4185133,8.13372
836675.BJ,-11.325708,-4.2626014
836699.BJ,-1.5874628,6.3946085
836717.BJ,1.5595163,-9.377017
836720.BJ,-3.1588497,-11.152347
836807.BJ,-3.8857348,-11.420212
836826.BJ,5.8795404,6.200175
836871.BJ,-0.34515905,-2.9645624
836892.BJ,8.570583,-6.6686378
836942.BJ,-4.373512,1.3364013
836957.BJ,10.084938,0.6971875
836961.BJ,-6.518163,8.825607
837006.BJ,-4.9043875,-5.137496
837023.BJ,0.17717944,2.8302023
837046.BJ,1.2317281,-15.685763
837092.BJ,5.223425,-2.7091906
837174.BJ,5.9235244,6.1139045
837212.BJ,1.6213461,21.265673
837242.BJ,-7.6377816,5.5056405
837344.BJ,10.822713,8.202617
837403.BJ,1.5041206,13.40275
837592.BJ,-6.501373,8.8847065
837663.BJ,-10.583852,2.0332844
837748.BJ,-6.501997,8.892706
837821.BJ,-2.606613,17.97324
838030.BJ,-4.7792788,5.8854547
838163.BJ,-1.7999678,6.5409093
838171.BJ,-8.321007,4.4514136
838227.BJ,-9.884601,5.693104
838262.BJ,-1.3648014,6.1328344
838275.BJ,-2.0657072,3.2382145
838402.BJ,-2.0608668,-10.247612
838670.BJ,-1.3142353,20.606855
838701.BJ,-2.5713515,18.030806
838810.BJ,-6.525514,8.309753
838837.BJ,-6.5240345,8.200128
838924.BJ,-10.652995,-0.9481334
838971.BJ,10.176176,0.637898
839167.BJ,-2.3150806,20.245981
839273.BJ,-6.5108213,6.0933666
839371.BJ,-6.5256085,8.594373
839493.BJ,4.249682,-0.79063475
839680.BJ,4.965812,-5.0034475
839719.BJ,10.590673,0.2933174
839725.BJ,-11.34113,-4.3369584
839729.BJ,11.956924,-1.2593917
839790.BJ,-6.2520294,0.79237294
839792.BJ,-4.9497585,6.8104706
839946.BJ,-8.002178,4.7142653
870199.BJ,-1.1352897,-8.356696
870204.BJ,0.29583424,-7.6038537
870299.BJ,-0.21709846,7.223154
870357.BJ,-2.6527605,17.75682
870436.BJ,1.1300269,-10.108138
870508.BJ,-3.9946585,0.1790055
870656.BJ,-1.5367744,-10.519292
870726.BJ,-1.3866417,-1.145667
870866.BJ,7.7219367,11.689264
870976.BJ,-6.5156803,8.916738
871245.BJ,-3.9717762,-11.462593
871263.BJ,-1.9876406,-9.2297325
871396.BJ,5.549872,6.642093
871478.BJ,0.53754234,-9.183931
871553.BJ,5.544066,6.648765
871634.BJ,-6.481984,8.366807
871642.BJ,-3.5104806,-6.302546
871694.BJ,-1.203362,5.7155066
871753.BJ,-0.30951512,-2.898783
871857.BJ,1.5137308,21.049395
871970.BJ,0.14786033,-11.527346
871981.BJ,5.634035,19.431427
872190.BJ,2.5039258,-9.633125
872351.BJ,-5.1750326,7.862078
872374.BJ,-6.895268,7.0795674
872392.BJ,9.31387,-6.941859
872541.BJ,-6.5015426,8.950304
872808.BJ,-6.7600617,5.4227924
872895.BJ,-1.9143211,6.9155345
872925.BJ,8.816619,-8.10917
872931.BJ,-6.50247,8.934912
872953.BJ,4.1938934,-0.7569625
873001.BJ,1.4205186,20.895395
873122.BJ,-2.0399609,13.564807
873132.BJ,-6.5047503,8.874005
873152.BJ,-7.0453773,-5.319628
873167.BJ,-8.175703,7.9217334
873169.BJ,-4.9509444,8.148183
873223.BJ,-4.0666833,0.64418715
873305.BJ,-4.5768867,9.1082735
873339.BJ,-0.47457698,-3.0685754
873527.BJ,-2.311394,3.362783
873570.BJ,-6.5198364,8.911126
873576.BJ,-2.3558755,19.029549
873593.BJ,-3.8833766,-11.420933
873665.BJ,-2.7552266,-6.818955
873679.BJ,-2.1785955,-10.346204
873690.BJ,-6.4810543,8.522699
873693.BJ,-2.396773,-9.463158
873703.BJ,-2.4271643,-9.163972
873706.BJ,-6.515796,8.943304
873726.BJ,-3.9608102,-11.463014
873806.BJ,-1.1868541,-10.803269
873833.BJ,-7.835423,4.860266
689009.SH,2.6161735,13.238745
