ts_code,name,area,industry,list_date,industry_embedding,mean_price,std_price,mean_log_return,std_log_return
000001.SZ,平安银行,深圳,银行,19910403,6.138913,12.83681879,2.737276765,-0.000602576,0.017483285
000002.SZ,万科A,深圳,全国地产,19910129,5.7559533,14.6717047,4.566933151,-0.001151381,0.024274891
000004.SZ,国华网安,深圳,软件服务,19910114,5.631536,13.78402423,4.214295762,-0.000304728,0.037858636
000006.SZ,深振业A,深圳,区域地产,19920427,5.6866717,4.490590604,0.582191517,0.000140741,0.027482665
000007.SZ,全新好,深圳,其他商业,19920413,5.4766254,5.855754717,1.45707355,0.000547186,0.025158051
000008.SZ,神州高铁,北京,运输设备,19920507,6.052139,2.362818792,0.203827886,-4.17266E-05,0.023511862
000009.SZ,中国宝安,深圳,电气设备,19910625,6.2462397,12.26263087,2.897034784,-0.00142809,0.02679298
000010.SZ,美丽生态,深圳,建筑工程,19951027,6.1645865,3.051288591,0.756698903,-0.000843999,0.03304393
000011.SZ,深物业A,深圳,房产服务,19920330,5.6273594,10.11406711,1.508536986,-0.000402386,0.025235088
000012.SZ,南玻A,深圳,玻璃,19920228,6.2391744,6.723812081,1.51158829,-0.000975883,0.019693024
000014.SZ,沙河股份,深圳,全国地产,19920602,5.7559533,9.943369128,1.811373359,0.000490983,0.031942692
000016.SZ,深康佳A,深圳,家用电器,19920327,6.388499,4.600149254,1.197774478,-0.001265432,0.025778669
000017.SZ,深中华A,深圳,服饰,19920331,3.6204495,4.952375839,1.853136144,0.000670558,0.032572274
000019.SZ,深粮控股,深圳,农业综合,19921012,5.4254327,7.246147651,0.702990773,-0.000100674,0.020377185
000020.SZ,深华发A,深圳,元器件,19920428,-1.3768502,10.65249664,1.842647025,0.000618113,0.032579203
000021.SZ,深科技,深圳,元器件,19940202,-1.3768502,14.37944966,2.861194031,-9.06469E-05,0.027617746
000025.SZ,特力A,深圳,综合类,19930621,1.0376348,16.63915436,3.073614988,4.30074E-05,0.028938901
000026.SZ,飞亚达,深圳,服饰,19930603,3.6204495,10.65614765,1.129386457,-0.000342079,0.021622099
000027.SZ,深圳能源,深圳,火力发电,19930903,5.2891226,6.68633557,0.771542318,-0.000305416,0.017751625
000028.SZ,国药一致,深圳,医药商业,19930809,5.7104278,33.92967785,6.599227912,-0.00023568,0.023843616
000029.SZ,深深房A,深圳,区域地产,19930915,5.6866717,10.3984698,1.822472862,0.001071268,0.028977081
000030.SZ,富奥股份,吉林,汽车配件,19930929,5.914197,5.387315436,0.763498448,-0.000306518,0.022317652
000031.SZ,大悦城,深圳,全国地产,19931008,5.7559533,3.43885906,0.563499208,-0.000165635,0.02388233
000032.SZ,深桑达A,深圳,建筑工程,19931028,6.1645865,20.83867114,6.54494414,-0.000228012,0.034037158
000034.SZ,神州数码,深圳,软件服务,19940509,5.631536,23.10102013,5.941334684,0.000744508,0.031818666
000035.SZ,中国天楹,江苏,环境保护,19940408,5.655056,5.069261745,0.610899097,1.74182E-05,0.026213789
000036.SZ,华联控股,深圳,全国地产,19940617,5.7559533,3.848040268,0.494490259,-0.000331317,0.021707615
000037.SZ,深南电A,深圳,火力发电,19940701,5.2891226,8.242040268,1.222758152,-2.93623E-05,0.033210983
000039.SZ,中集集团,深圳,运输设备,19940408,6.052139,10.08626846,3.770516391,-0.001113355,0.025237088
000040.SZ,ST旭蓝,深圳,新型电力,19940808,5.62262,3.554757143,0.822289329,-0.001453391,0.03053733
000042.SZ,中洲控股,深圳,全国地产,19940921,5.7559533,7.102577181,1.770922035,-0.000607507,0.031346767
000045.SZ,深纺织A,深圳,元器件,19940815,-1.3768502,9.394112022,1.474278661,-2.61456E-05,0.029504334
000048.SZ,京基智农,深圳,区域地产,19941101,5.6866717,18.46080537,2.337383634,-0.000228948,0.021986811
000049.SZ,德赛电池,深圳,电气设备,19950320,6.2462397,36.4802977,10.34506045,-0.000567283,0.032097724
000050.SZ,深天马A,深圳,元器件,19950315,-1.3768502,9.690469799,1.736537517,-0.000874842,0.019276011
000055.SZ,方大集团,深圳,其他建材,19960415,5.5222344,4.54409396,0.54088415,-0.000215381,0.021024604
000056.SZ,皇庭国际,深圳,其他商业,19960708,5.4766254,4.130402685,1.634829033,-0.000584362,0.039402886
000058.SZ,深赛格,深圳,商品城,19961226,0.41456166,6.360979866,0.731953294,0.000208186,0.030975538
000059.SZ,华锦股份,辽宁,石油加工,19970130,5.969803,6.257409396,1.180437373,-0.000658879,0.026396863
000060.SZ,中金岭南,深圳,铅锌,19970123,5.7158103,4.643154362,0.463698443,-0.000294042,0.020008118
000061.SZ,农产品,深圳,农业综合,19970110,5.4254327,6.04833557,0.522254902,-4.57951E-06,0.018875948
000062.SZ,深圳华强,深圳,元器件,19970130,-1.3768502,12.71026846,3.816025515,0.000741525,0.02753767
000063.SZ,中兴通讯,深圳,通信设备,19971118,5.876211,28.7697047,5.007886406,-0.000218533,0.023878449
000065.SZ,北方国际,北京,建筑工程,19980605,6.1645865,10.67274696,2.767062986,0.000237109,0.030470265
000066.SZ,中国长城,深圳,IT设备,19970626,6.018636,11.16346309,1.956772587,-0.000582112,0.02666425
000068.SZ,华控赛格,深圳,环境保护,19970611,5.655056,3.468778523,0.47649452,0.000125316,0.030844563
000069.SZ,华侨城A,深圳,全国地产,19970910,5.7559533,4.723248322,1.633728065,-0.001332195,0.022472861
000070.SZ,ST特信,深圳,通信设备,20000511,5.876211,7.045712366,1.588642997,-0.000728215,0.033852407
000078.SZ,海王生物,深圳,医药商业,19981218,5.7104278,3.113087248,0.455754867,-0.000381081,0.021014269
000088.SZ,盐田港,深圳,港口,19970728,5.9633217,4.998068027,0.289455132,-0.000218237,0.014501274
000089.SZ,深圳机场,深圳,机场,19980420,6.5832233,6.950228188,0.44662814,-0.000139368,0.014494386
000090.SZ,天健集团,深圳,建筑工程,19990721,6.1645865,5.386791946,0.873342849,-0.000421207,0.021742901
000096.SZ,广聚能源,深圳,石油贸易,20000724,6.087737,9.095395973,0.90778111,7.34001E-05,0.021172779
000099.SZ,中信海直,深圳,空运,20000731,6.24253,9.600053691,3.670941362,0.001065679,0.028141644
000100.SZ,TCL科技,广东,元器件,20040130,-1.3768502,4.552912752,0.829301574,-0.000703524,0.019999584
000151.SZ,中成股份,北京,商贸代理,20000906,5.821426,11.19084564,2.284774749,0.000503517,0.035679877
000153.SZ,丰原药业,安徽,化学制药,20000920,5.6343184,9.063891156,1.896838856,-0.000802138,0.030405595
000155.SZ,川能动力,四川,新型电力,20000926,5.62262,17.17634014,5.967793221,-0.00152281,0.028831314
000156.SZ,华数传媒,浙江,影视音像,20000906,5.3885503,7.67366443,0.84257996,-9.73433E-05,0.020564913
000157.SZ,中联重科,湖南,工程机械,20001012,6.1479993,6.761986577,0.864910851,-0.000262846,0.017030346
000158.SZ,常山北明,河北,软件服务,20000724,5.631536,7.133114094,1.235769631,0.000655932,0.033983037
000159.SZ,国际实业,新疆,石油贸易,20000926,6.087737,6.763986577,1.115869556,-0.000400926,0.026534598
000166.SZ,申万宏源,新疆,证券,20150126,6.0117035,4.493986577,0.422563636,0.000107584,0.015306811
000301.SZ,东方盛虹,江苏,化纤,20000529,5.6056967,14.36401882,5.671262459,-0.001729239,0.027471974
000333.SZ,美的集团,广东,家用电器,20130918,6.388499,59.07574497,7.62649906,7.28244E-05,0.018243644
000338.SZ,潍柴动力,山东,汽车配件,20070430,5.914197,13.58115436,2.383696305,-0.000405007,0.020060517
000400.SZ,许继电气,河南,电气设备,19970418,6.2462397,22.58451007,4.128366929,0.000691048,0.030356654
000401.SZ,冀东水泥,河北,水泥,19960614,6.8144245,8.36271487,2.562196616,-0.001304323,0.018181699
000402.SZ,金融街,北京,全国地产,19960626,5.7559533,4.679355705,1.231426139,-0.000908199,0.022247809
000403.SZ,派林生物,山西,生物制药,19960628,4.419265,23.79081879,3.862426984,-0.000345098,0.025000045
000404.SZ,长虹华意,江西,家用电器,19960619,6.388499,5.668644295,0.874565738,0.000678484,0.027012515
000407.SZ,胜利股份,山东,供气供热,19960703,5.345988,3.742080537,0.571277896,-0.000586707,0.021742983
000408.SZ,藏格矿业,青海,农药化肥,19960628,4.9359045,27.7054094,4.167452146,-3.76848E-05,0.026671824
000409.SZ,云鼎科技,山东,软件服务,19960627,5.631536,7.289852349,1.338604274,0.000712217,0.030105647
000410.SZ,沈阳机床,辽宁,机床制造,19960718,-2.5901217,6.045347885,1.085255401,0.000331094,0.021927329
000411.SZ,英特集团,浙江,医药商业,19960716,5.7104278,11.78362398,1.459965127,-0.000264637,0.02743788
000415.SZ,渤海租赁,新疆,多元金融,19960716,5.611957,2.376308725,0.256674213,8.02678E-05,0.020732636
000417.SZ,合百集团,安徽,百货,19960812,5.693497,4.68347651,0.410797964,7.75076E-05,0.019462774
000419.SZ,通程控股,湖南,百货,19960816,5.693497,5.150778523,0.681421416,0.000177942,0.026370819
000420.SZ,吉林化纤,吉林,化纤,19960802,5.6056967,4.024917582,0.860353559,-0.000469625,0.030006237
000421.SZ,南京公用,江苏,供气供热,19960806,5.345988,5.12061745,0.587933226,8.2616E-05,0.030971911
000422.SZ,湖北宜化,湖北,农药化肥,19960815,4.9359045,15.31916779,5.028958303,-0.000470911,0.032496404
000423.SZ,东阿阿胶,山东,中成药,19960729,0.30637786,45.88206711,9.963923393,0.0007241,0.022936514
000425.SZ,徐工机械,江苏,工程机械,19960828,6.1479993,6.033743169,0.759447873,4.50407E-05,0.019699466
000426.SZ,兴业银锡,内蒙,铅锌,19960828,5.7158103,8.75033557,2.231110317,0.00015652,0.025173612
000428.SZ,华天酒店,湖南,酒店餐饮,19960808,6.203304,4.007516779,0.846069586,-3.98868E-05,0.03373625
000429.SZ,粤高速A,广东,路桥,19980220,5.85115,8.311503356,1.204248034,0.000575938,0.014125143
000430.SZ,张家界,湖南,旅游景点,19960829,6.0239387,6.602604027,0.930655299,0.000158791,0.028285166
000488.SZ,晨鸣纸业,山东,造纸,20001120,5.979003,5.083087248,1.283344138,-0.001010233,0.017392362
000498.SZ,山东路桥,山东,建筑工程,19970609,6.1645865,7.029583893,1.474375925,-0.000269288,0.025383275
000501.SZ,武商集团,湖北,百货,19921120,5.693497,9.576818792,1.436777851,-0.000372508,0.016800883
000503.SZ,国新健康,山东,软件服务,19921130,5.631536,10.13009396,2.239606848,0.000247909,0.03259142
000504.SZ,南华生物,湖南,医疗保健,19921208,6.0711374,12.44369128,3.69126489,-0.001304551,0.0320576
000505.SZ,京粮控股,海南,食品,19921221,6.0406103,7.53914094,1.30426701,-0.000132041,0.024374727
000506.SZ,*ST中润,山东,黄金,19930312,6.2743154,3.494370771,1.054311822,-0.001326598,0.036860597
000507.SZ,珠海港,广东,港口,19930326,5.9633217,5.608255034,0.668568455,-0.000558937,0.01813475
000509.SZ,华塑控股,四川,元器件,19930507,-1.3768502,3.523024194,0.524722955,-5.70938E-05,0.029124244
000510.SZ,新金路,四川,化工原料,19930507,5.4360824,5.44137415,1.242392059,-0.001030081,0.02896505
000513.SZ,丽珠集团,广东,化学制药,19931028,5.6343184,35.982,2.470484672,-7.31865E-05,0.019082903
000514.SZ,渝开发,重庆,区域地产,19930712,5.6866717,4.062711409,0.750929463,0.000375891,0.034776028
000516.SZ,国际医学,陕西,医疗保健,19930809,6.0711374,8.802126514,2.291567996,-0.001004308,0.027346829
000517.SZ,荣安地产,浙江,区域地产,19930806,5.6866717,2.795127517,0.375068476,-5.42044E-05,0.027968598
000518.SZ,四环生物,江苏,生物制药,19930908,4.419265,2.952389262,0.487309029,-0.000538884,0.027623865
000519.SZ,中兵红箭,湖南,专用机械,19931008,5.9916244,19.58044295,5.886787141,-0.000451104,0.029363757
000520.SZ,凤凰航运,湖北,水运,19931025,5.862221,3.122845638,0.481271512,-0.000351451,0.028739814
000521.SZ,长虹美菱,安徽,家用电器,19931018,6.388499,5.68609396,2.037355356,0.00145944,0.027651384
000523.SZ,红棉股份,广东,食品,19931108,6.0406103,3.311816958,0.376356571,-0.000424273,0.023744553
000524.SZ,岭南控股,广东,旅游服务,19931118,5.9413686,9.424724832,1.534487046,0.000350925,0.033434329
000525.SZ,ST红太阳,江苏,农药化肥,19931028,4.9359045,9.379744624,2.754975592,0.000816059,0.031086717
000526.SZ,学大教育,福建,文教休闲,19931101,5.1359844,30.24519463,16.73687842,0.001444468,0.035006264
000528.SZ,柳工,广西,工程机械,19931118,6.1479993,7.490095368,1.468455627,0.000353868,0.018951929
000529.SZ,广弘控股,广东,食品,19931118,6.0406103,6.560295302,0.840663409,1.42989E-05,0.025209317
000530.SZ,冰山冷热,辽宁,机械基件,19931208,5.1280627,4.716067114,0.831406355,9.27324E-05,0.031761179
000531.SZ,穗恒运A,广东,火力发电,19940106,5.2891226,6.984872483,1.218409534,-0.000619173,0.024229586
000532.SZ,华金资本,广东,多元金融,19940103,5.611957,11.56314094,0.952155485,-0.000295974,0.026410382
000533.SZ,顺钠股份,广东,电气设备,19940103,6.2462397,3.89833557,0.509426908,0.000117303,0.031203892
000534.SZ,万泽股份,广东,生物制药,19940110,4.419265,13.63534228,2.496153799,-0.000590806,0.025832202
000536.SZ,华映科技,福建,元器件,19931126,-1.3768502,2.385302013,0.61906576,0.000253987,0.031482194
000537.SZ,中绿电,天津,新型电力,19931210,5.62262,12.74296644,3.702402726,0.00085121,0.034320466
000538.SZ,云南白药,云南,中成药,19931215,0.30637786,61.41033557,15.67096981,-0.000642512,0.019099571
000539.SZ,粤电力A,广东,火力发电,19931126,5.2891226,5.292,0.882925946,0.000229734,0.028354676
000541.SZ,佛山照明,广东,家用电器,19931123,6.388499,5.582281879,0.69162863,-0.000251628,0.021662683
000543.SZ,皖能电力,安徽,火力发电,19931220,5.2891226,5.801167785,1.597841237,0.000949083,0.025399463
000544.SZ,中原环保,河南,环境保护,19931208,5.655056,6.892711409,0.69031951,0.000290504,0.020691339
000545.SZ,金浦钛业,吉林,化工原料,19931215,5.4360824,3.359248322,0.904939981,-0.001144239,0.027954984
000546.SZ,金圆股份,吉林,环境保护,19931215,5.655056,10.23200271,4.330883553,-0.000411846,0.036352156
000547.SZ,航天发展,福建,通信设备,19931130,5.876211,10.33144966,3.027529164,-0.001178752,0.024981975
000548.SZ,湖南投资,湖南,路桥,19931220,5.85115,4.645771812,0.554955899,0.00032364,0.026129558
000550.SZ,江铃汽车,江西,汽车整车,19931201,6.560173,17.87081879,4.35260863,0.000377029,0.031202942
000551.SZ,创元科技,江苏,专用机械,19940106,5.9916244,9.595946309,0.910156667,-5.1408E-05,0.024215823
000552.SZ,甘肃能化,甘肃,煤炭开采,19940106,-0.62654895,3.415803815,0.433661519,-0.000209597,0.025408027
000553.SZ,安道麦A,湖北,农药化肥,19931203,4.9359045,8.201946309,1.94928036,-0.000801366,0.020907841
000554.SZ,泰山石油,山东,石油贸易,19931215,6.087737,5.504724832,0.422293356,0.000216821,0.026955367
000555.SZ,神州信息,深圳,软件服务,19940408,5.631536,11.51730201,1.536113514,-0.000339527,0.024622019
000557.SZ,西部创业,宁夏,铁路,19940617,6.535139,4.650684564,0.576558373,0.000196567,0.025202931
000558.SZ,莱茵体育,四川,旅游景点,19940509,6.0239387,2.93695302,0.418871024,-0.000187852,0.027527678
000559.SZ,万向钱潮,浙江,汽车配件,19940110,5.914197,5.351673469,0.540469623,-0.000167436,0.018245354
000560.SZ,我爱我家,云南,房产服务,19940202,5.6273594,2.746456376,0.443003624,-5.96894E-19,0.032804627
000561.SZ,烽火电子,陕西,通信设备,19940509,5.876211,8.069333333,1.191257992,-0.000169439,0.027621751
000563.SZ,陕国投A,陕西,多元金融,19940110,5.611957,3.103838926,0.164672291,1.99127E-05,0.014935048
000564.SZ,供销大集,陕西,百货,19940110,5.693497,1.685353261,0.873848559,-0.000381058,0.044061773
000565.SZ,渝三峡A,重庆,染料涂料,19940408,5.8216114,5.763677852,0.895706697,-0.000494921,0.025830795
000566.SZ,海南海药,海南,化学制药,19940525,5.6343184,4.357073826,0.610449796,-0.000257538,0.027200061
000567.SZ,海德股份,海南,多元金融,19940525,5.611957,13.60818792,4.072748777,-0.000949691,0.035653016
000568.SZ,泸州老窖,四川,白酒,19940509,6.3949323,203.3026174,35.53990766,-0.000392041,0.02420562
000570.SZ,苏常柴A,江苏,农用机械,19940701,6.1171265,5.240187919,0.588764623,-0.000424475,0.026761894
000571.SZ,新大洲A,海南,煤炭开采,19940525,-0.62654895,2.524637097,0.326314511,0.000682203,0.027392812
000572.SZ,海马汽车,海南,汽车整车,19940808,6.560173,4.883302013,0.986893735,-0.000898021,0.032000803
000573.SZ,粤宏远A,广东,电气设备,19940815,6.2462397,3.325704698,0.60915689,-0.000236412,0.032217115
000576.SZ,甘化科工,广东,电气设备,19940907,6.2462397,10.21159732,2.333005353,-0.001118754,0.026879335
000581.SZ,威孚高科,江苏,汽车配件,19980924,5.914197,18.37716779,2.108149422,-0.000327997,0.01771637
000582.SZ,北部湾港,广西,港口,19951102,5.9633217,7.770416107,0.442201195,-8.82798E-05,0.018859009
000584.SZ,*ST工智,江苏,专用机械,19951128,5.9916244,5.053819918,2.097074759,-0.001526983,0.034559227
000586.SZ,汇源通信,四川,通信设备,19951220,5.876211,9.948094595,2.409043408,4.74254E-05,0.03235563
000589.SZ,贵州轮胎,贵州,汽车配件,19960308,5.914197,5.418885906,0.763788991,-0.000159505,0.023516712
000590.SZ,启迪药业,湖南,中成药,19960119,0.30637786,8.260348993,1.423464514,-0.000471814,0.029067055
000591.SZ,太阳能,重庆,新型电力,19960208,5.62262,7.071355705,1.846281402,-0.000744798,0.023982175
000592.SZ,平潭发展,福建,林业,19960327,6.116855,2.462214765,0.448105999,-0.000761073,0.024743106
000593.SZ,德龙汇能,四川,供气供热,19960312,5.345988,6.557624161,1.333343731,-0.000216816,0.0311697
000595.SZ,宝塔实业,宁夏,机械基件,19960419,5.1280627,5.015513514,1.601881381,0.001413365,0.039759795
000596.SZ,古井贡酒,安徽,白酒,19960927,6.3949323,239.7840805,33.03746715,-0.000243404,0.02422087
000597.SZ,东北制药,辽宁,化学制药,19960523,5.6343184,5.303382749,0.684226574,-0.000171688,0.024677684
000598.SZ,兴蓉环境,四川,水务,19960529,5.815092,5.735328859,0.836357586,0.000253104,0.015804165
000599.SZ,青岛双星,山东,汽车配件,19960430,5.914197,4.109118046,0.412025957,8.79065E-05,0.027774493
000600.SZ,建投能源,河北,火力发电,19960606,5.2891226,5.391610738,0.889572408,0.000132404,0.027499228
000601.SZ,韶能股份,广东,水力发电,19960830,5.821079,4.581582538,0.686992698,-0.000298505,0.024618877
000603.SZ,盛达资源,北京,铅锌,19960823,5.7158103,12.5686443,1.851264509,-0.000168875,0.029722637
000605.SZ,渤海股份,北京,水务,19960913,5.815092,5.858389262,0.751048789,-6.72183E-05,0.026450375
000607.SZ,华媒控股,浙江,广告包装,19960830,6.04935,4.598322148,0.865825949,-3.40293E-05,0.031551942
000608.SZ,阳光股份,广西,区域地产,19960919,5.6866717,2.767087248,0.589363128,-0.000472309,0.030863558
000609.SZ,*ST中迪,北京,区域地产,19961010,5.6866717,4.905410498,1.442446844,-0.001185481,0.037542388
000610.SZ,西安旅游,陕西,旅游服务,19960926,5.9413686,12.25648322,3.329627063,0.000382869,0.033009377
000612.SZ,焦作万方,河南,铝,19960926,-2.803478,6.084778523,1.121485064,-0.00047794,0.025739615
000615.SZ,ST美谷,湖北,医疗保健,19961016,6.0711374,5.981655451,3.411382735,-0.00254691,0.036986225
000617.SZ,中油资本,新疆,多元金融,19961022,5.611957,5.725651007,0.928349435,0.000302434,0.024050797
000619.SZ,海螺新材,安徽,其他建材,19961023,5.5222344,5.939006711,1.062016408,-0.000120446,0.028014462
000620.SZ,新华联,北京,全国地产,19961029,5.7559533,2.245458221,0.695366188,-0.000260609,0.040789901
000622.SZ,*ST恒立,湖南,批发业,19961107,0.13268599,3.923938172,1.069425804,-0.000944796,0.032964521
000623.SZ,吉林敖东,吉林,中成药,19961028,0.30637786,15.44022819,1.332272828,-4.61354E-05,0.014884554
000625.SZ,长安汽车,重庆,汽车整车,19970610,6.560173,14.49510067,2.498429511,-0.000511676,0.030181839
000626.SZ,远大控股,江苏,商贸代理,19961128,5.821426,10.51468456,5.680695374,-0.002073259,0.027386581
000627.SZ,天茂集团,湖北,保险,19961112,6.1577587,3.014281879,0.49361248,-8.8738E-05,0.024871285
000628.SZ,高新发展,四川,建筑工程,19961118,6.1645865,24.74352381,19.06328625,0.002292588,0.037047659
000629.SZ,钒钛股份,四川,小金属,19961115,-2.8607216,3.993275168,1.056528608,-0.000675515,0.027656488
000630.SZ,铜陵有色,安徽,铜,19961120,-2.2392933,3.358666667,0.425356548,-0.000148509,0.023893357
000631.SZ,顺发恒业,浙江,综合类,19961122,1.0376348,3.323288591,0.586522056,-0.000169139,0.027133991
000632.SZ,三木集团,福建,综合类,19961121,1.0376348,3.965489933,0.699726181,-0.000112245,0.030707076
000633.SZ,合金投资,新疆,小金属,19961112,-2.8607216,6.944765101,1.648954207,-0.000550663,0.031185346
000635.SZ,英力特,宁夏,化工原料,19961120,5.4360824,9.059785235,1.980625636,-0.000916051,0.032784328
000636.SZ,风华高科,广东,元器件,19961129,-1.3768502,17.27848322,5.185669924,-0.000902046,0.023617752
000637.SZ,茂化实华,广东,石油加工,19961114,5.969803,4.133620458,0.794458707,-0.00040267,0.027823973
000638.SZ,万方发展,吉林,农业综合,19961126,5.4254327,5.748803763,1.27585816,-0.000263733,0.03254956
000639.SZ,西王食品,山东,食品,19961126,6.0406103,4.223812081,0.863197492,-0.000886424,0.024007833
000650.SZ,仁和药业,江西,中成药,19961210,0.30637786,6.76261745,1.007332523,-0.000557075,0.021823411
000651.SZ,格力电器,广东,家用电器,19961118,6.388499,35.85786577,3.265556587,8.56156E-05,0.016485031
000652.SZ,泰达股份,天津,批发业,19961128,0.13268599,3.936885906,0.404478583,-0.000146773,0.018451016
000655.SZ,金岭矿业,山东,普钢,19961128,6.2763343,7.062684564,1.132953267,-0.000852914,0.025972868
000656.SZ,*ST金科,重庆,全国地产,19961128,5.7559533,2.43893733,1.279993163,-0.001915991,0.037078909
000657.SZ,中钨高新,海南,小金属,19961205,-2.8607216,12.22436735,2.923662619,-0.000582415,0.031330461
000659.SZ,珠海中富,广东,广告包装,19961203,6.04935,3.013315436,0.800500441,-0.000561472,0.026639565
000661.SZ,长春高新,吉林,生物制药,19961218,4.419265,167.1385772,52.61330508,-0.001298497,0.026404361
000663.SZ,永安林业,福建,林业,19961206,6.116855,8.074583333,1.958962518,-0.001029754,0.029306785
000665.SZ,湖北广电,湖北,影视音像,19961210,5.3885503,5.674147651,1.731779371,5.6158E-05,0.035223268
000668.SZ,荣丰控股,山东,房产服务,19961210,5.6273594,11.51455034,2.683088734,-0.00093073,0.02839769
000669.SZ,ST金鸿,吉林,供气供热,19961210,5.345988,1.898912752,0.343961385,-0.000869123,0.023621548
000670.SZ,盈方微,湖北,元器件,19961217,-1.3768502,6.67622,1.630214928,-0.001834741,0.036198838
000672.SZ,上峰水泥,甘肃,水泥,19961218,6.8144245,12.39942282,5.082670623,-0.001370073,0.024226802
000676.SZ,智度股份,广东,互联网,19961224,1.3198211,6.539208054,0.938255382,1.13746E-05,0.032629095
000677.SZ,恒天海龙,山东,化纤,19961226,5.6056967,3.01104698,0.322442758,-0.000115405,0.027726998
000678.SZ,襄阳轴承,湖北,汽车配件,19970106,5.914197,5.583100671,1.090460553,-7.68783E-06,0.033916112
000679.SZ,大连友谊,辽宁,百货,19970124,5.693497,4.608442953,0.9919508,-4.71658E-05,0.036192503
000680.SZ,山推股份,山东,工程机械,19970122,6.1479993,5.262442953,1.316506942,0.000748739,0.026069016
000681.SZ,视觉中国,江苏,互联网,19970121,1.3198211,14.60209396,3.001429662,-0.000176171,0.036480788
000682.SZ,东方电子,山东,电气设备,19970121,6.2462397,8.346040268,1.484973127,0.001036404,0.026673232
000683.SZ,远兴能源,内蒙,化工原料,19970131,5.4360824,7.708805369,1.442424425,-0.000883661,0.028905477
000685.SZ,中山公用,广东,水务,19970123,5.815092,7.645785235,0.607153332,-0.00012632,0.012869468
000686.SZ,东北证券,吉林,证券,19970227,6.0117035,7.240899329,0.911981107,-0.00020848,0.01869761
000688.SZ,国城矿业,四川,铅锌,19970120,5.7158103,14.16628188,3.23961849,-0.000118365,0.029729045
000690.SZ,宝新能源,广东,火力发电,19970128,5.2891226,5.469610738,0.847338803,-0.000302322,0.022790677
000691.SZ,亚太实业,甘肃,化工原料,19970228,5.4360824,4.468635135,0.510776057,-0.000107407,0.028476621
000692.SZ,惠天热电,辽宁,供气供热,19970227,5.345988,3.307523553,0.612157207,-5.25148E-05,0.028511623
000695.SZ,滨海能源,天津,广告包装,19970218,6.04935,10.88736913,2.208728848,0.000234408,0.028831795
000697.SZ,炼石航空,陕西,航空,19970325,6.8991065,6.924183536,1.069928029,-0.000452904,0.027480104
000698.SZ,沈阳化工,辽宁,石油加工,19970220,5.969803,4.444993289,0.970326146,-0.00109195,0.026516939
000700.SZ,模塑科技,江苏,汽车配件,19970228,5.914197,5.634899329,0.97511539,5.05603E-05,0.02697839
000701.SZ,厦门信达,福建,商贸代理,19970226,5.821426,5.665073826,1.101378182,-0.000283227,0.034099571
000702.SZ,正虹科技,湖南,饲料,19970318,6.365519,5.349581081,0.750834421,0.000250656,0.030770233
000703.SZ,恒逸石化,广西,化纤,19970328,5.6056967,8.09190604,1.600308309,-0.000820034,0.01847795
000705.SZ,浙江震元,浙江,医药商业,19970410,5.7104278,8.100657718,0.7283052,3.99177E-05,0.026552599
000707.SZ,双环科技,湖北,化工原料,19970415,5.4360824,9.003333333,2.133486627,-0.00010617,0.029299246
000708.SZ,中信特钢,湖北,特种钢,19970326,-2.4360137,17.14166443,3.161104156,-0.000954626,0.020256253
000709.SZ,河钢股份,河北,普钢,19970416,6.2763343,2.321718121,0.253381965,-0.00054498,0.017094816
000710.SZ,贝瑞基因,四川,医疗保健,19970422,6.0711374,12.82433557,4.171795676,-0.001421785,0.0321731
000711.SZ,*ST京蓝,黑龙江,环境保护,19970411,5.655056,2.390699865,0.626913068,-0.000950205,0.033009079
000712.SZ,锦龙股份,广东,证券,19970415,6.0117035,13.45974497,2.074894819,-0.000232892,0.029007868
000713.SZ,丰乐种业,安徽,种植业,19970422,0.24632932,8.399391892,1.362981601,-0.000525738,0.022586861
000715.SZ,中兴商业,辽宁,百货,19970508,5.693497,6.144402685,1.276472879,0.000214134,0.032712497
000716.SZ,黑芝麻,广西,食品,19970418,6.0406103,5.122469799,1.870072614,0.000331279,0.033583312
000717.SZ,中南股份,广东,普钢,19970508,6.2763343,3.150496644,0.962548083,-0.000861967,0.023435296
000718.SZ,苏宁环球,吉林,区域地产,19970408,5.6866717,3.15157047,0.903451612,-0.001159721,0.022474429
000719.SZ,中原传媒,河南,出版业,19970331,0.7587014,9.322026846,1.901330123,0.000715878,0.030184497
000720.SZ,新能泰山,山东,电气设备,19970509,6.2462397,4.546590604,1.034589511,-0.000615175,0.025168806
000721.SZ,西安饮食,陕西,酒店餐饮,19970430,6.203304,8.589597315,4.1597118,0.000930009,0.037287376
000722.SZ,湖南发展,湖南,其他建材,19970522,5.5222344,11.10244295,2.910026686,0.000429984,0.033047431
000723.SZ,美锦能源,山西,焦炭加工,19970515,5.859951,9.093087248,3.151851329,-0.001399469,0.025469447
000725.SZ,京东方A,北京,元器件,20010112,-1.3768502,4.114845638,0.495885229,-0.000445289,0.01568026
000726.SZ,鲁泰A,山东,纺织,20001225,6.4696865,6.828308725,0.753345646,7.72154E-05,0.017046444
000727.SZ,冠捷科技,江苏,元器件,19970520,-1.3768502,2.329422819,0.297020717,-0.00025841,0.023674256
000728.SZ,国元证券,安徽,证券,19970616,6.0117035,6.851275168,0.518785918,5.01214E-06,0.018083164
000729.SZ,燕京啤酒,北京,啤酒,19970716,6.5069966,9.491946309,1.848512072,0.000599287,0.02164021
000731.SZ,四川美丰,四川,农药化肥,19970617,4.9359045,8.234872483,1.201757233,-6.4499E-05,0.024686058
000733.SZ,振华科技,贵州,元器件,19970703,-1.3768502,89.41621477,30.09435984,-0.001285981,0.025551317
000735.SZ,罗牛山,海南,农业综合,19970611,5.4254327,6.286134228,0.915940279,-0.000351857,0.020300276
000736.SZ,中交地产,重庆,全国地产,19970425,5.7559533,11.93057718,4.284341591,0.000816834,0.040003811
000737.SZ,北方铜业,山西,铜,19970428,-2.2392933,6.814973118,1.644310882,0.00023138,0.030298886
000738.SZ,航发控制,江苏,航空,19970626,6.8991065,23.59080537,3.685965521,-0.000278715,0.022110323
000739.SZ,普洛药业,浙江,化学制药,19970509,5.6343184,21.09715436,7.295869152,-0.000989581,0.026818017
000750.SZ,国海证券,广西,证券,19970709,6.0117035,3.541302013,0.331847705,5.30835E-05,0.017691528
000751.SZ,锌业股份,辽宁,铅锌,19970626,5.7158103,3.331194631,0.474250734,-0.000730361,0.023439402
000752.SZ,ST西发,西藏,啤酒,19970625,6.5069966,5.503145161,1.544650666,0.000172596,0.027480966
000753.SZ,漳州发展,福建,综合类,19970626,1.0376348,3.792040268,0.668842985,0.00016823,0.026114561
000755.SZ,山西高速,山西,路桥,19970627,5.85115,4.834648649,0.791462914,0.00029969,0.029555784
000756.SZ,新华制药,山东,化学制药,19970806,5.6343184,18.72220134,6.969202392,0.000874085,0.037262575
000757.SZ,浩物股份,四川,汽车服务,19970627,5.5388756,4.074939597,0.659438322,-0.000278823,0.028750281
000758.SZ,中色股份,北京,铅锌,19970416,5.7158103,4.956671141,0.515841186,-0.00046765,0.021513135
000759.SZ,中百集团,湖北,超市连锁,19970519,5.8787456,4.613959732,0.803233234,-0.000392995,0.028772213
000761.SZ,本钢板材,辽宁,普钢,19980115,6.2763343,3.701020134,0.752356178,-0.000881709,0.023967836
000762.SZ,西藏矿业,西藏,小金属,19970708,-2.8607216,36.44445638,13.5600773,-0.001752629,0.032032476
000766.SZ,通化金马,吉林,化学制药,19970430,5.6343184,8.776510067,5.435299564,0.001722553,0.034518732
000767.SZ,晋控电力,山西,火力发电,19970609,5.2891226,3.234402685,0.506229685,-0.000293352,0.025784179
000768.SZ,中航西飞,陕西,航空,19970626,6.8991065,26.24036242,4.048927942,-0.000234667,0.022357645
000776.SZ,广发证券,广东,证券,19970611,6.0117035,16.1121745,3.084073526,-0.000400543,0.020177115
000777.SZ,中核科技,江苏,机械基件,19970710,5.1280627,12.92827027,1.942451538,0.000327508,0.02735576
000778.SZ,新兴铸管,河北,钢加工,19970606,-2.7339256,4.095892617,0.485822149,-0.000312088,0.019173463
000779.SZ,甘咨询,甘肃,建筑工程,19970528,6.1645865,9.964550336,1.724653726,-0.000181571,0.030466434
000782.SZ,恒申新材,广东,化纤,19970619,5.6056967,4.98461642,0.508715503,-0.000131006,0.022361956
000783.SZ,长江证券,湖北,证券,19970731,6.0117035,5.878899329,0.777426912,-0.000220589,0.01670473
000785.SZ,居然智家,湖北,百货,19970711,5.693497,3.895154362,0.813489271,-0.000931649,0.01972416
000786.SZ,北新建材,北京,其他建材,19970606,5.5222344,28.22563758,3.383945557,-0.000148478,0.024463346
000788.SZ,北大医药,重庆,化学制药,19970616,5.6343184,6.908805369,1.321521218,-0.000262474,0.026154817
000789.SZ,万年青,江西,水泥,19970923,6.8144245,8.812026846,2.611306176,-0.001202193,0.019131905
000790.SZ,华神科技,四川,中成药,19980327,0.30637786,4.746902174,0.666093635,-0.000392313,0.025131698
000791.SZ,甘肃能源,甘肃,水力发电,19971014,5.821079,5.729293478,0.545402345,0.000395121,0.025780375
000792.SZ,盐湖股份,青海,农药化肥,19970904,4.9359045,22.8749396,6.308570167,-0.001131125,0.023563411
000793.SZ,华闻集团,海南,出版业,19970729,0.7587014,2.208053691,0.511215973,-0.000399746,0.033175574
000795.SZ,英洛华,浙江,矿物制品,19970808,5.8976912,6.575516779,0.959545301,-1.58263E-05,0.026003395
000796.SZ,凯撒旅业,海南,旅游服务,19970703,5.9413686,5.197678812,2.009612645,-0.001189269,0.030673518
000797.SZ,中国武夷,福建,全国地产,19970715,5.7559533,3.022724832,0.469945331,0.000131124,0.032177234
000798.SZ,中水渔业,北京,渔业,19980212,6.812056,8.87790604,1.828638711,-0.000207745,0.031186506
000799.SZ,酒鬼酒,湖南,白酒,19970718,6.3949323,119.7458792,56.97309091,-0.00204283,0.026469968
000800.SZ,一汽解放,吉林,汽车整车,19970618,6.560173,8.75566443,0.963473426,-0.000381188,0.019964499
000801.SZ,四川九洲,四川,家用电器,19980506,6.388499,8.071360544,1.658359486,0.000263698,0.029746802
000802.SZ,北京文化,北京,影视音像,19980108,5.3885503,5.267741935,1.133023567,0.000365994,0.028294689
000803.SZ,山高环能,四川,环境保护,19980303,5.655056,11.18955705,6.085974948,-0.002005732,0.033347571
000807.SZ,云铝股份,云南,铝,19980408,-2.803478,12.54888591,1.950160448,-0.000182483,0.028418391
000809.SZ,*ST和展,辽宁,区域地产,19980616,5.6866717,3.016441137,0.639486519,6.37655E-06,0.030591469
000810.SZ,创维数字,四川,家用电器,19980602,6.388499,13.43940701,3.659575195,0.000341263,0.034955964
000811.SZ,冰轮环境,山东,工程机械,19980528,6.1479993,12.22367785,2.170493887,-0.000194602,0.027009042
000812.SZ,陕西金叶,陕西,广告包装,19980623,6.04935,5.398939597,1.366826077,0.000209988,0.033463276
000813.SZ,德展健康,新疆,化学制药,19980519,5.6343184,3.299973154,0.509573931,-0.000551411,0.025476872
000815.SZ,美利云,宁夏,造纸,19980609,5.979003,10.17118367,2.919753935,0.000158559,0.038570061
000816.SZ,智慧农业,江苏,农用机械,19970818,6.1171265,3.310120805,0.787783648,-0.000447775,0.028240013
000818.SZ,航锦科技,辽宁,化工原料,19971017,5.4360824,30.94651007,5.525977183,-0.000704683,0.029494492
000819.SZ,岳阳兴长,湖南,石油加工,19970625,5.969803,16.77766443,4.57396741,0.001212631,0.03381688
000820.SZ,神雾节能,江西,综合类,19980630,1.0376348,3.793293011,0.803514849,-0.000607911,0.033767152
000821.SZ,京山轻机,湖北,电气设备,19980626,6.2462397,15.76671141,4.243278594,-0.000466614,0.03556409
000822.SZ,山东海化,山东,化工原料,19980703,5.4360824,7.459087248,1.477510247,-0.000981657,0.026727173
000823.SZ,超声电子,广东,元器件,19971008,-1.3768502,9.811087248,1.570363897,-0.000435955,0.021262975
000825.SZ,太钢不锈,山西,特种钢,19981021,-2.4360137,4.962080537,1.726860254,-0.001282272,0.020974588
000826.SZ,启迪环境,湖北,环境保护,19980225,5.655056,3.243275168,0.908771184,-0.001337462,0.031658021
000828.SZ,东莞控股,广东,路桥,19970617,5.85115,9.851342282,0.678277841,-0.000101126,0.018843684
000829.SZ,天音控股,江西,其他商业,19971202,5.4766254,11.2832349,4.01693015,-0.001083948,0.036455555
000830.SZ,鲁西化工,山东,化工原料,19980807,5.4360824,13.21091156,3.096924177,-0.000808269,0.022039022
000831.SZ,中国稀土,江西,小金属,19980911,-2.8607216,31.18779866,5.981441706,-0.000931649,0.029186148
000833.SZ,粤桂股份,广西,综合类,19981111,1.0376348,6.657744966,1.157777122,-0.000595117,0.027983572
000837.SZ,秦川机床,陕西,机床制造,19980928,-2.5901217,9.979087248,1.890525393,-0.000698113,0.03076224
000838.SZ,财信发展,重庆,区域地产,19970626,5.6866717,4.686147651,1.885007075,-0.000301944,0.037593973
000839.SZ,中信国安,北京,综合类,19971031,1.0376348,2.366635262,0.243643138,-0.000192858,0.024789965
000848.SZ,承德露露,河北,软饮料,19971113,0.7887329,8.821798658,1.045685188,-0.000666746,0.020115521
000850.SZ,华茂股份,安徽,纺织,19981007,6.4696865,3.807771812,0.434884271,5.17684E-05,0.023465153
000851.SZ,ST高鸿,贵州,通信设备,19980609,5.876211,5.081223118,1.277740681,-0.001056205,0.031653024
000852.SZ,石化机械,湖北,化工机械,19981126,6.008067,6.5,0.66678554,0.000139512,0.028285332
000856.SZ,冀东装备,河北,专用机械,19980813,5.9916244,8.270912752,1.329423322,-0.0001775,0.031585511
000858.SZ,五粮液,四川,白酒,19980427,6.3949323,168.688604,29.48322643,-0.000457915,0.020938504
000859.SZ,国风新材,安徽,塑料,19981119,6.4467297,5.397919463,1.11754175,-0.000790036,0.026271583
000860.SZ,顺鑫农业,北京,白酒,19981104,6.3949323,25.61369128,6.522586188,-0.000782625,0.027671326
000862.SZ,银星能源,宁夏,新型电力,19980915,5.62262,6.637496617,1.160830156,-0.000450109,0.029047204
000863.SZ,三湘印象,上海,区域地产,19970925,5.6866717,3.696905405,0.537951577,0.000219052,0.034898029
000868.SZ,安凯客车,安徽,汽车整车,19970725,6.560173,5.137060403,1.04578446,0.000246727,0.0347845
000869.SZ,张裕A,山东,红黄酒,20001026,0.2814862,28.178,3.717572938,-0.000404002,0.016403415
000875.SZ,吉电股份,吉林,火力发电,20020926,5.2891226,5.95985034,1.304236068,-0.00024795,0.025530728
000876.SZ,新希望,四川,饲料,19980311,6.365519,12.49983893,2.595874928,-0.000235915,0.02010416
000877.SZ,天山股份,新疆,水泥,19990107,6.8144245,9.445704698,3.150680344,-0.001535022,0.020679154
000878.SZ,云南铜业,云南,铜,19980602,-2.2392933,12.1094094,1.343097317,-0.000259538,0.020797084
000880.SZ,潍柴重机,山东,专用机械,19980402,5.9916244,9.473727891,1.17113803,0.000220245,0.029372102
000881.SZ,中广核技,辽宁,化工原料,19980902,5.4360824,7.943649932,1.153528661,-0.000476146,0.022431508
000882.SZ,华联股份,北京,其他商业,19980616,5.4766254,1.707234899,0.259478136,-0.00030698,0.024262161
000883.SZ,湖北能源,湖北,水力发电,19980519,5.821079,4.724738255,0.517811739,0.000150286,0.018562125
000885.SZ,城发环境,河南,环境保护,19990319,5.655056,11.10932886,1.152283651,0.000277005,0.021407949
000886.SZ,海南高速,海南,区域地产,19980123,5.6866717,4.542013423,0.569150211,0.000161845,0.025295044
000887.SZ,中鼎股份,安徽,汽车配件,19981203,5.914197,14.56767785,3.201680776,-0.000459093,0.028604914
000888.SZ,峨眉山A,四川,旅游景点,19971021,6.0239387,8.964228188,1.930548066,0.000928515,0.027883576
000889.SZ,ST中嘉,河北,通信设备,19971218,5.876211,2.261465054,0.772102497,-0.00077822,0.031512882
000890.SZ,法尔胜,江苏,环境保护,19990119,5.655056,4.179986577,0.743214556,-0.000677922,0.03110193
000892.SZ,欢瑞世纪,重庆,影视音像,19990115,5.3885503,3.623959732,0.699042181,7.11323E-05,0.035436935
000893.SZ,亚钾国际,广东,农药化肥,19981224,4.9359045,25.59001346,6.152320788,-0.000144046,0.028632326
000895.SZ,双汇发展,河南,食品,19981210,6.0406103,26.63146309,2.262430747,2.27056E-05,0.015852512
000897.SZ,津滨发展,天津,区域地产,19990422,5.6866717,2.372241611,0.285871984,0.000269719,0.027297812
000898.SZ,鞍钢股份,辽宁,普钢,19971225,6.2763343,2.992295302,0.721230444,-0.001192612,0.018638703
000899.SZ,赣能股份,江西,火力发电,19971126,5.2891226,8.0765,1.966895659,0.000707641,0.031126366
000900.SZ,现代投资,湖南,路桥,19990128,5.85115,4.095691275,0.247928702,-7.55119E-05,0.01524502
000901.SZ,航天科技,黑龙江,汽车配件,19990401,5.914197,9.191637584,0.893462819,0.000179109,0.023764383
000902.SZ,新洋丰,湖北,农药化肥,19990408,4.9359045,13.4321745,2.898415649,-0.000676795,0.020066752
000903.SZ,云内动力,云南,汽车配件,19990415,5.914197,2.721221477,0.526349505,-0.000640617,0.025835382
000905.SZ,厦门港务,福建,港口,19990429,5.9633217,7.184402685,0.747112505,-0.000147618,0.020931121
000906.SZ,浙商中拓,浙江,仓储物流,19990707,5.1189384,9.027624161,1.749149369,-0.000821436,0.021406556
000908.SZ,*ST景峰,湖南,化学制药,19990203,5.6343184,3.151223118,0.801147887,-0.000155605,0.033345637
000909.SZ,ST数源,浙江,区域地产,19990507,5.6866717,6.93641129,2.287032588,-0.000875623,0.033227038
000910.SZ,大亚圣象,江苏,家居用品,19990630,5.7977047,8.833583893,2.026615754,-0.000871814,0.019333148
000911.SZ,广农糖业,广西,食品,19990527,6.0406103,8.908469799,1.663204679,-0.000760822,0.026974984
000912.SZ,泸天化,四川,农药化肥,19990603,4.9359045,4.818241611,0.799411239,-0.000429522,0.024586166
000913.SZ,钱江摩托,浙江,摩托车,19990514,0.30112803,16.92234899,4.385732181,0.000226044,0.028978246
000915.SZ,华特达因,山东,化学制药,19990609,5.6343184,35.06934228,5.967716596,-6.35288E-06,0.02345646
000917.SZ,电广传媒,湖南,广告包装,19990325,6.04935,5.645892617,0.748167682,-0.000313524,0.026770994
000919.SZ,金陵药业,江苏,化学制药,19991118,5.6343184,7.452281879,0.810718453,-8.14847E-05,0.023287359
000920.SZ,沃顿科技,贵州,塑料,19990616,6.4467297,9.030711409,1.002570971,-0.000261348,0.025471785
000921.SZ,海信家电,广东,家用电器,19990713,6.388499,20.07099329,7.856007449,0.001223705,0.026840908
000922.SZ,佳电股份,黑龙江,电气设备,19990618,6.2462397,10.66426846,1.57393727,0.000126805,0.029237066
000923.SZ,河钢资源,河北,普钢,19990714,6.2763343,14.78798658,2.131811657,-0.000284394,0.026625807
000925.SZ,众合科技,浙江,运输设备,19990611,6.052139,7.831543624,1.138521209,-0.000562666,0.029036808
000926.SZ,福星股份,湖北,区域地产,19990618,5.6866717,4.105248322,0.767994507,-0.000719135,0.029248848
000927.SZ,中国铁物,天津,仓储物流,19990727,5.1189384,2.891087248,0.366267903,-0.000432236,0.018630933
000928.SZ,中钢国际,吉林,建筑工程,19990312,6.1645865,7.026469799,1.462939308,-0.000858539,0.027861871
000929.SZ,兰州黄河,甘肃,啤酒,19990623,6.5069966,8.839275168,1.512731902,-0.000330528,0.031277927
000930.SZ,中粮科技,安徽,农业综合,19990712,5.4254327,7.971449664,1.75176295,-0.000740276,0.020178164
000931.SZ,中关村,北京,化学制药,19990712,5.6343184,5.989073826,1.149845864,-0.000652096,0.024264299
000932.SZ,华菱钢铁,湖南,普钢,19990803,6.2763343,5.242778523,0.737976153,-0.000755756,0.020326907
000933.SZ,神火股份,河南,铝,19990831,-2.803478,15.70628571,3.369998051,0.000436842,0.031008873
000935.SZ,四川双马,四川,水泥,19990824,6.8144245,18.78916779,3.834792175,-0.000937499,0.024381605
000936.SZ,华西股份,江苏,化纤,19990810,5.6056967,6.810389262,1.774682535,-0.0002191,0.03044573
000937.SZ,冀中能源,河北,煤炭开采,19990909,-0.62654895,6.855275168,0.809797672,0.000322957,0.028495314
000938.SZ,紫光股份,北京,IT设备,19991104,6.018636,22.32939597,4.384653072,-0.000102355,0.028355132
000948.SZ,南天信息,云南,软件服务,19991014,5.631536,16.18144966,3.945007876,0.000350921,0.035451181
000949.SZ,新乡化纤,河南,化纤,19991021,5.6056967,3.902389262,1.070950329,-0.000985756,0.025235439
000950.SZ,重药控股,重庆,医药商业,19990916,5.7104278,5.324912752,0.619560436,0.000110104,0.022410882
000951.SZ,中国重汽,山东,汽车整车,19991125,6.560173,14.84888591,2.502377787,-0.000700309,0.029914081
000952.SZ,广济药业,湖北,化学制药,19991112,5.6343184,7.147006711,1.009528944,-0.000513431,0.024448576
000953.SZ,河化股份,广西,化学制药,19991202,5.6343184,5.311315436,1.315598575,-0.000175364,0.036722736
000955.SZ,欣龙控股,海南,纺织,19991209,6.4696865,4.56861745,0.68976628,-0.000242658,0.028282343
000957.SZ,中通客车,山东,汽车整车,20000113,6.560173,10.07450685,3.751072142,0.000860428,0.034958834
000958.SZ,电投产融,河北,多元金融,19991223,5.611957,4.393395973,0.477124435,-0.000169583,0.02201999
000959.SZ,首钢股份,北京,普钢,19991216,6.2763343,4.14986413,1.145166943,-0.001466535,0.0194559
000960.SZ,锡业股份,云南,小金属,20000221,-2.8607216,15.90785235,2.837122331,-0.000628146,0.027324225
000962.SZ,东方钽业,宁夏,小金属,20000120,-2.8607216,11.04522148,1.385579334,-0.000477336,0.028748314
000963.SZ,华东医药,浙江,化学制药,20000127,5.6343184,38.15648322,5.875931222,4.76991E-05,0.022878562
000965.SZ,天保基建,天津,区域地产,20000406,5.6866717,3.910483221,1.324745373,0.000455471,0.034353332
000966.SZ,长源电力,湖北,火力发电,20000316,5.2891226,5.378993289,1.167358557,-0.000807298,0.023211945
000967.SZ,盈峰环境,浙江,环境保护,20000330,5.655056,5.170738255,0.871635694,-0.000557311,0.017579396
000968.SZ,蓝焰控股,山西,石油开采,20000622,-0.41138357,8.451973154,1.69163168,-0.000499562,0.028675652
000969.SZ,安泰科技,北京,小金属,20000529,-2.8607216,8.81347651,0.830133828,-0.000227654,0.023133002
000970.SZ,中科三环,北京,矿物制品,20000420,5.8976912,11.98372124,2.717803759,-0.000340705,0.024939811
000972.SZ,中基健康,新疆,食品,20000926,6.0406103,3.024536785,0.628304842,0.000419488,0.027423296
000973.SZ,佛塑科技,广东,塑料,20000525,6.4467297,4.494241611,0.441046831,-0.000246167,0.020274391
000975.SZ,山金国际,内蒙,黄金,20000608,6.2743154,12.87383784,3.029769415,0.000959506,0.026348587
000977.SZ,浪潮信息,山东,IT设备,20000608,6.018636,32.70463087,7.408746894,0.000300993,0.031805836
000978.SZ,桂林旅游,广西,旅游景点,20000518,6.0239387,6.806416107,1.028384218,3.84661E-05,0.028831084
000980.SZ,众泰汽车,浙江,汽车配件,20000616,5.914197,3.963149394,1.811457556,-0.001977922,0.03711489
000981.SZ,山子高科,甘肃,汽车配件,20000622,5.914197,1.810783784,0.623310757,-0.000964963,0.035481406
000983.SZ,山西焦煤,山西,煤炭开采,20000726,-0.62654895,10.7825,1.87436778,-0.000339429,0.03049933
000985.SZ,大庆华科,黑龙江,化工原料,20000726,5.4360824,15.33648322,2.212211158,0.000215757,0.029270715
000987.SZ,越秀资本,广东,多元金融,20000718,5.611957,6.744912752,1.148306502,-0.000448562,0.021887578
000988.SZ,华工科技,湖北,专用机械,20000608,5.9916244,26.83475168,5.980261302,0.000244888,0.028994589
000989.SZ,ST九芝,湖南,中成药,20000628,0.30637786,9.561330645,1.806208518,-0.000336099,0.024087086
000990.SZ,诚志股份,江西,化工原料,20000706,5.4360824,9.750671141,2.71563832,-0.001037997,0.022116474
000993.SZ,闽东电力,福建,水力发电,20000731,5.821079,11.10916779,2.09238792,-7.46483E-05,0.030157759
000995.SZ,皇台酒业,甘肃,白酒,20000807,6.3949323,16.41998654,4.582030456,-0.000954883,0.029946024
000997.SZ,新大陆,福建,IT设备,20000807,6.018636,15.95840268,2.343504005,-8.96944E-05,0.023853167
000998.SZ,隆平高科,湖南,种植业,20001211,0.24632932,15.88932886,3.583799769,-0.000928408,0.022159293
000999.SZ,华润三九,深圳,中成药,20000309,0.30637786,45.6494094,10.2364095,0.000592551,0.029477314
001201.SZ,东瑞股份,广东,农业综合,20210428,5.4254327,29.00900671,8.273764198,-0.001045795,0.026634256
001202.SZ,炬申股份,广东,仓储物流,20210429,5.1189384,15.16414765,2.23549178,-0.000480872,0.028344551
001203.SZ,大中矿业,内蒙,普钢,20210510,6.2763343,11.99265772,2.486569931,-0.001155817,0.021392753
001205.SZ,盛航股份,江苏,水运,20210513,5.862221,21.45021477,4.852871083,-0.000511525,0.031438835
001206.SZ,依依股份,天津,造纸,20210518,5.979003,24.96818792,11.70170169,-0.001709772,0.031354201
001207.SZ,联科科技,山东,化工原料,20210623,5.4360824,16.67722148,2.75042019,-0.000654115,0.0231003
001208.SZ,华菱线缆,湖南,电气设备,20210624,6.2462397,10.55287248,2.631334,-0.000923876,0.029094422
001209.SZ,洪兴股份,广东,服饰,20210723,3.6204495,17.62171812,4.377275906,-0.001020325,0.032155685
001210.SZ,金房能源,北京,供气供热,20210729,5.345988,23.69358389,6.894852152,-0.001424502,0.029248184
001211.SZ,双枪科技,浙江,家居用品,20210805,5.7977047,22.6317047,4.57490868,-0.000958199,0.02389572
001212.SZ,中旗新材,广东,其他建材,20210823,5.5222344,28.66488591,5.616748334,-0.000639061,0.035136907
001213.SZ,中铁特货,北京,铁路,20210908,6.535139,4.674851351,0.666508569,-0.000459111,0.020771122
001215.SZ,千味央厨,河南,食品,20210906,6.0406103,53.08230458,14.0284091,0.000347351,0.030661809
001216.SZ,华瓷股份,湖南,家居用品,20211019,5.7977047,13.74211699,1.655692089,-8.7464E-05,0.029897399
001217.SZ,华尔泰,安徽,化工原料,20210929,5.4360824,13.27141678,3.17068903,-0.0006303,0.030112872
001218.SZ,丽臣实业,湖南,化工原料,20211015,5.4360824,24.57172222,8.853445607,-0.002073139,0.025361703
001219.SZ,青岛食品,山东,食品,20211021,6.0406103,21.5902514,5.612843159,-0.001006628,0.03456765
001222.SZ,源飞宠物,浙江,文教休闲,20220818,5.1359844,18.63304094,7.207294815,-0.001055273,0.031566312
001223.SZ,欧克科技,江西,专用机械,20221212,5.9916244,60.8106865,20.4108473,-0.00195517,0.033140278
001225.SZ,和泰机电,浙江,专用机械,20230222,5.9916244,38.79207161,8.224641653,-0.002029304,0.021700441
001226.SZ,拓山重工,安徽,工程机械,20220622,6.1479993,31.21256318,4.710009495,-0.000817115,0.03168715
001227.SZ,兰州银行,甘肃,银行,20220117,6.138913,3.511770992,1.090532615,-0.001164502,0.02175739
001228.SZ,永泰运,浙江,仓储物流,20220429,5.1189384,39.7964966,13.98075524,-0.001355751,0.030182925
001229.SZ,魅视科技,广东,IT设备,20220808,6.018636,30.77573896,3.755500668,-0.000354313,0.033407661
001230.SZ,劲旅环境,安徽,环境保护,20220715,5.655056,23.34802607,5.276525476,-0.001986568,0.023449711
001231.SZ,农心科技,陕西,农药化肥,20220819,4.9359045,20.25300781,4.08000052,-0.001092846,0.029219064
001234.SZ,泰慕士,江苏,服饰,20220111,3.6204495,23.56981791,5.119691554,-0.000610154,0.034786161
001236.SZ,弘业期货,江苏,多元金融,20220805,5.611957,12.39051724,3.658629785,0.002886905,0.040576433
001238.SZ,浙江正特,浙江,家居用品,20220919,5.7977047,23.45095528,3.527334359,-2.83983E-05,0.033645498
001239.SZ,永达股份,湖南,工程机械,20231212,6.1479993,17.02701031,3.119475565,-0.002251564,0.047796045
001255.SZ,博菲电气,浙江,新型电力,20220930,5.62262,32.58654244,7.985230989,-0.000605858,0.034647325
001256.SZ,炜冈科技,浙江,轻工机械,20221205,5.8141026,17.40760181,3.174518321,-0.000672442,0.027496786
001258.SZ,立新能源,新疆,新型电力,20220727,5.62262,9.063119093,2.62428459,0.000472514,0.029158653
001259.SZ,利仁科技,北京,家用电器,20220831,6.388499,27.37323413,4.262023812,-0.000666416,0.029105343
001260.SZ,坤泰股份,山东,汽车配件,20230216,5.914197,19.20881013,4.306171743,-0.000934547,0.032680457
001266.SZ,宏英智能,上海,电器仪表,20220228,5.9888244,29.22555556,7.570400329,-0.001611274,0.037627387
001267.SZ,汇绿生态,湖北,建筑工程,20211117,6.1645865,5.853500717,1.094865274,-6.09413E-05,0.0323487
001268.SZ,联合精密,广东,机械基件,20220630,5.1280627,22.67850365,4.440047016,-0.000920943,0.029515963
001269.SZ,欧晶科技,内蒙,矿物制品,20220930,5.8976912,61.39732919,30.36642536,0.000344389,0.041618575
001270.SZ,铖昌科技,浙江,半导体,20220606,-2.3041902,82.6084629,33.06317198,6.18348E-05,0.041344913
001277.SZ,速达股份,河南,专用机械,20240903,5.9916244,33.73588235,3.252585623,-0.014029009,0.044430198
001278.SZ,一彬科技,浙江,汽车配件,20230308,5.914197,20.26404199,4.092864515,-0.001109276,0.033523537
001282.SZ,三联锻造,安徽,汽车配件,20230524,5.914197,29.62218182,6.444529838,-0.001406684,0.040994764
001283.SZ,豪鹏科技,深圳,电气设备,20220905,6.2462397,47.68179641,8.736508454,-0.001427977,0.028490874
001286.SZ,陕西能源,陕西,火力发电,20230410,5.2891226,9.81356546,1.089442782,-0.000918702,0.020362705
001287.SZ,中电港,深圳,元器件,20230410,-1.3768502,21.65871866,4.893604654,-0.002122101,0.033255203
001288.SZ,运机集团,四川,专用机械,20211101,5.9916244,17.96269394,3.556120679,0.000399073,0.0268548
001289.SZ,龙源电力,北京,新型电力,20220124,5.62262,19.77373846,2.501919884,-0.000715643,0.02171384
001296.SZ,长江材料,重庆,其他建材,20211224,5.5222344,23.3551791,6.700581744,-0.001280385,0.034023399
001298.SZ,好上好,深圳,元器件,20221031,-1.3768502,29.45802998,8.067249983,-0.000870603,0.047503956
001299.SZ,美能能源,陕西,供气供热,20221031,5.345988,15.97055675,3.670452971,-0.000562735,0.032143595
001300.SZ,三柏硕,山东,文教休闲,20221019,5.1359844,14.15088421,3.228920679,-0.000770549,0.036412274
001301.SZ,尚太科技,河北,电气设备,20221228,6.2462397,50.26367059,15.63525554,-3.75184E-05,0.03120281
001306.SZ,夏厦精密,浙江,机械基件,20231116,5.1280627,63.80410377,16.83658586,-0.004029949,0.037279803
001308.SZ,康冠科技,深圳,元器件,20220318,-1.3768502,29.98944805,6.655059059,-0.001832086,0.030738612
001309.SZ,德明利,深圳,半导体,20220701,-2.3041902,77.078117,17.70836771,0.001240277,0.040750427
001311.SZ,多利科技,安徽,汽车配件,20230227,5.914197,48.17376289,19.41921898,-0.003476731,0.035413425
001313.SZ,粤海饲料,广东,饲料,20220216,6.365519,9.51039185,2.18215605,-0.000106863,0.02998535
001314.SZ,亿道信息,深圳,元器件,20230214,-1.3768502,42.837733,6.910393716,-0.000655981,0.039011613
001316.SZ,润贝航科,深圳,批发业,20220624,0.13268599,35.34710145,4.804541251,-0.000716126,0.031343458
001317.SZ,三羊马,重庆,铁路,20211130,6.535139,40.04860908,12.56175855,7.5051E-05,0.038055313
001318.SZ,阳光乳业,江西,乳制品,20220520,0.12147639,14.08449653,2.874244507,-0.000398642,0.027837514
001319.SZ,铭科精技,广东,汽车配件,20220512,5.914197,22.58743986,4.89784952,-0.000150929,0.035940271
001322.SZ,箭牌家居,广东,家居用品,20221026,5.7977047,13.61389362,4.660308603,-0.001509496,0.030343681
001323.SZ,慕思股份,广东,家居用品,20220623,5.7977047,34.60041591,4.582291015,-0.001114628,0.021402355
001324.SZ,长青科技,江苏,运输设备,20230522,6.052139,21.53286145,4.807163078,-0.001144922,0.035437227
001326.SZ,联域股份,深圳,电气设备,20231109,6.2462397,40.75847926,8.865330621,-0.003103526,0.033069477
001328.SZ,登康口腔,重庆,日用化工,20230410,5.286983,28.4275766,5.338260234,-0.002251148,0.031783702
001330.SZ,博纳影业,新疆,影视音像,20220818,5.3885503,8.161871345,2.341276113,-0.000819089,0.031122906
001331.SZ,胜通能源,山东,公路,20220908,6.996125,21.03317269,8.952414463,-0.002652176,0.036456578
001332.SZ,锡装股份,江苏,专用机械,20220920,5.9916244,42.79425662,18.19471283,-0.001919855,0.031461385
001333.SZ,光华股份,浙江,化工原料,20221208,5.4360824,22.43849658,5.073350196,-0.00195455,0.023731409
001336.SZ,楚环科技,浙江,专用机械,20220725,5.9916244,25.50892655,5.100769917,-0.001247173,0.027705791
001337.SZ,四川黄金,四川,黄金,20230303,6.2743154,27.84653646,4.87794003,0.002168798,0.034446718
001338.SZ,永顺泰,广东,啤酒,20221116,6.5069966,14.3687033,4.079641443,8.79415E-05,0.030562061
001339.SZ,智微智能,深圳,IT设备,20220815,6.018636,27.20257752,3.568553396,0.000580475,0.040233758
001358.SZ,兴欣新材,浙江,化工原料,20231221,5.4360824,28.24754011,9.314335254,-0.00531004,0.04811007
001359.SZ,平安电工,湖北,矿物制品,20240328,5.8976912,23.03483871,2.935926187,-0.00369786,0.033892957
001360.SZ,南矿集团,江西,工程机械,20230410,6.1479993,15.98654596,2.882198841,-0.002111219,0.032082609
001366.SZ,播恩集团,江西,饲料,20230307,6.365519,14.18256545,2.60679945,-0.000574944,0.037575118
001367.SZ,海森药业,浙江,化学制药,20230410,5.6343184,39.53445682,10.3210948,-0.002809243,0.036082251
001368.SZ,通达创智,福建,文教休闲,20230313,5.1359844,23.07875661,3.454399001,-0.001728752,0.030807507
001373.SZ,翔腾新材,江苏,元器件,20230601,-1.3768502,35.2779321,8.622763256,-0.001766186,0.041133562
001376.SZ,百通能源,江西,供气供热,20231103,5.345988,19.79809955,3.821933591,-0.00392874,0.041203755
001378.SZ,德冠新材,广东,塑料,20231030,6.4467297,30.23857778,8.702940991,-0.005413037,0.030919575
001379.SZ,腾达科技,山东,机械基件,20240119,5.1280627,18.67497006,4.892201179,-0.000138318,0.047897314
001380.SZ,华纬科技,浙江,汽车配件,20230516,5.914197,27.17372024,6.806828496,-0.001855486,0.037640869
001387.SZ,雪祺电气,安徽,家用电器,20240111,6.388499,18.99601156,4.963999201,-0.004777007,0.043680493
001389.SZ,广合科技,广东,元器件,20240402,-1.3768502,43.36123967,5.582123785,-0.002470488,0.029064928
001696.SZ,宗申动力,重庆,摩托车,19970306,0.30112803,7.397208054,1.990896213,0.000816506,0.027771456
001872.SZ,招商港口,深圳,港口,19930505,5.9633217,16.72871141,1.781233852,0.000315189,0.018319904
001896.SZ,豫能控股,河南,火力发电,19980122,5.2891226,5.256201342,1.20769183,-0.000666029,0.030097251
001914.SZ,招商积余,深圳,房产服务,19940928,5.6273594,14.33208054,2.71659102,-0.000270411,0.025761054
001965.SZ,招商公路,天津,路桥,20171225,5.85115,9.04461745,1.615049067,0.000593989,0.01771926
001979.SZ,招商蛇口,深圳,全国地产,20151230,5.7559533,12.20858503,2.265014851,0.000103395,0.02630595
002001.SZ,新和成,浙江,化学制药,20040625,5.6343184,21.15943624,5.279311972,-0.000467245,0.020050261
002003.SZ,伟星股份,浙江,服饰,20040625,3.6204495,10.96040268,1.482314413,0.000582405,0.024056903
002004.SZ,华邦健康,重庆,农药化肥,20040625,4.9359045,5.342751678,0.933383298,-0.00043216,0.019923801
002005.SZ,ST德豪,安徽,家用电器,20040625,6.388499,1.484872483,0.294843254,-0.000307807,0.02335321
002006.SZ,精工科技,浙江,专用机械,20040625,5.9916244,20.83410738,6.514607246,-0.000306799,0.032092542
002007.SZ,华兰生物,河南,生物制药,20040625,4.419265,21.61385235,3.814875215,-0.000805059,0.020211785
002008.SZ,大族激光,深圳,专用机械,20040625,5.9916244,28.56465772,9.040189013,-0.000938231,0.023559723
002009.SZ,天奇股份,江苏,工程机械,20040629,6.1479993,15.35147651,3.313748603,-0.000333839,0.032918775
002010.SZ,传化智联,浙江,仓储物流,20040629,5.1189384,5.766107383,1.436256854,-0.001005857,0.020408502
002011.SZ,盾安环境,浙江,家用电器,20040705,6.388499,12.14053061,2.45778419,0.00061987,0.034159569
002012.SZ,凯恩股份,浙江,造纸,20040705,5.979003,5.262375839,0.92728191,-0.00056432,0.027057064
002014.SZ,永新股份,安徽,塑料,20040708,6.4467297,8.504550336,0.913893122,0.00024707,0.020337818
002015.SZ,协鑫能科,江苏,新型电力,20040708,5.62262,12.91004027,3.00677396,-0.000919342,0.030311376
002016.SZ,世荣兆业,广东,区域地产,20040708,5.6866717,6.141592443,0.623263123,0.000430774,0.025997863
002017.SZ,东信和平,广东,通信设备,20040713,5.876211,11.88103356,2.489326545,-0.000103025,0.029734518
002019.SZ,亿帆医药,浙江,化学制药,20040713,5.6343184,13.71166443,2.058325977,-0.000357436,0.022813565
002020.SZ,京新药业,浙江,化学制药,20040715,5.6343184,11.03616107,2.013439863,0.000513326,0.023627361
002021.SZ,中捷资源,浙江,纺织机械,20040715,6.1561155,1.968948787,0.258772093,-0.000182922,0.028978164
002022.SZ,科华生物,上海,医疗保健,20040721,6.0711374,10.44678862,2.862670729,-0.001036016,0.026808583
002023.SZ,海特高新,四川,航空,20040721,6.8991065,9.899463087,1.644154024,-0.000637387,0.024710601
002024.SZ,ST易购,江苏,电器连锁,20040721,5.7361727,2.359301075,1.006300098,-0.001715444,0.020115639
002025.SZ,航天电器,贵州,元器件,20040726,-1.3768502,59.73736913,11.91328385,-0.000286747,0.024288351
002026.SZ,山东威达,山东,机械基件,20040727,5.1280627,10.99144966,3.164645174,-0.000753313,0.029206721
002027.SZ,分众传媒,广东,广告包装,20040804,6.04935,6.567248322,0.732645687,-0.000153722,0.02301396
002028.SZ,思源电气,上海,电气设备,20040805,6.2462397,48.20981208,10.42408305,0.001071529,0.025087369
002029.SZ,七匹狼,福建,服饰,20040806,3.6204495,5.679436242,0.42439008,-0.000137037,0.017465544
002030.SZ,达安基因,广东,医疗保健,20040809,6.0711374,13.50608054,4.980063095,-0.001579247,0.023137103
002031.SZ,巨轮智能,广东,汽车配件,20040816,5.914197,2.968308725,0.796520212,0.000381994,0.032842283
002032.SZ,苏泊尔,浙江,家用电器,20040817,6.388499,51.57569128,4.675835137,0.000151847,0.019780608
002033.SZ,丽江股份,云南,旅游景点,20040825,6.0239387,8.73104698,1.749921113,0.000467415,0.02678082
002034.SZ,旺能环境,浙江,环境保护,20040826,5.655056,17.06771812,2.608504011,-0.000276853,0.01909239
002035.SZ,华帝股份,广东,家用电器,20040901,6.388499,6.244,0.630373758,-5.36276E-05,0.022596048
002036.SZ,联创电子,江西,元器件,20040903,-1.3768502,12.47273826,4.474262421,-0.000915056,0.033776599
002037.SZ,保利联合,贵州,化工原料,20040908,5.4360824,9.003167785,2.279077029,0.00013538,0.036449838
002038.SZ,双鹭药业,北京,生物制药,20040909,4.419265,9.31338255,1.244992268,-0.000413889,0.022637652
002039.SZ,黔源电力,贵州,水力发电,20050303,5.821079,15.98661745,2.390109345,7.19029E-05,0.027611089
002040.SZ,南京港,江苏,港口,20050325,5.9633217,6.575449664,0.616224494,-3.34645E-05,0.020590887
002041.SZ,登海种业,山东,种植业,20050418,0.24632932,17.27406711,5.379842652,-0.000956506,0.023987243
002042.SZ,华孚时尚,安徽,纺织,20050427,6.4696865,3.741543624,0.633341247,-0.000547628,0.024900749
002043.SZ,兔宝宝,浙江,其他建材,20050510,5.5222344,10.34481879,1.434835329,0.000119221,0.02843853
002044.SZ,美年健康,江苏,医疗保健,20050518,6.0711374,5.827355705,1.272892677,-0.000841716,0.023121669
002045.SZ,国光电器,广东,元器件,20050523,-1.3768502,12.928,2.522944261,-9.86534E-05,0.035246063
002046.SZ,国机精工,河南,机械基件,20050526,5.1280627,12.15979866,2.012508689,-0.000119307,0.029597238
002047.SZ,宝鹰股份,深圳,装修装饰,20050531,6.4589305,3.179946019,0.91286096,-0.000746273,0.032904486
002048.SZ,宁波华翔,浙江,汽车配件,20050603,5.914197,15.20157047,3.24833445,-0.000694145,0.021620534
002049.SZ,紫光国微,河北,半导体,20050606,-2.3041902,126.7099866,61.35053542,-0.001845401,0.030425869
002050.SZ,三花智控,浙江,家用电器,20050607,6.388499,23.71449664,3.956422001,-0.000196963,0.028949418
002051.SZ,中工国际,北京,建筑工程,20060619,6.1645865,8.550187919,1.649768139,7.76518E-05,0.025343922
002052.SZ,*ST同洲,深圳,家用电器,20060627,6.388499,2.007912688,0.380913674,-0.000299015,0.029029181
002053.SZ,云南能投,云南,食品,20060627,6.0406103,11.12134228,1.507478962,0.000342144,0.026784792
002054.SZ,德美化工,广东,染料涂料,20060725,5.8216114,7.269852349,1.465033067,-0.000881688,0.020187587
002055.SZ,得润电子,深圳,元器件,20060725,-1.3768502,9.658644295,2.2821753,-0.000715415,0.02994428
002056.SZ,横店东磁,浙江,电气设备,20060802,6.2462397,17.02928859,3.631610347,-0.0001962,0.027884477
002057.SZ,中钢天源,安徽,矿物制品,20060802,5.8976912,9.014496644,1.718393394,-0.000272077,0.026740513
002058.SZ,威尔泰,上海,电器仪表,20060802,5.9888244,10.93438172,1.850919351,0.000118177,0.032559769
002059.SZ,云南旅游,云南,旅游景点,20060810,6.0239387,6.13633557,0.978145805,5.01525E-06,0.030182494
002060.SZ,广东建工,广东,建筑工程,20060810,6.1645865,5.877170068,1.538707884,-0.000203618,0.027957981
002061.SZ,浙江交科,浙江,建筑工程,20060816,6.1645865,5.068147651,1.178591311,-0.000478696,0.026047641
002062.SZ,宏润建设,浙江,建筑工程,20060816,6.1645865,4.929261745,0.983685804,-0.000173,0.027480454
002063.SZ,远光软件,广东,软件服务,20060823,5.631536,6.917557047,1.414049205,-0.000347003,0.028153484
002064.SZ,华峰化学,浙江,化纤,20060823,5.6056967,7.971208054,1.615658057,-0.000775173,0.018412094
002065.SZ,东华软件,北京,软件服务,20060823,5.631536,6.346107383,1.015942086,-0.000536336,0.021051401
002066.SZ,瑞泰科技,北京,其他建材,20060823,5.5222344,10.60930201,1.552090871,-0.000193437,0.026651834
002067.SZ,景兴纸业,浙江,造纸,20060915,5.979003,3.451610738,0.406504684,-0.000311561,0.018797571
002068.SZ,黑猫股份,江西,化工原料,20060915,5.4360824,11.00273826,3.272492394,-0.000299924,0.036426169
002069.SZ,獐子岛,辽宁,渔业,20060928,6.812056,3.624549125,0.620452865,-7.3114E-05,0.02675642
002072.SZ,凯瑞德,湖北,商贸代理,20061018,5.821426,5.840040323,1.331253924,-0.000329909,0.030285001
002073.SZ,软控股份,山东,专用机械,20061018,5.9916244,6.828496644,0.936196058,0.000375442,0.029559407
002074.SZ,国轩高科,安徽,电气设备,20061018,6.2462397,31.24948993,11.63565804,-0.001165995,0.026865978
002075.SZ,沙钢股份,江苏,特种钢,20061025,-2.4360137,4.582724832,0.917837694,-0.000413577,0.023124429
002076.SZ,星光股份,广东,家用电器,20061025,6.388499,2.107142857,0.42494255,-0.000230712,0.030435949
002077.SZ,大港股份,江苏,半导体,20061116,-2.3041902,12.85522148,4.42385794,0.000584214,0.033729847
002078.SZ,太阳纸业,山东,造纸,20061116,5.979003,12.21014765,1.192850501,0.000137007,0.017350427
002079.SZ,苏州固锝,江苏,电气设备,20061116,6.2462397,12.13484564,2.549686784,-0.00068045,0.028966672
002080.SZ,中材科技,江苏,玻璃,20061120,6.2391744,21.93361074,7.009926313,-0.001210807,0.026671079
002081.SZ,金螳螂,江苏,装修装饰,20061120,6.4589305,4.688577181,0.994833354,-0.001027286,0.017880562
002082.SZ,万邦德,浙江,中成药,20061120,0.30637786,8.121973154,2.543296216,-0.001145576,0.027226212
002083.SZ,孚日股份,山东,纺织,20061124,6.4696865,4.635583893,0.358661586,0.000149327,0.021227024
002084.SZ,海鸥住工,广东,家居用品,20061124,5.7977047,4.081288591,0.892993157,-0.000957981,0.029094948
002085.SZ,万丰奥威,浙江,汽车配件,20061128,5.914197,7.251744966,3.320422618,0.001287943,0.030752637
002086.SZ,东方海洋,山东,医疗保健,20061128,6.0711374,2.549244265,0.429346733,0.000223411,0.027981974
002088.SZ,鲁阳节能,山东,矿物制品,20061130,5.8976912,18.93044534,4.939836488,-0.001131635,0.027892833
002090.SZ,金智科技,江苏,电气设备,20061208,6.2462397,10.40206711,2.210756213,-0.000198669,0.03163252
002091.SZ,江苏国泰,江苏,商贸代理,20061208,5.821426,8.96514094,2.052792424,-0.000819577,0.023336959
002092.SZ,ST中泰,新疆,化工原料,20061208,5.4360824,7.199632153,2.458473778,-0.001720805,0.0235236
002093.SZ,国脉科技,福建,文教休闲,20061215,5.1359844,6.88166443,1.025569168,0.000142754,0.028922343
002094.SZ,青岛金王,山东,日用化工,20061215,5.286983,3.555677852,0.70981813,-0.000888112,0.029087073
002095.SZ,生意宝,浙江,互联网,20061215,1.3198211,16.81097987,4.225724597,0.000103253,0.034443137
002096.SZ,易普力,湖南,化工原料,20061222,5.4360824,11.89719346,1.575971525,0.000598286,0.029875997
002097.SZ,山河智能,湖南,工程机械,20061222,6.1479993,6.933503356,1.244408546,-0.000963692,0.025255519
002098.SZ,浔兴股份,福建,服饰,20061222,3.6204495,6.278899329,0.533640995,0.000155625,0.022794961
002099.SZ,海翔药业,浙江,化学制药,20061226,5.6343184,6.990362416,0.990492032,-0.000452905,0.023677302
002100.SZ,天康生物,新疆,饲料,20061226,6.365519,8.775127517,1.60001689,-0.000153338,0.025336632
002101.SZ,广东鸿图,广东,汽车配件,20061229,5.914197,16.32061745,6.147186798,0.000486985,0.036357651
002102.SZ,能特科技,湖北,化学制药,20061229,5.6343184,3.085120968,0.442278739,-0.000253405,0.022086793
002103.SZ,广博股份,浙江,文教休闲,20070110,5.1359844,5.511006711,0.966880685,0.000332664,0.034932652
002104.SZ,恒宝股份,江苏,通信设备,20070110,5.876211,7.781812081,1.784537173,-1.94955E-05,0.030092181
002105.SZ,信隆健康,深圳,摩托车,20070112,0.30112803,6.770469799,1.713597163,-0.000878193,0.026539247
002106.SZ,莱宝高科,深圳,元器件,20070112,-1.3768502,9.164483221,1.152346266,-0.000228602,0.022046012
002107.SZ,沃华医药,山东,中成药,20070124,0.30637786,5.968416107,1.030639437,-0.000629362,0.02477762
002108.SZ,沧州明珠,河北,塑料,20070124,6.4467297,4.989718121,1.578156012,-0.001266256,0.023140534
002109.SZ,兴化股份,陕西,化工原料,20070126,5.4360824,4.825463087,0.99329558,-0.001220326,0.023840838
002110.SZ,三钢闽光,福建,普钢,20070126,6.2763343,5.143865772,1.599436421,-0.001456046,0.019209483
002111.SZ,威海广泰,山东,航空,20070126,6.8991065,9.956724832,1.414261181,-0.000525711,0.024874171
002112.SZ,三变科技,浙江,电气设备,20070208,6.2462397,9.135288591,1.556039726,0.000378515,0.035490364
002114.SZ,罗平锌电,云南,铅锌,20070215,5.7158103,6.826026846,1.235386535,-0.00081841,0.028099186
002115.SZ,三维通信,浙江,互联网,20070215,1.3198211,5.547127517,1.071096472,-8.64072E-05,0.030788423
002116.SZ,中国海诚,上海,建筑工程,20070215,6.1645865,9.876872483,1.802105926,0.00051234,0.032982352
002117.SZ,东港股份,山东,广告包装,20070302,6.04935,8.17861745,1.104636901,-0.000158957,0.025277703
002119.SZ,康强电子,浙江,半导体,20070302,-2.3041902,12.69455034,1.679107416,-0.000458104,0.029972218
002120.SZ,韵达股份,浙江,仓储物流,20070306,5.1189384,12.84712752,4.619015112,-0.000967815,0.02557578
002121.SZ,科陆电子,深圳,电器仪表,20070306,5.9888244,6.361945946,2.141002888,-0.000476512,0.03212071
002122.SZ,汇洲智能,浙江,机床制造,20070328,-2.5901217,3.076747638,0.794302228,-0.000490413,0.029751512
002123.SZ,梦网科技,辽宁,互联网,20070328,1.3198211,12.60159732,3.663409269,-0.001296234,0.032496954
002124.SZ,ST天邦,浙江,农业综合,20070403,5.4254327,5.143400538,1.779890925,-0.001209409,0.026625581
002125.SZ,湘潭电化,湖南,化工原料,20070403,5.4360824,12.58006711,3.095439651,-0.000294061,0.030829038
002126.SZ,银轮股份,浙江,汽车配件,20070418,5.914197,14.48785235,3.038323976,0.000648452,0.028842587
002127.SZ,南极电商,江苏,互联网,20070418,1.3198211,4.489127517,1.330357667,-0.00132335,0.023365272
002128.SZ,电投能源,内蒙,铝,20070418,-2.803478,15.06534228,2.541697991,0.000499233,0.025334659
002129.SZ,TCL中环,天津,电气设备,20070420,6.2462397,32.54118121,15.35170957,-0.002241649,0.028052947
002130.SZ,沃尔核材,深圳,电气设备,20070420,6.2462397,8.145194631,2.617477957,0.000479253,0.029137707
002131.SZ,利欧股份,浙江,互联网,20070427,1.3198211,2.086939597,0.336589118,-0.000568356,0.023752915
002132.SZ,恒星科技,河南,钢加工,20070427,-2.7339256,4.227503356,1.436236942,-0.001007429,0.027234478
002133.SZ,广宇集团,浙江,全国地产,20070427,5.7559533,3.249288591,0.530271947,-0.000228521,0.027471273
002134.SZ,天津普林,天津,元器件,20070516,-1.3768502,9.382268456,1.097285793,-0.000107824,0.028295611
002135.SZ,东南网架,浙江,钢加工,20070530,-2.7339256,7.107959732,2.297202453,-0.001390237,0.024724408
002136.SZ,安纳达,安徽,化工原料,20070530,5.4360824,13.3020323,3.347761015,-0.001238061,0.028157324
002137.SZ,实益达,深圳,元器件,20070613,-1.3768502,6.024469799,1.005395402,-0.000151875,0.031555847
002138.SZ,顺络电子,深圳,元器件,20070613,-1.3768502,27.08159732,4.059948984,-0.000440448,0.022731352
002139.SZ,拓邦股份,深圳,元器件,20070629,-1.3768502,11.63436242,2.62561317,-0.000412296,0.029026565
002140.SZ,东华科技,安徽,建筑工程,20070712,6.1645865,9.782604027,1.908000187,-0.000529146,0.028772064
002141.SZ,*ST贤丰,广东,农业综合,20070720,5.4254327,3.937043011,1.867739111,-0.002157132,0.03400707
002142.SZ,宁波银行,浙江,银行,20070719,6.138913,28.71430311,6.075159417,-0.000474332,0.020371571
002144.SZ,宏达高科,浙江,纺织,20070803,6.4696865,10.15269799,1.148219799,-8.61275E-05,0.024223851
002145.SZ,中核钛白,甘肃,化工原料,20070803,5.4360824,7.228791946,3.315682659,-0.002033338,0.030045454
002146.SZ,荣盛发展,河北,全国地产,20070808,5.7559533,2.536843537,1.079642738,-0.001507914,0.032771986
002148.SZ,北纬科技,北京,互联网,20070810,1.3198211,5.453986577,0.74092907,0.000194733,0.032294896
002149.SZ,西部材料,陕西,小金属,20070810,-2.8607216,15.1922953,2.137818132,-0.00065368,0.026308179
002150.SZ,通润装备,江苏,机械基件,20070810,5.1280627,12.76975709,5.692646579,0.001200428,0.035053582
002151.SZ,北斗星通,北京,通信设备,20070813,5.876211,31.51946309,4.600795248,-0.000697253,0.022203518
002152.SZ,广电运通,广东,IT设备,20070813,6.018636,10.74994631,1.265392645,2.52885E-06,0.020635698
002153.SZ,石基信息,北京,软件服务,20070813,5.631536,14.88918121,6.711228755,-0.00129388,0.034160435
002154.SZ,报喜鸟,浙江,服饰,20070816,3.6204495,4.991489933,0.977703067,-0.000632147,0.02400872
002155.SZ,湖南黄金,湖南,黄金,20070816,6.2743154,13.13838926,2.46699827,0.000287869,0.029083801
002156.SZ,通富微电,江苏,半导体,20070816,-2.3041902,19.76661745,2.864429346,2.99132E-05,0.028660694
002157.SZ,正邦科技,江西,农业综合,20070817,5.4254327,4.652951482,2.47548494,-0.001504526,0.027949964
002158.SZ,汉钟精机,上海,工程机械,20070817,6.1479993,22.49969128,3.486058915,-0.000446496,0.025720942
002159.SZ,三特索道,湖北,旅游服务,20070817,5.9413686,13.43448649,2.377102518,0.00028379,0.028890755
002160.SZ,常铝股份,江苏,铝,20070821,-2.803478,4.163252362,0.72413253,-0.000594262,0.025646407
002161.SZ,远望谷,深圳,通信设备,20070821,5.876211,5.084375839,0.619469439,-7.09133E-05,0.029149822
002162.SZ,悦心健康,上海,陶瓷,20070823,6.5687804,4.321006711,0.778897367,-0.000477339,0.031340728
002163.SZ,海南发展,深圳,装修装饰,20070823,6.4589305,10.33896644,2.462700432,-0.001043363,0.024991181
002164.SZ,宁波东力,浙江,机械基件,20070823,5.1280627,5.521838926,0.942235232,-0.000191317,0.029169393
002165.SZ,红宝丽,江苏,化工原料,20070913,5.4360824,4.472040268,1.008194316,-0.000412842,0.029725351
002166.SZ,莱茵生物,广西,中成药,20070913,0.30637786,8.738161074,1.629233188,-2.78217E-05,0.02841363
002167.SZ,东方锆业,广东,小金属,20070913,-2.8607216,6.955704698,1.176123608,-0.000819123,0.030024536
002168.SZ,ST惠程,重庆,电气设备,20070919,6.2462397,3.89375,0.730557078,-0.000758466,0.033172613
002169.SZ,智光电气,广东,电气设备,20070919,6.2462397,7.939959732,2.203869611,-0.001217066,0.026758899
002170.SZ,芭田股份,深圳,农药化肥,20070919,4.9359045,6.018939597,0.594506055,0.000229893,0.026193871
002171.SZ,楚江新材,安徽,铜,20070921,-2.2392933,8.29461745,1.789515281,-0.000941262,0.024039852
002172.SZ,澳洋健康,江苏,医疗保健,20070921,6.0711374,3.62914094,0.547712067,-0.000569198,0.028697106
002173.SZ,创新医疗,浙江,医疗保健,20070925,6.0711374,7.484201342,1.28704199,0.000174327,0.035657604
002174.SZ,游族网络,福建,互联网,20070925,1.3198211,11.34224161,3.168284948,-0.000560812,0.031157395
002175.SZ,东方智造,广西,电器仪表,20071012,5.9888244,2.828266129,0.578055243,-0.000177181,0.030219643
002176.SZ,江特电机,江西,小金属,20071012,-2.8607216,15.98769128,6.10138355,-0.001572795,0.033899356
002177.SZ,御银股份,广东,其他商业,20071101,5.4766254,3.976069987,1.270152125,-0.000509338,0.035134991
002178.SZ,延华智能,上海,软件服务,20071101,5.631536,4.514536913,0.812759855,0.000126154,0.037640332
002179.SZ,中航光电,河南,元器件,20071101,-1.3768502,56.88872483,20.05207938,-0.00116873,0.026677943
002180.SZ,纳思达,广东,IT设备,20071113,6.018636,37.96491275,11.2935328,-0.000332395,0.025731598
002181.SZ,粤传媒,广东,出版业,20071116,0.7587014,4.513395973,0.820185781,-0.000185924,0.02950794
002182.SZ,宝武镁业,江苏,小金属,20071113,-2.8607216,19.91106326,4.146675553,-0.000594549,0.033946532
002183.SZ,怡亚通,深圳,仓储物流,20071113,5.1189384,5.186120805,1.299460025,-0.000974264,0.025491468
002184.SZ,海得控制,上海,机械基件,20071116,5.1280627,12.75658537,2.410855761,-0.000514034,0.03073744
002185.SZ,华天科技,甘肃,半导体,20071120,-2.3041902,9.49033557,1.64541903,-0.000527452,0.020684397
002186.SZ,全聚德,北京,酒店餐饮,20071120,6.203304,10.62414865,2.397639052,-1.65867E-05,0.027689418
002187.SZ,广百股份,广东,百货,20071122,5.693497,6.876295302,1.399722311,-0.000396663,0.025135755
002188.SZ,中天服务,浙江,房产服务,20071122,5.6273594,5.602083333,1.256755886,0.000293111,0.034780049
002189.SZ,中光学,河南,元器件,20071203,-1.3768502,16.6010604,2.2480924,-0.000123732,0.0296952
002190.SZ,成飞集成,四川,汽车配件,20071203,5.914197,22.58778523,5.193170977,-0.000806184,0.024636437
002191.SZ,劲嘉股份,深圳,广告包装,20071205,6.04935,8.018818792,3.55869837,-0.001330786,0.025821888
002192.SZ,融捷股份,广东,小金属,20071205,-2.8607216,85.8686443,40.25667504,-0.0021772,0.036031148
002193.SZ,如意集团,山东,纺织,20071207,6.4696865,6.172979866,1.752943525,-0.000311456,0.035996593
002194.SZ,武汉凡谷,湖北,通信设备,20071207,5.876211,9.838080537,1.189097401,-0.000397029,0.029889243
002195.SZ,岩山科技,上海,软件服务,20071212,5.631536,2.574067114,0.410398404,0.000322249,0.024929546
002196.SZ,方正电机,浙江,纺织机械,20071212,6.1561155,7.639324324,2.156154568,-0.000913022,0.031858033
002197.SZ,ST证通,深圳,IT设备,20071218,6.018636,9.039784946,2.568276537,-0.001011545,0.032847729
002198.SZ,嘉应制药,广东,中成药,20071218,0.30637786,6.771798658,0.908284592,-0.000186569,0.024781807
002199.SZ,东晶电子,浙江,元器件,20071221,-1.3768502,7.339463087,1.107128652,-0.000316385,0.033797588
002200.SZ,ST交投,云南,建筑工程,20071221,6.1645865,7.66861745,1.243998861,-0.000335528,0.022539859
002201.SZ,正威新材,江苏,玻璃,20071226,6.2391744,12.4342953,6.351286176,-0.00244598,0.03220129
002202.SZ,金风科技,新疆,电气设备,20071226,6.2462397,11.33057718,3.212214309,-0.000589337,0.020935369
002203.SZ,海亮股份,浙江,铜,20080116,-2.2392933,10.93342282,1.436758959,-0.000341209,0.017997728
002204.SZ,大连重工,辽宁,专用机械,20080116,5.9916244,4.79904698,0.934776167,8.47196E-05,0.025628692
002205.SZ,国统股份,新疆,水泥,20080123,6.8144245,9.707154362,2.195703639,-5.05899E-05,0.033466855
002206.SZ,海利得,浙江,化纤,20080123,5.6056967,5.853624161,1.477752587,-0.001162455,0.027469619
002207.SZ,准油股份,新疆,石油开采,20080128,-0.41138357,6.744589502,1.384119233,-0.000187685,0.035731535
002208.SZ,合肥城建,安徽,区域地产,20080128,5.6866717,6.833659864,1.229809834,-0.000562549,0.025701193
002209.SZ,达意隆,广东,轻工机械,20080130,5.8141026,8.473489933,1.508154059,0.000210688,0.031231793
002210.SZ,飞马国际,深圳,环境保护,20080130,5.655056,2.251612903,0.598744609,-0.000471153,0.025387238
002211.SZ,宏达新材,上海,橡胶,20080201,6.791621,3.299676985,0.667198878,-0.000588937,0.033105051
002212.SZ,天融信,广东,软件服务,20080201,5.631536,10.36530201,3.773142596,-0.001662566,0.025965021
002213.SZ,大为股份,深圳,半导体,20080201,-2.3041902,13.70934228,2.548276557,-0.000612981,0.033098381
002214.SZ,大立科技,浙江,电器仪表,20080218,5.9888244,14.07606711,3.077965083,-0.000867661,0.024535673
002215.SZ,诺普信,深圳,农药化肥,20080218,4.9359045,6.842080537,1.037293881,0.000528164,0.023525756
002216.SZ,三全食品,河南,食品,20080220,6.0406103,15.53873826,2.76550823,-0.000401883,0.022308208
002217.SZ,*ST合泰,福建,元器件,20080220,-1.3768502,2.768037889,0.783981271,-0.00127579,0.03195312
002218.SZ,拓日新能,深圳,新型电力,20080228,5.62262,4.948939597,1.258014128,-0.000959201,0.028773259
002219.SZ,新里程,甘肃,医疗保健,20080306,6.0711374,3.438398385,0.894991601,-0.000565657,0.028571682
002221.SZ,东华能源,江苏,石油加工,20080306,5.969803,9.537610738,1.49299608,-0.000419566,0.021441397
002222.SZ,福晶科技,福建,元器件,20080319,-1.3768502,21.03707383,5.519083537,0.000523684,0.029585329
002223.SZ,鱼跃医疗,江苏,医疗保健,20080418,6.0711374,32.45242953,3.922971482,0.000119324,0.022915823
002224.SZ,三力士,浙江,橡胶,20080425,6.791621,4.764496644,0.470665332,-0.000331904,0.020318836
002225.SZ,濮耐股份,河南,其他建材,20080425,5.5222344,4.031114094,0.492780098,-0.000366703,0.021806237
002226.SZ,江南化工,安徽,化工原料,20080506,5.4360824,5.114845638,0.57382794,-0.000458164,0.020025035
002227.SZ,奥特迅,深圳,电气设备,20080506,6.2462397,12.76393289,2.689443265,-0.000786413,0.028904866
002228.SZ,合兴包装,福建,广告包装,20080508,6.04935,3.220899329,0.385817972,-0.000362902,0.017116016
002229.SZ,鸿博股份,福建,广告包装,20080508,6.04935,15.45765101,11.25241057,0.000665168,0.041925188
002230.SZ,科大讯飞,安徽,软件服务,20080512,5.631536,46.51273826,9.615040037,-0.000334346,0.02740702
002231.SZ,奥维通信,辽宁,通信设备,20080512,5.876211,6.227449664,1.388482363,-0.000178483,0.035476879
002232.SZ,启明信息,吉林,软件服务,20080509,5.631536,15.07328859,3.12825526,0.000797655,0.037078412
002233.SZ,塔牌集团,广东,水泥,20080516,6.8144245,8.318590604,1.423587595,-0.000464821,0.017574572
002234.SZ,民和股份,山东,农业综合,20080516,5.4254327,15.1405906,3.836356768,-0.00064329,0.026150971
002235.SZ,安妮股份,福建,造纸,20080516,5.979003,5.924697987,1.581393899,3.99545E-05,0.036220238
002236.SZ,大华股份,浙江,IT设备,20080520,6.018636,17.93155705,3.853668653,-0.000488617,0.026226252
002237.SZ,恒邦股份,山东,黄金,20080520,6.2743154,11.03652349,1.069186893,-0.000251472,0.020290324
002238.SZ,天威视讯,深圳,影视音像,20080526,5.3885503,7.593409396,2.316858952,0.000415386,0.034084133
002239.SZ,奥特佳,江苏,汽车配件,20080522,5.914197,2.84990566,0.438733137,-0.000540248,0.025175582
002240.SZ,盛新锂能,四川,小金属,20080523,-2.8607216,36.70228188,16.33828432,-0.001870532,0.030976231
002241.SZ,歌尔股份,山东,元器件,20080522,-1.3768502,26.33016107,11.55951252,-0.001111047,0.028663491
002242.SZ,九阳股份,山东,家用电器,20080528,6.388499,15.72414765,3.938467117,-0.000956547,0.021033637
002243.SZ,力合科创,深圳,广告包装,20080528,6.04935,8.452684564,1.749884033,-0.000688234,0.026533494
002244.SZ,滨江集团,浙江,区域地产,20080529,5.6866717,8.067489933,1.892416106,0.001076727,0.030920512
002245.SZ,蔚蓝锂芯,江苏,电气设备,20080605,6.2462397,14.64507383,6.406018384,-0.001341323,0.030795154
002246.SZ,北化股份,四川,化工原料,20080605,5.4360824,9.023852349,1.37536361,0.000291064,0.033333615
002247.SZ,聚力文化,浙江,其他建材,20080612,5.5222344,2.313677852,0.511920959,-0.000521468,0.028194321
002248.SZ,华东数控,山东,机床制造,20080612,-2.5901217,8.379006711,1.581560354,-0.000898254,0.034148617
002249.SZ,大洋电机,广东,电气设备,20080619,6.2462397,5.701073826,0.988691394,-0.000622871,0.02057358
002250.SZ,联化科技,浙江,化工原料,20080619,5.4360824,12.66103356,5.483588553,-0.001887263,0.02317297
002251.SZ,ST步步高,湖南,超市连锁,20080619,5.8787456,5.405542005,1.574332118,-0.001203375,0.031574282
002252.SZ,上海莱士,上海,生物制药,20080623,4.419265,6.646483221,0.727099838,7.07577E-05,0.016236217
002253.SZ,川大智胜,四川,软件服务,20080623,5.631536,13.39166443,2.291075702,-0.000378897,0.034672825
002254.SZ,泰和新材,山东,化纤,20080625,5.6056967,17.15165101,4.932406072,-0.001153278,0.024817328
002255.SZ,海陆重工,江苏,专用机械,20080625,5.9916244,5.401395973,0.605263592,-8.0475E-05,0.027013018
002256.SZ,兆新股份,深圳,新型电力,20080625,5.62262,2.709865772,0.808850394,-0.001618947,0.031198809
002258.SZ,利尔化学,四川,农药化肥,20080708,4.9359045,17.80398658,7.77241613,-0.001734104,0.024798426
002259.SZ,ST升达,四川,供气供热,20080716,5.345988,3.156693548,0.478511974,-0.00044298,0.020559683
002261.SZ,拓维信息,湖南,软件服务,20080723,5.631536,11.0365906,4.276206039,0.000930755,0.036710846
002262.SZ,恩华药业,江苏,化学制药,20080723,5.6343184,21.05567785,5.65482196,0.000848269,0.023790016
002263.SZ,大东南,浙江,塑料,20080728,6.4467297,2.812395693,0.48938095,-0.000653836,0.02376829
002264.SZ,新华都,福建,互联网,20080731,1.3198211,5.381087248,0.733846673,0.000360378,0.029174162
002265.SZ,建设工业,云南,专用机械,20080806,5.9916244,12.95087193,3.496779232,0.000329779,0.03391386
002266.SZ,浙富控股,浙江,环境保护,20080806,5.655056,4.34033557,1.193693563,-0.001101547,0.0192118
002267.SZ,陕天然气,陕西,供气供热,20080813,5.345988,7.384778523,0.572440996,-0.000114004,0.019196653
002268.SZ,电科网安,四川,IT设备,20080811,6.018636,31.22452349,11.74017091,-0.001551785,0.031975365
002269.SZ,美邦服饰,上海,服饰,20080828,3.6204495,1.852067114,0.35876209,-0.000634994,0.029737535
002270.SZ,华明装备,山东,电气设备,20080905,6.2462397,11.64343624,4.350071901,0.001189381,0.02819579
002271.SZ,东方雨虹,北京,其他建材,20080910,5.5222344,30.52750336,12.06139169,-0.001897951,0.028655339
002272.SZ,川润股份,四川,机械基件,20080919,5.1280627,6.150214765,0.993528499,-0.000314977,0.036105109
002273.SZ,水晶光电,浙江,元器件,20080919,-1.3768502,13.2849396,2.287339225,0.000327181,0.025883869
002274.SZ,华昌化工,江苏,农药化肥,20080925,4.9359045,8.727597315,1.912256731,-0.000765548,0.022944167
002275.SZ,桂林三金,广西,中成药,20090710,0.30637786,14.49068456,1.701843541,0.000146166,0.022155153
002276.SZ,万马股份,浙江,电气设备,20090710,6.2462397,8.977879195,1.589330796,1.62702E-05,0.026173045
002277.SZ,友阿股份,湖南,百货,20090717,5.693497,3.370713324,0.637931844,-0.000329452,0.026797522
002278.SZ,神开股份,上海,化工机械,20090811,6.008067,5.335315436,0.644600559,-0.000398872,0.027640492
002279.SZ,久其软件,北京,软件服务,20090811,5.631536,5.802751678,1.40004035,0.000220147,0.033097586
002281.SZ,光迅科技,湖北,通信设备,20090821,5.876211,24.95514094,6.862128303,0.000352596,0.031010891
002282.SZ,博深股份,河北,机械基件,20090821,5.1280627,7.685905405,1.107030732,-0.00074686,0.025480696
002283.SZ,天润工业,山东,汽车配件,20090821,5.914197,6.334751678,1.670971797,-0.000546952,0.027014259
002284.SZ,亚太股份,浙江,汽车配件,20090828,5.914197,8.30095302,1.244297111,-0.000130336,0.030136915
002285.SZ,世联行,深圳,房产服务,20090828,5.6273594,2.88938255,0.812273224,-0.001489474,0.031449233
002286.SZ,保龄宝,山东,食品,20090828,6.0406103,9.248161074,2.489581728,-0.000757908,0.02431072
002287.SZ,奇正藏药,西藏,中成药,20090828,0.30637786,23.95143624,2.85071637,-0.000409815,0.020551563
002289.SZ,ST宇顺,深圳,元器件,20090903,-1.3768502,6.318734859,1.960123563,-0.001350084,0.03373123
002290.SZ,禾盛新材,江苏,家用电器,20090903,6.388499,10.04691275,2.435029117,0.000580446,0.028830035
002291.SZ,遥望科技,广东,广告包装,20090903,6.04935,13.27307383,5.466380786,-0.001884619,0.034209245
002292.SZ,奥飞娱乐,广东,影视音像,20090910,5.3885503,6.437449664,1.813918023,0.000162415,0.037643717
002293.SZ,罗莱生活,江苏,纺织,20090910,6.4696865,11.00579866,1.919697049,-0.000636352,0.017794205
002294.SZ,信立泰,深圳,化学制药,20090910,5.6343184,29.33774497,3.856976191,0.000310743,0.021097932
002295.SZ,精艺股份,广东,铜,20090929,-2.2392933,6.786510067,0.827455393,-0.000413642,0.027139494
002296.SZ,辉煌科技,河南,通信设备,20090929,5.876211,7.896791946,0.962056093,0.000125583,0.028588402
002297.SZ,博云新材,湖南,航空,20090929,6.8991065,7.776885906,1.291049718,-0.000556347,0.027310363
002298.SZ,中电兴发,安徽,软件服务,20090929,5.631536,6.190174497,1.117064291,-0.000671783,0.027868712
002299.SZ,圣农发展,福建,农业综合,20091021,5.4254327,19.37390604,3.507328183,-0.000480574,0.020585191
002300.SZ,太阳电缆,福建,电气设备,20091021,6.2462397,7.479020134,1.269027538,-0.000426833,0.027760483
002301.SZ,齐心集团,深圳,文教休闲,20091021,5.1359844,6.673785235,0.944325672,-0.000484398,0.023901903
002302.SZ,西部建设,新疆,水泥,20091103,6.8144245,7.254644295,0.988707701,-0.000416012,0.023064115
002303.SZ,美盈森,深圳,造纸,20091103,5.979003,3.345798658,0.356184133,-0.000114459,0.02076805
002304.SZ,洋河股份,江苏,白酒,20091106,6.3949323,138.0206309,32.45264586,-0.000845936,0.019694765
002305.SZ,南国置业,湖北,区域地产,20091106,5.6866717,2.21485906,0.462077197,7.60354E-05,0.035931578
002306.SZ,中科云网,北京,酒店餐饮,20091111,6.203304,3.589020134,0.704119775,4.77473E-06,0.033483375
002307.SZ,北新路桥,新疆,建筑工程,20091111,6.1645865,4.778926174,0.99440352,-0.00058634,0.025851871
002309.SZ,*ST中利,江苏,电气设备,20091127,6.2462397,4.328425303,1.804107121,-0.001377802,0.033576912
002310.SZ,*ST东园,北京,环境保护,20091127,5.655056,2.149946237,0.533202314,-0.001245989,0.028628759
002311.SZ,海大集团,广东,饲料,20091127,6.365519,54.27692617,9.342466134,-0.000508659,0.017859036
002312.SZ,川发龙蟒,四川,化工原料,20091203,5.4360824,10.14700269,3.001744943,-0.000722293,0.026489238
002313.SZ,日海智能,深圳,通信设备,20091203,5.876211,8.137348587,2.219263153,-0.000600777,0.034918001
002314.SZ,南山控股,深圳,区域地产,20091203,5.6866717,3.285154362,0.710867454,-0.000318009,0.028914961
002315.SZ,焦点科技,江苏,互联网,20091209,1.3198211,23.45990604,8.642934283,0.000571833,0.033721181
002316.SZ,ST亚联,吉林,软件服务,20091209,5.631536,4.241832884,1.167367078,-0.000613961,0.040449192
002317.SZ,众生药业,广东,中成药,20091211,0.30637786,16.1618255,5.667689635,0.000412161,0.037499746
002318.SZ,久立特材,浙江,特种钢,20091211,-2.4360137,17.93471141,2.760113603,0.000351386,0.022413162
002319.SZ,乐通股份,广东,染料涂料,20091211,5.8216114,13.48091521,2.32349687,-0.000533688,0.029112135
002320.SZ,海峡股份,海南,水运,20091216,5.862221,5.767248322,0.577091403,-0.000268801,0.019963743
002321.SZ,华英农业,河南,农业综合,20091216,5.4254327,2.445040431,0.499726712,-0.000634283,0.022241639
002322.SZ,理工能科,浙江,软件服务,20091218,5.631536,11.04181208,2.073632097,0.000398414,0.02597363
002323.SZ,雅博股份,山东,建筑工程,20091218,6.1645865,2.996364865,1.194083362,-0.001480297,0.040549891
002324.SZ,普利特,上海,塑料,20091218,6.4467297,13.02826846,2.904654743,-0.000425563,0.028064222
002326.SZ,永太科技,浙江,化工原料,20091222,5.4360824,23.79539597,15.67811028,-0.002210887,0.032736552
002327.SZ,富安娜,深圳,纺织,20091230,6.4696865,8.485208054,1.120063478,9.38115E-05,0.019683846
002328.SZ,新朋股份,上海,汽车配件,20091230,5.914197,5.646416107,0.654145518,-0.000238819,0.023834933
002329.SZ,皇氏集团,广西,乳制品,20100106,0.12147639,5.525919463,1.581122592,-0.000516503,0.032251428
002330.SZ,得利斯,山东,食品,20100106,6.0406103,6.085946309,1.466722243,-0.000369132,0.027629489
002331.SZ,皖通科技,安徽,软件服务,20100106,5.631536,7.434322148,0.970601938,-0.000439404,0.030707399
002332.SZ,仙琚制药,浙江,化学制药,20100112,5.6343184,11.37285906,1.465417025,0.000200567,0.023132861
002333.SZ,罗普斯金,江苏,其他建材,20100112,5.5222344,5.736026846,0.588230031,5.36174E-05,0.029763798
002334.SZ,英威腾,深圳,电气设备,20100113,6.2462397,8.226107383,2.03507434,-0.00015613,0.02967605
002335.SZ,科华数据,福建,电气设备,20100113,6.2462397,33.40190604,9.292757303,-0.000590547,0.033333029
002336.SZ,*ST人乐,深圳,超市连锁,20100113,5.8787456,8.859364865,4.471882567,-0.000525847,0.043028277
002337.SZ,赛象科技,天津,化工机械,20100115,6.008067,4.766147651,0.926026054,0.00030393,0.031047914
002338.SZ,奥普光电,吉林,电器仪表,20100115,5.9888244,26.4907619,6.204098449,0.000504662,0.032452461
002339.SZ,积成电子,山东,电气设备,20100122,6.2462397,6.876469799,1.013751958,-4.17452E-05,0.033475839
002340.SZ,格林美,深圳,小金属,20100122,-2.8607216,7.570778523,1.769286408,-0.000872836,0.021181531
002342.SZ,巨力索具,河北,机械基件,20100126,5.1280627,3.996161074,0.512585451,-0.000381458,0.023871278
002343.SZ,慈文传媒,江西,影视音像,20100126,5.3885503,6.101798658,1.283896219,0.000297127,0.035429547
002344.SZ,海宁皮城,浙江,商品城,20100126,0.41456166,4.282053691,0.574789534,-0.000159145,0.019897426
002345.SZ,潮宏基,广东,服饰,20100128,3.6204495,5.646738255,1.079052236,-5.67645E-05,0.025602612
002346.SZ,柘中股份,上海,电气设备,20100128,6.2462397,12.99856376,3.60739674,-0.001258792,0.025861333
002347.SZ,泰尔股份,安徽,机械基件,20100128,5.1280627,4.766738255,0.658001591,-0.000314702,0.030027212
002348.SZ,高乐股份,广东,文教休闲,20100203,5.1359844,3.028479139,0.866131049,0.000160039,0.032180453
002349.SZ,精华制药,江苏,中成药,20100203,0.30637786,10.39938255,3.524482826,0.000397642,0.03629733
002350.SZ,北京科锐,北京,电气设备,20100203,6.2462397,6.916885906,1.324362281,-0.000565345,0.033213941
002351.SZ,漫步者,深圳,IT设备,20100205,6.018636,12.55347651,3.601863036,-0.000123982,0.030048901
002352.SZ,顺丰控股,深圳,仓储物流,20100205,5.1189384,48.69263087,9.696818307,-0.000426081,0.019751491
002353.SZ,杰瑞股份,山东,化工机械,20100205,6.008067,33.55712752,6.351948843,-0.000400552,0.025009884
002354.SZ,天娱数科,辽宁,互联网,20100209,1.3198211,4.602348993,1.244608906,-3.3922E-05,0.037368556
002355.SZ,兴民智通,山东,汽车配件,20100209,5.914197,5.047758389,0.839124253,-0.000186946,0.036733742
002356.SZ,赫美集团,深圳,其他商业,20100209,5.4766254,4.792153432,0.908203074,-0.000768547,0.029207665
002357.SZ,富临运业,四川,公共交通,20100210,2.248381,6.140134228,0.808333932,1.6907E-05,0.028713958
002358.SZ,森源电气,河南,电气设备,20100210,6.2462397,3.729516129,0.738787178,0.000268393,0.024390431
002360.SZ,同德化工,山西,化工原料,20100303,5.4360824,7.158832215,1.285618907,-0.000935932,0.023392532
002361.SZ,神剑股份,安徽,化工原料,20100303,5.4360824,4.152348993,0.713702098,-0.000699643,0.024909175
002362.SZ,汉王科技,北京,软件服务,20100303,5.631536,19.45703356,5.741671896,3.94045E-06,0.035131004
002363.SZ,隆基机械,山东,汽车配件,20100305,5.914197,6.681449664,0.993426536,0.000176113,0.030569933
002364.SZ,中恒电气,浙江,电气设备,20100305,6.2462397,7.623865772,1.204452239,-0.00045801,0.026422877
002365.SZ,永安药业,湖北,化学制药,20100305,5.6343184,9.846147651,1.686117751,-0.000313333,0.022991432
002366.SZ,融发核电,四川,专用机械,20100312,5.9916244,4.870525606,0.918178164,-0.000193119,0.033122814
002367.SZ,康力电梯,江苏,运输设备,20100312,6.052139,7.497610738,0.890377734,-0.000514481,0.020093441
002368.SZ,太极股份,北京,软件服务,20100312,5.631536,27.47131544,8.426589789,-0.000286314,0.032891479
002369.SZ,卓翼科技,深圳,通信设备,20100316,5.876211,5.251879195,1.132077599,-0.0004959,0.035866383
002370.SZ,亚太药业,浙江,化学制药,20100316,5.6343184,4.498899329,1.052668586,-0.000401057,0.032239873
002371.SZ,北方华创,北京,半导体,20100316,-2.3041902,286.5078926,42.52522032,-4.63729E-05,0.02926968
002372.SZ,伟星新材,浙江,其他建材,20100318,5.5222344,19.01536913,3.355055751,-0.000484309,0.023534841
002373.SZ,千方科技,北京,软件服务,20100318,5.631536,11.19495302,2.227485027,-0.000790558,0.025723745
002374.SZ,中锐股份,山东,广告包装,20100318,6.04935,4.047275168,1.462906119,-0.000414384,0.036723835
002375.SZ,亚厦股份,浙江,装修装饰,20100323,6.4589305,4.968630872,1.20146461,-0.000901529,0.023822686
002376.SZ,新北洋,山东,IT设备,20100323,6.018636,7.293328859,1.05373296,-0.00037226,0.022393545
002377.SZ,国创高新,湖北,其他建材,20100323,5.5222344,2.744206989,0.526311132,-0.000506022,0.033277223
002378.SZ,章源钨业,江西,小金属,20100331,-2.8607216,7.088375839,1.40899908,-0.000823079,0.027744027
002379.SZ,宏创控股,山东,铝,20100331,-2.803478,4.238322148,0.726568014,0.000496452,0.024519163
002380.SZ,科远智慧,江苏,软件服务,20100331,5.631536,15.92198658,3.049243882,0.000397616,0.034198574
002381.SZ,双箭股份,浙江,橡胶,20100402,6.791621,7.055852349,0.694068653,-0.000153242,0.018469911
002382.SZ,蓝帆医疗,山东,医疗保健,20100402,6.0711374,8.742550336,3.756031593,-0.001893871,0.020463541
002383.SZ,合众思壮,北京,通信设备,20100402,5.876211,6.889006711,0.784369195,1.89578E-05,0.031691173
002384.SZ,东山精密,江苏,元器件,20100409,-1.3768502,21.84727517,4.498097951,0.000139247,0.029715945
002385.SZ,大北农,北京,饲料,20100409,6.365519,7.137275168,1.757955408,-0.000702493,0.024175016
002386.SZ,天原股份,四川,化工原料,20100409,5.4360824,7.512604027,2.91052395,-0.001493352,0.026336207
002387.SZ,维信诺,江苏,元器件,20100413,-1.3768502,7.581918367,1.461966312,-0.000375956,0.027056053
002388.SZ,ST新亚,浙江,元器件,20100413,-1.3768502,5.762986486,1.407637826,-0.00030952,0.035362816
002389.SZ,航天彩虹,浙江,航空,20100413,6.8991065,19.56279195,3.633513509,-0.000619881,0.02589166
002390.SZ,信邦制药,贵州,医药商业,20100416,5.7104278,4.999463087,1.181633634,-0.001309892,0.022811171
002391.SZ,长青股份,江苏,农药化肥,20100416,4.9359045,6.661449664,1.037113858,-0.000474148,0.014870996
002392.SZ,北京利尔,北京,其他建材,20100423,5.5222344,3.817422819,0.524154788,-0.00046609,0.020386202
002393.SZ,力生制药,天津,化学制药,20100423,5.6343184,22.14467114,3.1672491,-0.000278265,0.025426783
002394.SZ,联发股份,江苏,纺织,20100423,6.4696865,7.59095302,0.737845075,-0.000105117,0.021049424
002395.SZ,双象股份,江苏,塑料,20100429,6.4467297,11.44071141,2.533985164,0.000448104,0.035034711
002396.SZ,星网锐捷,福建,通信设备,20100623,5.876211,19.97071141,3.626698068,-0.000697973,0.023472091
002397.SZ,梦洁股份,湖南,纺织,20100429,6.4696865,3.705221477,0.945672649,-0.000838488,0.028441874
002398.SZ,垒知集团,福建,其他建材,20100506,5.5222344,5.628939597,1.150350965,-0.000653117,0.023230573
002399.SZ,海普瑞,深圳,化学制药,20100506,5.6343184,13.03887248,2.637279434,-0.000575645,0.019833973
002400.SZ,省广集团,广东,广告包装,20100506,6.04935,5.073852349,0.583487204,0.000145672,0.029277916
002401.SZ,中远海科,上海,软件服务,20100506,5.631536,14.64875168,5.360668032,0.000715639,0.032953939
002402.SZ,和而泰,深圳,元器件,20100511,-1.3768502,16.11559732,4.399734773,-0.001068371,0.026462378
002403.SZ,爱仕达,浙江,家用电器,20100511,6.388499,7.956402685,1.144017609,2.77141E-05,0.033786538
002404.SZ,嘉欣丝绸,浙江,纺织,20100511,6.4696865,6.040026846,0.560691297,-9.1005E-05,0.021320404
002405.SZ,四维图新,北京,软件服务,20100518,5.631536,11.27413423,2.897284571,-0.000358906,0.027757359
002406.SZ,远东传动,河南,汽车配件,20100518,5.914197,5.624053691,0.676483791,-0.0001956,0.028078536
002407.SZ,多氟多,河南,化工原料,20100518,5.4360824,29.16318121,14.55317656,-0.002042186,0.031506147
002408.SZ,齐翔腾达,山东,化工原料,20100518,5.4360824,7.246222826,2.254241625,-0.001241005,0.02704957
002409.SZ,雅克科技,江苏,半导体,20100525,-2.3041902,60.65402685,10.35503903,-0.000515924,0.030022869
002410.SZ,广联达,北京,软件服务,20100525,5.631536,39.38651007,20.81339802,-0.002099394,0.030163387
002412.SZ,汉森制药,湖南,中成药,20100525,0.30637786,6.173973154,0.687493147,-6.71604E-05,0.025491885
002413.SZ,雷科防务,北京,通信设备,20100528,5.876211,5.16357047,0.894274728,-0.000768808,0.024673678
002414.SZ,高德红外,湖北,电器仪表,20100716,5.9888244,12.12440268,5.958497181,-0.001842352,0.02913245
002415.SZ,海康威视,浙江,IT设备,20100528,6.018636,36.63104698,7.367570304,-0.000784188,0.019726568
002416.SZ,爱施德,深圳,电器连锁,20100528,5.7361727,9.34,1.272348603,-4.2428E-05,0.023177128
002418.SZ,康盛股份,浙江,家用电器,20100601,6.388499,2.998026846,0.566139302,-0.00076322,0.030402424
002419.SZ,天虹股份,深圳,百货,20100601,5.693497,5.796469799,0.813599806,-0.000326426,0.02421904
002420.SZ,毅昌科技,广东,家用电器,20100601,6.388499,6.371436242,1.225450084,-0.000124011,0.032990424
002421.SZ,达实智能,深圳,软件服务,20100603,5.631536,3.272939597,0.49295993,-0.000429852,0.023234863
002422.SZ,科伦药业,四川,化学制药,20100603,5.6343184,25.06724832,5.20849991,0.000658186,0.02109117
002423.SZ,中粮资本,河南,多元金融,20100603,5.611957,7.615932886,0.752516546,0.00027221,0.02376749
002424.SZ,ST百灵,贵州,中成药,20100603,0.30637786,7.017634409,1.602621774,-0.000819539,0.026115055
002425.SZ,ST凯文,广东,互联网,20100608,1.3198211,5.208817204,1.638409004,-0.001763229,0.033544667
002426.SZ,胜利精密,江苏,元器件,20100608,-1.3768502,2.251181208,0.402747888,-0.000506712,0.027578212
002427.SZ,尤夫股份,浙江,化纤,20100608,5.6056967,6.093894879,1.792063265,-0.000721774,0.029642981
002428.SZ,云南锗业,云南,小金属,20100608,-2.8607216,11.66426846,1.449547031,-0.000139497,0.028783306
002429.SZ,兆驰股份,深圳,家用电器,20100610,6.388499,4.613405405,0.715614197,-0.000129218,0.020542297
002430.SZ,杭氧股份,浙江,化工机械,20100610,6.008067,31.02195973,6.026599188,-0.000649673,0.025704772
002431.SZ,棕榈股份,河南,建筑工程,20100610,6.1645865,2.716040268,0.604259098,-0.000657256,0.028459987
002432.SZ,九安医疗,天津,医疗保健,20100610,6.0711374,43.71028188,15.27118579,0.002416962,0.037195523
002434.SZ,万里扬,浙江,汽车配件,20100618,5.914197,8.445167785,2.450445319,-0.000741657,0.028007397
002436.SZ,兴森科技,深圳,元器件,20100618,-1.3768502,12.06534228,1.919428797,-0.000382502,0.030172906
002437.SZ,誉衡药业,黑龙江,化学制药,20100623,5.6343184,2.387275168,0.310556145,-0.000373556,0.023249258
002438.SZ,江苏神通,江苏,机械基件,20100623,5.1280627,12.70061745,2.352574692,-0.000254878,0.027496991
002439.SZ,启明星辰,北京,软件服务,20100623,5.631536,24.03816216,5.464707223,-0.000871411,0.025573448
002440.SZ,闰土股份,浙江,染料涂料,20100706,5.8216114,7.391691275,1.206717571,-0.000550749,0.014868594
002441.SZ,众业达,广东,电气设备,20100706,6.2462397,9.21366443,1.242546972,-0.000222597,0.025770412
002442.SZ,龙星科技,河北,化工原料,20100706,5.4360824,5.426174497,0.888772409,-0.000876279,0.027085133
002443.SZ,金洲管道,浙江,钢加工,20100706,-2.7339256,6.729369128,0.957487895,-9.35195E-05,0.025605925
002444.SZ,巨星科技,浙江,轻工机械,20100713,5.8141026,22.58516779,4.393945126,-0.000200302,0.026717653
002445.SZ,中南文化,江苏,钢加工,20100713,-2.7339256,2.332604027,0.35360081,-0.000379687,0.02548784
002446.SZ,盛路通信,广东,通信设备,20100713,5.876211,7.654563758,1.764793419,2.2402E-05,0.028099522
002448.SZ,中原内配,河南,汽车配件,20100716,5.914197,6.458067114,0.684655765,-0.000194639,0.022824236
002449.SZ,国星光电,广东,半导体,20100716,-2.3041902,8.496657718,1.164074681,-0.000403229,0.024270285
002451.SZ,摩恩电气,上海,电气设备,20100720,6.2462397,6.442402685,0.845866292,-0.00017806,0.028710261
002452.SZ,长高电新,湖南,电气设备,20100720,6.2462397,7.268845638,0.997135418,0.000410215,0.029501155
002453.SZ,华软科技,北京,化工原料,20100720,5.4360824,11.26299329,3.962131436,-0.001091558,0.034640061
002454.SZ,松芝股份,上海,汽车配件,20100720,5.914197,7.392040268,1.353868064,-0.000337788,0.03128636
002455.SZ,百川股份,江苏,化工原料,20100803,5.4360824,9.948483221,3.178503102,-0.001151581,0.032934491
002456.SZ,欧菲光,深圳,元器件,20100803,-1.3768502,7.050993289,1.705847259,0.000257889,0.028329703
002457.SZ,青龙管业,宁夏,塑料,20100803,6.4467297,8.601288591,0.758611461,4.22753E-05,0.02522953
002458.SZ,益生股份,山东,农业综合,20100810,5.4254327,11.05088591,2.123377057,-0.000144977,0.025763809
002459.SZ,晶澳科技,河北,电气设备,20100810,6.2462397,49.39924832,28.5560985,-0.002379981,0.036784293
002460.SZ,赣锋锂业,江西,小金属,20100810,-2.8607216,79.06099329,43.79424253,-0.00247765,0.03083898
002461.SZ,珠江啤酒,广东,啤酒,20100818,6.5069966,8.322778523,0.683197484,-2.81417E-05,0.016413856
002462.SZ,嘉事堂,北京,医药商业,20100818,5.7104278,13.48758389,1.397271656,-0.0001474,0.020880466
002463.SZ,沪电股份,江苏,元器件,20100818,-1.3768502,19.75667114,7.646525596,0.001543791,0.034353894
002465.SZ,海格通信,广东,通信设备,20100831,5.876211,9.988671141,1.13578308,-0.000158003,0.021580095
002466.SZ,天齐锂业,四川,小金属,20100831,-2.8607216,75.20759732,28.06414804,-0.001805803,0.030992823
002467.SZ,二六三,北京,互联网,20100908,1.3198211,4.475516779,0.779798383,-0.000100897,0.02918854
002468.SZ,申通快递,浙江,仓储物流,20100908,5.1189384,9.663932886,1.493573679,0.000570714,0.025653928
002469.SZ,三维化学,山东,化工原料,20100908,5.4360824,6.092067114,0.69721799,-0.00023576,0.02495964
002470.SZ,金正大,山东,农药化肥,20100908,4.9359045,2.065545087,0.478458264,-0.000973481,0.024380621
002471.SZ,中超控股,江苏,电气设备,20100910,6.2462397,2.667852349,0.331598369,-0.000442524,0.024951675
002472.SZ,双环传动,浙江,汽车配件,20100910,5.914197,26.18481879,4.215689876,0.000135368,0.031509026
002474.SZ,榕基软件,福建,软件服务,20100915,5.631536,6.731489933,1.530518767,-0.00016941,0.032794861
002475.SZ,立讯精密,深圳,元器件,20100915,-1.3768502,33.47222819,5.088459046,0.000222273,0.02633996
002476.SZ,宝莫股份,山东,化工原料,20100915,5.4360824,5.013275168,0.802339329,-4.13598E-05,0.027844231
002478.SZ,常宝股份,江苏,钢加工,20100921,-2.7339256,5.527583893,0.970255378,9.04619E-05,0.024234581
002479.SZ,富春环保,浙江,新型电力,20100921,5.62262,4.74990604,0.665869241,-0.000538375,0.019992224
002480.SZ,新筑股份,四川,运输设备,20100921,6.052139,4.776791946,0.82373219,-0.000299273,0.028505577
002481.SZ,双塔食品,山东,食品,20100921,6.0406103,6.204979866,2.014584466,-0.001136701,0.025855153
002482.SZ,广田集团,深圳,装修装饰,20100929,6.4589305,2.081619433,0.355558671,-0.000555715,0.029380273
002483.SZ,润邦股份,江苏,专用机械,20100929,5.9916244,5.764432432,1.090854751,-0.000239573,0.026600128
002484.SZ,江海股份,江苏,元器件,20100929,-1.3768502,19.8814094,4.311712141,-0.000331622,0.029001802
002485.SZ,ST雪发,山东,商贸代理,20101015,5.821426,3.714966353,0.815083359,-0.000744872,0.023621734
002486.SZ,嘉麟杰,上海,服饰,20101015,3.6204495,2.808134228,0.589967316,-0.000396969,0.026162788
002487.SZ,大金重工,辽宁,电气设备,20101015,6.2462397,32.03865772,9.794846781,0.000878686,0.037462114
002488.SZ,金固股份,浙江,汽车配件,20101021,5.914197,6.722644295,1.052273199,0.000337545,0.027899955
002489.SZ,浙江永强,浙江,家居用品,20101021,5.7977047,3.38661745,0.48327411,-0.000277949,0.024103668
002490.SZ,ST墨龙,山东,化工机械,20101021,6.008067,4.057392473,1.026087016,-0.001243545,0.032800015
002491.SZ,通鼎互联,江苏,通信设备,20101021,5.876211,4.98061745,0.89927608,-7.2475E-05,0.028620128
002492.SZ,恒基达鑫,广东,仓储物流,20101102,5.1189384,5.678469799,0.694022729,-0.000393986,0.023720913
002493.SZ,荣盛石化,浙江,化纤,20101102,5.6056967,13.10284564,2.997945122,-0.000881994,0.021338373
002494.SZ,华斯股份,河北,服饰,20101102,3.6204495,4.372187919,0.70022609,-0.000172459,0.031260971
002495.SZ,佳隆股份,广东,食品,20101102,6.0406103,2.476187919,0.437406785,-0.00053452,0.026537882
002496.SZ,辉丰股份,江苏,农药化肥,20101109,4.9359045,2.456169355,0.360484538,-0.00035177,0.028081232
002497.SZ,雅化集团,四川,小金属,20101109,-2.8607216,21.04226846,8.428871184,-0.001557074,0.026622098
002498.SZ,汉缆股份,山东,电气设备,20101109,6.2462397,4.078134228,0.542191276,-0.000405381,0.021677173
002500.SZ,山西证券,山西,证券,20101115,6.0117035,5.614697987,0.528767787,-0.00014631,0.017247263
002501.SZ,利源股份,吉林,铝,20101117,-2.803478,1.697231183,0.409580582,-0.000838122,0.025581971
002506.SZ,协鑫集成,上海,电气设备,20101118,6.2462397,3.093771812,0.678529305,-0.001179369,0.022843901
002507.SZ,涪陵榨菜,重庆,食品,20101123,6.0406103,23.26432215,8.167148105,-0.000848702,0.022744371
002508.SZ,老板电器,浙江,家用电器,20101123,6.388499,27.03318121,4.59771372,-0.000719278,0.023703787
002510.SZ,天汽模,天津,汽车配件,20101125,5.914197,4.081511471,0.395694236,-4.58129E-05,0.025689925
002511.SZ,中顺洁柔,广东,造纸,20101125,5.979003,11.40080537,2.950210927,-0.001190214,0.020327906
002512.SZ,达华智能,福建,IT设备,20101203,6.018636,3.896040268,0.753824852,9.47445E-05,0.033561494
002513.SZ,蓝丰生化,江苏,农药化肥,20101203,4.9359045,5.15582996,1.002107788,-0.000345063,0.032265244
002514.SZ,宝馨科技,江苏,机械基件,20101203,5.1280627,7.855530201,3.320364384,-8.37439E-06,0.038021834
002515.SZ,金字火腿,浙江,食品,20101203,6.0406103,4.668630872,0.565675687,-0.000264822,0.020368205
002516.SZ,旷达科技,江苏,汽车配件,20101207,5.914197,4.882805369,0.718208865,-0.000397958,0.025444199
002517.SZ,恺英网络,福建,互联网,20101207,1.3198211,9.081986577,3.59272414,0.001309643,0.032264182
002518.SZ,科士达,深圳,电气设备,20101207,6.2462397,31.2855302,11.89111838,-0.000635144,0.034294269
002519.SZ,银河电子,江苏,通信设备,20101207,5.876211,4.983006711,0.698643525,0.00025171,0.025931262
002520.SZ,日发精机,浙江,机床制造,20101210,-2.5901217,6.430496644,1.772436327,-0.001085347,0.033563139
002521.SZ,齐峰新材,山东,造纸,20101210,5.979003,7.030013423,2.192734674,0.000669967,0.022616568
002522.SZ,浙江众成,浙江,塑料,20101210,6.4467297,5.187583893,1.206242974,-0.000971946,0.021031576
002523.SZ,天桥起重,湖南,专用机械,20101210,5.9916244,2.83661745,0.325186621,2.6829E-05,0.027555323
002524.SZ,光正眼科,新疆,医疗保健,20101217,6.0711374,6.579932886,1.811984186,-0.001342663,0.026306379
002526.SZ,山东矿机,山东,工程机械,20101217,6.1479993,2.450550336,0.263829517,0.000116951,0.024276895
002527.SZ,新时达,上海,电器仪表,20101224,5.9888244,8.036644295,2.00776256,-0.00043651,0.032379166
002528.SZ,ST英飞拓,深圳,IT设备,20101224,6.018636,5.866034946,3.028364386,-0.000501456,0.040303637
002529.SZ,海源复材,江西,专用机械,20101224,5.9916244,15.35848322,6.850840658,-0.001374086,0.039913668
002530.SZ,金财互联,江苏,专用机械,20101231,5.9916244,7.808469799,1.300735139,0.000210915,0.034223988
002531.SZ,天顺风能,江苏,电气设备,20101231,6.2462397,13.77040268,3.480826569,-0.000598962,0.032147089
002532.SZ,天山铝业,浙江,铝,20101231,-2.803478,7.427234899,1.211984678,-0.000365664,0.026367357
002533.SZ,金杯电工,湖南,电气设备,20101231,6.2462397,7.948536913,1.104821973,0.000113524,0.025280366
002534.SZ,西子洁能,浙江,专用机械,20110110,5.9916244,16.30579866,5.470756193,-0.000781392,0.032919897
002535.SZ,林州重机,河南,工程机械,20110111,6.1479993,2.973306452,1.137598038,0.000804275,0.030546446
002536.SZ,飞龙股份,河南,汽车配件,20110111,5.914197,9.847395973,2.69308437,0.000172517,0.033002226
002537.SZ,海联金汇,山东,汽车配件,20110110,5.914197,7.079932886,1.451573162,-2.36225E-05,0.030462393
002538.SZ,司尔特,安徽,农药化肥,20110118,4.9359045,7.621409396,2.1338771,-0.001004729,0.025190587
002539.SZ,云图控股,四川,农药化肥,20110118,4.9359045,11.10114094,3.158269894,-0.000834423,0.025763524
002540.SZ,亚太科技,江苏,铝,20110118,-2.803478,5.844067114,0.728571825,-7.42778E-05,0.026038203
002541.SZ,鸿路钢构,安徽,钢加工,20110118,-2.7339256,30.99302013,11.40471821,-0.001882158,0.029614534
002542.SZ,中化岩土,北京,建筑工程,20110128,6.1645865,2.667422819,0.487311105,-0.000694209,0.02613845
002543.SZ,万和电气,广东,家用电器,20110128,6.388499,8.734818792,1.371217182,0.000154027,0.026139795
002544.SZ,普天科技,广东,通信设备,20110128,5.876211,21.11424161,3.094277148,0.000537961,0.029244947
002545.SZ,东方铁塔,山东,农药化肥,20110211,4.9359045,8.441167785,1.676859938,-0.000586087,0.022160568
002546.SZ,新联电子,江苏,电气设备,20110211,6.2462397,4.231154362,0.727678965,-0.000244408,0.026261648
002547.SZ,春兴精工,江苏,汽车配件,20110218,5.914197,4.382026846,1.013414753,-0.000408953,0.032918656
002548.SZ,金新农,深圳,饲料,20110218,6.365519,5.827087248,1.116333753,-0.000351601,0.027773158
002549.SZ,凯美特气,湖南,环境保护,20110218,5.655056,12.74787919,4.535259926,-0.000928549,0.031893665
002550.SZ,千红制药,江苏,生物制药,20110218,4.419265,5.492107383,0.653641569,0.000338832,0.02637226
002551.SZ,尚荣医疗,深圳,医疗保健,20110225,6.0711374,4.149194631,0.900556367,-0.000767687,0.027723079
002552.SZ,宝鼎科技,浙江,元器件,20110225,-1.3768502,15.08478912,2.092150876,-0.000194884,0.027847551
002553.SZ,南方精工,江苏,汽车配件,20110225,5.914197,11.51107383,2.169406583,-0.00035264,0.035662857
002554.SZ,惠博普,湖南,石油开采,20110225,-0.41138357,3.352231293,0.587757875,-0.000328949,0.027869755
002555.SZ,三七互娱,安徽,互联网,20110302,1.3198211,21.22828188,5.006877287,-0.000191403,0.030843076
002556.SZ,辉隆股份,安徽,农药化肥,20110302,4.9359045,8.306604027,2.479988323,-0.000919571,0.020922908
002557.SZ,洽洽食品,安徽,食品,20110302,6.0406103,42.96173154,9.590795729,-0.000288576,0.023091382
002558.SZ,巨人网络,重庆,互联网,20110302,1.3198211,10.94138255,2.754482875,6.23707E-06,0.028755503
002559.SZ,亚威股份,江苏,机床制造,20110303,-2.5901217,8.206810811,1.326519081,-0.000191777,0.031063738
002560.SZ,通达股份,河南,电气设备,20110303,6.2462397,6.86695302,1.296915066,-0.000109224,0.028686353
002561.SZ,徐家汇,上海,百货,20110303,5.693497,9.078174497,1.835658783,0.000270597,0.032837678
002562.SZ,兄弟科技,浙江,化学制药,20110310,5.6343184,4.600644295,1.017262489,-3.65738E-06,0.02650903
002563.SZ,森马服饰,浙江,服饰,20110311,3.6204495,6.053395973,0.88961006,-0.000623799,0.018355676
002564.SZ,*ST天沃,江苏,化工机械,20110310,6.008067,4.253793103,0.866201321,-0.000570891,0.03351067
002565.SZ,顺灏股份,上海,造纸,20110318,5.979003,3.765785235,0.871367549,-0.000424024,0.033235343
002566.SZ,益盛药业,吉林,中成药,20110318,0.30637786,7.99033557,0.977133189,-0.000109743,0.026391926
002567.SZ,唐人神,湖南,饲料,20110325,6.365519,7.204107383,1.306903419,-0.000149229,0.02605278
002568.SZ,百润股份,上海,红黄酒,20110325,0.2814862,33.83683221,13.62273526,-0.001707812,0.032192031
002569.SZ,ST步森,浙江,服饰,20110412,3.6204495,6.699597315,0.943868213,-0.000303705,0.022606371
002570.SZ,贝因美,浙江,乳制品,20110412,0.12147639,4.340657718,0.924761214,-0.00074912,0.020752817
002571.SZ,德力股份,安徽,家居用品,20110412,5.7977047,6.168899329,1.146956056,-0.000733801,0.030647534
002572.SZ,索菲亚,广东,家居用品,20110412,5.7977047,18.08581208,2.637889434,-0.000188823,0.02690558
002573.SZ,清新环境,北京,环境保护,20110422,5.655056,5.536966443,1.001438847,-0.000565139,0.021526312
002574.SZ,明牌珠宝,浙江,服饰,20110422,3.6204495,5.427771812,0.908326848,-0.000292831,0.02650233
002575.SZ,群兴玩具,广东,文教休闲,20110422,5.1359844,5.371172507,0.834820061,-1.59395E-05,0.028624601
002576.SZ,通达动力,江苏,电气设备,20110428,6.2462397,15.2218255,3.116387598,-8.18666E-05,0.035581005
002577.SZ,雷柏科技,深圳,IT设备,20110428,6.018636,13.01837584,2.273253712,0.000345101,0.030247133
002578.SZ,闽发铝业,福建,铝,20110428,-2.803478,3.912228188,0.755923473,-0.000380612,0.028346753
002579.SZ,中京电子,广东,元器件,20110506,-1.3768502,8.939825503,1.683827596,-0.00050525,0.03280585
002580.SZ,圣阳股份,山东,电气设备,20110506,6.2462397,8.495973154,1.531158164,-0.000467021,0.028777712
002581.SZ,未名医药,山东,生物制药,20110520,4.419265,15.67825503,3.2024758,-0.000609123,0.0271597
002582.SZ,好想你,河南,食品,20110520,6.0406103,7.399583893,1.107600799,-0.000578895,0.023440891
002583.SZ,海能达,深圳,通信设备,20110527,5.876211,5.291127517,0.779422564,0.00022393,0.026855995
002584.SZ,西陇科学,广东,化工原料,20110602,5.4360824,7.269651007,1.50202091,-3.66154E-05,0.037575328
002585.SZ,双星新材,江苏,塑料,20110602,6.4467297,13.72544966,7.153353909,-0.002237562,0.031545245
002586.SZ,*ST围海,浙江,建筑工程,20110602,6.1645865,3.286433378,0.97093159,-0.000581327,0.026630577
002587.SZ,奥拓电子,深圳,元器件,20110610,-1.3768502,5.768738255,0.98337813,0.0003022,0.031777667
002588.SZ,史丹利,山东,农药化肥,20110610,4.9359045,6.292214765,0.501827367,0.000112884,0.021440053
002589.SZ,瑞康医药,山东,医药商业,20110610,5.7104278,3.599087248,0.723057259,-0.000486004,0.027557355
002590.SZ,万安科技,浙江,汽车配件,20110610,5.914197,10.12888591,2.361233894,0.000800741,0.032839152
002591.SZ,恒大高新,江西,环境保护,20110621,5.655056,5.877342282,1.241661834,-0.000207192,0.034641825
002592.SZ,ST八菱,广西,汽车配件,20111111,5.914197,5.483651007,0.993086227,-0.000841003,0.02616313
002593.SZ,日上集团,福建,钢加工,20110628,-2.7339256,3.647355705,0.439476244,-0.000485787,0.026189564
002594.SZ,比亚迪,深圳,汽车整车,20110630,6.560173,254.8437584,35.91419564,8.64456E-05,0.02277049
002595.SZ,豪迈科技,山东,专用机械,20110628,5.9916244,29.12157047,5.830994292,0.000635399,0.019198305
002596.SZ,海南瑞泽,海南,水泥,20110707,6.8144245,2.977758389,0.777121927,-0.000754848,0.031934285
002597.SZ,金禾实业,安徽,食品,20110707,6.0406103,30.94985235,9.745517269,-0.00065001,0.024517546
002598.SZ,山东章鼓,山东,机械基件,20110707,5.1280627,10.28132886,1.894390625,-0.000792355,0.032009781
002599.SZ,盛通股份,北京,广告包装,20110715,6.04935,5.978765101,1.217711179,-0.00076853,0.037168559
002600.SZ,领益智造,广东,元器件,20110715,-1.3768502,5.820295302,0.867575982,3.91292E-06,0.026405773
002601.SZ,龙佰集团,河南,化工原料,20110715,5.4360824,20.25514094,4.252984912,-0.000811669,0.021879136
002602.SZ,ST华通,浙江,互联网,20110728,1.3198211,5.211530201,1.369489081,-0.000745569,0.028141154
002603.SZ,以岭药业,河北,中成药,20110728,0.30637786,23.7374094,6.459875088,-5.78446E-05,0.030761504
002605.SZ,姚记科技,上海,互联网,20110805,1.3198211,21.7670604,7.002693209,0.000377746,0.033026574
002606.SZ,大连电瓷,辽宁,电气设备,20110805,6.2462397,8.981463087,1.408587576,0.00026294,0.030045196
002607.SZ,中公教育,安徽,文教休闲,20110810,5.1359844,5.019288591,2.304105885,-0.002003568,0.034916572
002608.SZ,江苏国信,江苏,火力发电,20110810,5.2891226,6.788322148,0.646132209,0.000204782,0.019885923
002609.SZ,捷顺科技,深圳,软件服务,20110815,5.631536,9.179798658,1.553534415,-0.000370763,0.028896312
002611.SZ,东方精工,广东,轻工机械,20110830,5.8141026,5.169154362,0.83074229,-0.000164434,0.027333512
002612.SZ,朗姿股份,北京,服饰,20110830,3.6204495,23.61910067,6.063227996,-0.000984399,0.029626173
002613.SZ,北玻股份,河南,专用机械,20110830,5.9916244,4.539234899,0.893118603,-6.52245E-05,0.030847648
002614.SZ,奥佳华,福建,家用电器,20110909,6.388499,8.441302013,2.084045976,-0.001207575,0.022780256
002615.SZ,哈尔斯,浙江,家居用品,20110909,5.7977047,6.505114094,0.801228572,0.000420904,0.029320161
002616.SZ,长青集团,广东,环境保护,20110920,5.655056,5.139463087,0.603575575,-0.000399532,0.025726945
002617.SZ,露笑科技,浙江,电气设备,20110920,6.2462397,9.183489933,3.504709375,-0.000997664,0.028705958
002620.SZ,瑞和股份,深圳,装修装饰,20110929,6.4589305,5.217637584,1.333822546,-0.001285344,0.035605725
002622.SZ,皓宸医疗,吉林,医疗保健,20111018,6.0711374,3.279073826,0.987245857,-0.001471642,0.031654158
002623.SZ,亚玛顿,江苏,玻璃,20111013,6.2391744,28.04902174,7.493837931,-0.001006045,0.030792995
002624.SZ,完美世界,浙江,互联网,20111028,1.3198211,13.59413423,3.359913847,-0.00069512,0.029283029
002625.SZ,光启技术,深圳,航空,20111103,6.8991065,17.18731544,2.60524023,3.84222E-05,0.025701149
002626.SZ,金达威,福建,医疗保健,20111028,6.0711374,20.80334228,5.731223689,-0.001017266,0.025946701
002627.SZ,三峡旅游,湖北,旅游景点,20111103,6.0239387,5.313904762,0.460147609,-0.000165574,0.02007458
002628.SZ,成都路桥,四川,建筑工程,20111103,6.1645865,3.301395973,0.606010385,-0.000449835,0.025008501
002629.SZ,仁智股份,浙江,石油开采,20111103,-0.41138357,3.447432796,0.886199863,-0.000314421,0.034931218
002630.SZ,华西能源,四川,专用机械,20111111,5.9916244,2.609704698,0.381235849,0.000153323,0.030749172
002631.SZ,德尔未来,江苏,家居用品,20111111,5.7977047,5.756577181,1.113323859,-0.001022531,0.026951569
002632.SZ,道明光学,浙江,塑料,20111122,6.4467297,7.07504698,0.739206949,0.0001058,0.029477735
002633.SZ,申科股份,浙江,机械基件,20111122,5.1280627,9.071567568,1.558388268,3.00719E-05,0.029952059
002634.SZ,棒杰股份,浙江,服饰,20111205,3.6204495,6.494228188,2.186900634,-0.00083111,0.029684147
002635.SZ,安洁科技,江苏,元器件,20111125,-1.3768502,14.04957047,1.252255204,0.000297737,0.025491649
002636.SZ,金安国纪,上海,元器件,20111125,-1.3768502,9.275986577,2.497828223,-0.001044351,0.026896895
002637.SZ,赞宇科技,浙江,日用化工,20111125,5.286983,12.50657718,3.354633405,-0.000916841,0.023397459
002638.SZ,勤上股份,广东,家用电器,20111125,6.388499,2.283896458,0.485078377,5.56917E-05,0.029552873
002639.SZ,雪人股份,福建,专用机械,20111205,5.9916244,8.468657718,2.130181557,-0.000387269,0.028164883
002640.SZ,跨境通,山西,互联网,20111208,1.3198211,3.300147849,0.969244328,-4.8947E-05,0.036317662
002641.SZ,公元股份,浙江,塑料,20111208,6.4467297,4.950724832,0.582712429,-0.000259279,0.027449577
002642.SZ,荣联科技,北京,软件服务,20111220,5.631536,6.681275168,1.419247912,0.000473766,0.035799102
002643.SZ,万润股份,山东,化工原料,20111220,5.4360824,16.58277852,3.701678809,-0.001016567,0.024061033
002644.SZ,佛慈制药,甘肃,中成药,20111222,0.30637786,9.328724559,1.870816856,2.42132E-05,0.029287865
002645.SZ,华宏科技,江苏,专用机械,20111220,5.9916244,14.7782953,5.598603721,-0.001414374,0.031853139
002646.SZ,天佑德酒,青海,白酒,20111222,6.3949323,15.06158389,3.192302724,-0.000826479,0.023347542
002647.SZ,*ST仁东,广东,多元金融,20111228,5.611957,6.357704698,1.577410928,-0.000459012,0.032584223
002648.SZ,卫星化学,浙江,化工原料,20111228,5.4360824,22.72500671,10.4416442,-0.001119068,0.030557444
002649.SZ,博彦科技,北京,软件服务,20120106,5.631536,11.41048322,2.125350707,-8.20557E-05,0.028138517
002650.SZ,ST加加,湖南,食品,20120106,6.0406103,3.975255376,1.066629862,-0.000991176,0.025764543
002651.SZ,利君股份,四川,航空,20120106,6.8991065,7.718255034,2.211961535,-0.001327621,0.026657913
002652.SZ,扬子新材,江苏,其他建材,20120119,5.5222344,2.899597315,0.385640229,-0.000162453,0.029452816
002653.SZ,海思科,西藏,化学制药,20120117,5.6343184,22.37562416,4.783057259,0.000965679,0.025320148
002654.SZ,万润科技,深圳,互联网,20120217,1.3198211,7.319838926,3.525694544,0.001371205,0.037837441
002655.SZ,共达电声,山东,元器件,20120217,-1.3768502,12.19269906,1.90440691,3.84045E-05,0.032904096
002656.SZ,*ST摩登,广东,服饰,20120228,3.6204495,2.351628895,0.747908694,-0.001196201,0.030432499
002657.SZ,中科金财,北京,软件服务,20120228,5.631536,14.94281879,2.788047955,0.000415185,0.035017761
002658.SZ,雪迪龙,北京,环境保护,20120309,5.655056,7.644563758,1.23393727,-0.000595149,0.027130099
002659.SZ,凯文教育,北京,文教休闲,20120309,5.1359844,4.20157047,0.530941372,0.000343878,0.031456305
002660.SZ,茂硕电源,深圳,电气设备,20120316,6.2462397,8.327691275,1.033155224,0.000103718,0.030423737
002661.SZ,克明食品,湖南,食品,20120316,6.0406103,10.51546309,1.55707381,-0.00020955,0.019594151
002662.SZ,京威股份,北京,汽车配件,20120309,5.914197,3.468778523,0.388653224,-0.000346338,0.023626372
002663.SZ,普邦股份,广东,建筑工程,20120316,6.1645865,1.823865772,0.239813622,-0.000347328,0.024462652
002664.SZ,信质集团,浙江,汽车配件,20120316,5.914197,15.06134228,2.705470826,-0.000554434,0.028011887
002666.SZ,德联集团,广东,化工原料,20120327,5.4360824,4.907167785,0.662372045,-0.000460507,0.024755101
002667.SZ,威领股份,湖南,小金属,20120329,-2.8607216,16.92232215,7.468161388,-0.00172207,0.04064524
002668.SZ,TCL智家,广东,家用电器,20120416,6.388499,6.708662162,1.64577919,0.00084087,0.025028086
002669.SZ,康达新材,上海,化工原料,20120416,5.4360824,12.45339597,2.535715925,-0.000433405,0.030253988
002670.SZ,国盛金控,江西,证券,20120416,6.0117035,9.100643357,0.852912709,0.000223762,0.028102735
002671.SZ,龙泉股份,山东,水泥,20120426,6.8144245,4.494496644,0.596805605,-1.757E-05,0.029029624
002672.SZ,东江环保,深圳,环境保护,20120426,5.655056,5.758147651,1.100550231,-0.000822779,0.019862481
002673.SZ,西部证券,陕西,证券,20120503,6.0117035,6.781812081,0.635028631,-6.63881E-05,0.016871591
002674.SZ,兴业科技,福建,纺织,20120507,6.4696865,11.20957047,1.256226462,-0.000526734,0.023804077
002675.SZ,东诚药业,山东,化学制药,20120525,5.6343184,14.84616107,2.117212429,-0.000261941,0.024778707
002676.SZ,顺威股份,广东,家用电器,20120525,6.388499,4.252228188,0.411552106,9.55914E-05,0.027467165
002677.SZ,浙江美大,浙江,家用电器,20120525,6.388499,11.76236242,2.686746104,-0.000955151,0.018318891
002678.SZ,珠江钢琴,广东,文教休闲,20120530,5.1359844,5.60390604,0.996264214,-0.000754072,0.024057291
002679.SZ,福建金森,福建,林业,20120605,6.116855,11.18614765,2.180441606,-0.000872223,0.026642624
002681.SZ,奋达科技,深圳,元器件,20120605,-1.3768502,4.192362416,0.614014249,0.000129404,0.027992831
002682.SZ,龙洲股份,福建,仓储物流,20120612,5.1189384,4.545397039,0.866675852,4.9013E-05,0.036894537
002683.SZ,广东宏大,广东,化工原料,20120612,5.4360824,25.29936054,4.494919506,-0.000359591,0.024804793
002685.SZ,华东重机,江苏,机床制造,20120612,-2.5901217,3.664402685,0.601694023,-0.000494254,0.033407383
002686.SZ,亿利达,浙江,专用机械,20120703,5.9916244,5.860590604,0.899354114,-0.000154491,0.027141904
002687.SZ,乔治白,浙江,服饰,20120713,3.6204495,5.29052349,1.029860555,-0.000877303,0.027008875
002688.SZ,金河生物,内蒙,农业综合,20120713,5.4254327,4.880080537,0.702074303,-0.000575567,0.022121705
002689.SZ,远大智能,辽宁,运输设备,20120717,6.052139,3.801033557,0.856310622,-0.000121878,0.034664726
002690.SZ,美亚光电,安徽,专用机械,20120731,5.9916244,24.56228188,7.616586555,-0.001438448,0.023960627
002691.SZ,冀凯股份,河北,专用机械,20120731,5.9916244,5.528604027,0.816981025,0.000198603,0.032038603
002692.SZ,远程股份,江苏,电气设备,20120808,6.2462397,3.711034946,0.416407605,0.000374094,0.022327748
002693.SZ,双成药业,海南,生物制药,20120808,4.419265,6.014952381,1.493967512,0.001738743,0.038475841
002694.SZ,顾地科技,湖北,塑料,20120816,6.4467297,5.050348993,1.174255374,0.000228223,0.031471386
002695.SZ,煌上煌,江西,食品,20120905,6.0406103,10.9887651,2.365211482,-0.000920402,0.021285298
002696.SZ,百洋股份,广西,饲料,20120905,6.365519,5.867879195,0.997134772,-0.000113568,0.025457688
002697.SZ,红旗连锁,四川,超市连锁,20120905,5.8787456,5.133216216,0.46791095,3.70757E-05,0.019460549
002698.SZ,博实股份,黑龙江,化工机械,20120911,6.008067,14.00346309,2.167494424,5.17997E-05,0.022304602
002700.SZ,ST浩源,新疆,供气供热,20120921,5.345988,5.107194631,1.509436552,0.000861426,0.020582557
002701.SZ,奥瑞金,北京,广告包装,20121011,6.04935,4.954778523,0.786084612,-0.000310863,0.017904005
002702.SZ,海欣食品,福建,食品,20121011,6.0406103,5.384510067,0.950308839,-0.000572694,0.027751361
002703.SZ,浙江世宝,浙江,汽车配件,20121102,5.914197,10.07385135,3.550444696,0.001021731,0.037543568
002705.SZ,新宝股份,广东,家用电器,20140121,6.388499,17.79655034,3.12935886,-0.000496573,0.024827669
002706.SZ,良信股份,上海,电气设备,20140121,6.2462397,11.77480537,3.511553855,-0.001088653,0.026285055
002707.SZ,众信旅游,北京,旅游服务,20140123,5.9413686,7.051181208,1.306257356,0.00034367,0.03114269
002708.SZ,光洋股份,江苏,汽车配件,20140121,5.914197,7.056993289,1.187028721,0.000260835,0.03718305
002709.SZ,天赐材料,广东,化工原料,20140123,5.4360824,52.23449664,36.98816196,-0.002734339,0.040305642
002712.SZ,思美传媒,浙江,广告包装,20140123,6.04935,5.10095302,1.181984289,-6.92657E-05,0.033875546
002713.SZ,东易日盛,北京,装修装饰,20140219,6.4589305,6.265879195,1.766066436,-0.001120302,0.035686486
002714.SZ,牧原股份,河南,农业综合,20140128,5.4254327,47.55946309,7.214466573,-4.95262E-05,0.021006197
002715.SZ,登云股份,广东,汽车配件,20140219,5.914197,14.55451701,3.187289856,-0.00013206,0.032097457
002716.SZ,湖南白银,湖南,小金属,20140128,-2.8607216,3.051918367,0.352723918,-0.000208228,0.026568781
002717.SZ,岭南股份,广东,环境保护,20140219,5.655056,2.861241565,0.782448736,-0.000371095,0.038323446
002718.SZ,友邦吊顶,浙江,其他建材,20140128,5.5222344,13.82794631,2.144583123,-0.000275021,0.027554693
002719.SZ,麦趣尔,新疆,乳制品,20140128,0.12147639,9.238575269,2.104080599,-0.000583936,0.035920523
002721.SZ,ST金一,北京,服饰,20140127,3.6204495,3.171940701,0.478955799,-0.000124354,0.030338631
002722.SZ,物产金轮,江苏,钢加工,20140128,-2.7339256,13.80831989,1.417852811,7.57719E-06,0.024886521
002723.SZ,小崧股份,广东,家用电器,20140129,6.388499,11.32473826,3.152471205,-0.001160084,0.033854968
002724.SZ,海洋王,深圳,元器件,20141104,-1.3768502,9.844832215,3.832155336,-0.001700294,0.027033969
002725.SZ,跃岭股份,浙江,汽车配件,20140129,5.914197,9.42190604,1.425288451,0.000306638,0.036319202
002726.SZ,龙大美食,山东,食品,20140626,6.0406103,8.627100671,1.290120825,-0.000531334,0.018475363
002727.SZ,一心堂,云南,医药商业,20140702,5.7104278,25.35928859,6.495760644,-0.001125045,0.025496579
002728.SZ,特一药业,广东,中成药,20140731,0.30637786,15.63272483,5.092328746,-0.000505318,0.03970274
002729.SZ,好利科技,福建,元器件,20140912,-1.3768502,29.05292517,14.55051984,-0.001886673,0.037420978
002730.SZ,电光科技,浙江,专用机械,20141009,5.9916244,8.766013423,1.445083368,-0.000743024,0.026076467
002731.SZ,萃华珠宝,辽宁,服饰,20141104,3.6204495,12.75609756,4.054877687,0.0004086,0.034169173
002732.SZ,燕塘乳业,广东,乳制品,20141205,0.12147639,20.15669799,3.850997545,-0.000819767,0.021258276
002733.SZ,雄韬股份,深圳,电气设备,20141203,6.2462397,15.83965101,3.04201385,-0.000713481,0.028514188
002734.SZ,利民股份,江苏,农药化肥,20150127,4.9359045,9.387637584,1.863433371,-0.000554167,0.024006276
002735.SZ,王子新材,深圳,塑料,20141203,6.4467297,17.47120805,5.914958043,-0.000959481,0.034562146
002736.SZ,国信证券,深圳,证券,20141229,6.0117035,9.502136054,0.975745608,-0.000221732,0.014618092
002737.SZ,葵花药业,黑龙江,中成药,20141230,0.30637786,21.45975839,4.789728054,0.000530828,0.025696502
002738.SZ,中矿资源,北京,小金属,20141230,-2.8607216,60.44204027,23.98166075,-0.000807322,0.038449731
002739.SZ,万达电影,北京,影视音像,20150122,5.3885503,12.92825676,1.501613048,-0.00031627,0.024540192
002741.SZ,光华科技,广东,化工原料,20150216,5.4360824,16.80758389,4.081415896,-0.000845454,0.028411268
002742.SZ,ST三圣,重庆,水泥,20150217,6.8144245,4.505994624,1.64264594,-0.001008218,0.02874381
002743.SZ,富煌钢构,安徽,钢加工,20150217,-2.7339256,5.647409396,1.074811124,-0.000846874,0.022313761
002745.SZ,木林森,广东,元器件,20150217,-1.3768502,9.868872483,2.521212813,-0.00096699,0.022655037
002746.SZ,仙坛股份,山东,农业综合,20150216,5.4254327,7.947369128,1.38059762,-0.000180339,0.024409096
002747.SZ,埃斯顿,江苏,机械基件,20150320,5.1280627,20.81287248,4.574109651,-0.000911936,0.030491996
002748.SZ,ST世龙,江西,化工原料,20150319,5.4360824,10.24673387,2.607204833,-0.000354532,0.035154029
002749.SZ,国光股份,四川,农药化肥,20150320,4.9359045,11.08297987,2.398553659,0.000447048,0.022017178
002750.SZ,*ST龙津,云南,中成药,20150324,0.30637786,9.51516129,3.843751669,-0.001610461,0.040400102
002752.SZ,昇兴股份,福建,广告包装,20150422,6.04935,5.195691275,0.650072028,-0.00013698,0.023192074
002753.SZ,永东股份,山西,化工原料,20150519,5.4360824,8.002416107,1.562682871,-0.000809003,0.027504907
002755.SZ,奥赛康,北京,化学制药,20150515,5.6343184,9.882943548,1.354639033,-0.000164051,0.02617914
002756.SZ,永兴材料,浙江,小金属,20150515,-2.8607216,85.8141745,39.11303734,-0.00139999,0.035040507
002757.SZ,南兴股份,广东,专用机械,20150527,5.9916244,13.59795973,1.85394461,-0.000313688,0.02839232
002758.SZ,浙农股份,浙江,批发业,20150527,0.13268599,11.70115436,2.381451963,-0.000183183,0.026576266
002759.SZ,天际股份,广东,电气设备,20150528,6.2462397,17.92651007,9.108814599,-0.002230459,0.029221444
002760.SZ,凤形股份,江西,机械基件,20150611,5.1280627,20.84018792,4.032586748,-0.000575702,0.028765562
002761.SZ,浙江建投,浙江,建筑工程,20150610,6.1645865,15.98775676,8.247881581,0.000137276,0.034689427
002762.SZ,金发拉比,广东,服饰,20150610,3.6204495,8.797651007,2.219664434,-0.000587178,0.034831105
002763.SZ,汇洁股份,深圳,服饰,20150610,3.6204495,8.100268456,1.006438778,-0.000546358,0.022178458
002765.SZ,蓝黛科技,重庆,元器件,20150612,-1.3768502,7.405114094,1.872010095,-0.00041924,0.032157524
002766.SZ,索菱股份,深圳,汽车配件,20150611,5.914197,5.221238223,0.801173887,4.51158E-05,0.035002681
002767.SZ,先锋电子,浙江,电器仪表,20150612,5.9888244,12.79983893,1.72240766,-0.000113264,0.030940884
002768.SZ,国恩股份,山东,塑料,20150630,6.4467297,23.98279195,3.771552687,-0.000404494,0.02081344
002769.SZ,普路通,深圳,仓储物流,20150629,5.1189384,7.489275168,1.465928826,-0.000188594,0.032394157
002771.SZ,真视通,北京,软件服务,20150629,5.631536,14.62296644,5.262411001,0.000733471,0.04003901
002772.SZ,众兴菌业,甘肃,种植业,20150626,0.24632932,8.085583893,1.409139413,-0.000786405,0.024382827
002773.SZ,康弘药业,四川,化学制药,20150626,5.6343184,17.56820134,2.235796264,7.29775E-05,0.021782366
002774.SZ,快意电梯,广东,运输设备,20170324,6.052139,7.569798658,1.093091988,-0.000772365,0.025858315
002775.SZ,文科股份,广东,建筑工程,20150629,6.1645865,3.637581081,0.740890159,-0.000573588,0.029093157
002777.SZ,久远银海,四川,软件服务,20151231,5.631536,20.99397315,6.595866867,-0.000366281,0.036698721
002778.SZ,中晟高科,江苏,环境保护,20160106,5.655056,14.1595302,2.591130378,-0.000632673,0.026082502
002779.SZ,中坚科技,浙江,农用机械,20151209,6.1171265,24.6421745,5.516811584,0.001466435,0.030929058
002780.SZ,三夫户外,北京,服饰,20151209,3.6204495,12.85734228,2.517440493,-0.000930972,0.02883726
002782.SZ,可立克,深圳,元器件,20151222,-1.3768502,14.34855034,3.345392079,-5.06373E-05,0.032311367
002783.SZ,凯龙股份,湖北,化工原料,20151209,5.4360824,8.851691275,0.992359162,-0.000381823,0.027345616
002785.SZ,万里石,福建,其他建材,20151223,5.5222344,25.41569128,3.216408759,0.000446597,0.028099704
002786.SZ,银宝山新,深圳,专用机械,20151223,5.9916244,7.81148248,2.579897938,0.000381246,0.03957178
002787.SZ,华源控股,江苏,广告包装,20151231,6.04935,6.95347651,1.214468497,0.000308386,0.026102045
002788.SZ,鹭燕医药,福建,医药商业,20160218,5.7104278,8.445288591,0.843971317,8.28454E-05,0.020044765
002789.SZ,建艺集团,深圳,装修装饰,20160311,6.4589305,13.03814765,2.724837384,-0.00032804,0.033882293
002790.SZ,瑞尔特,福建,家居用品,20160308,5.7977047,9.131516779,1.825064363,0.000413687,0.029735986
002791.SZ,坚朗五金,广东,其他建材,20160329,5.5222344,79.35362416,41.93506523,-0.002325015,0.033019943
002792.SZ,通宇通讯,广东,通信设备,20160328,5.876211,14.16573154,2.419847821,-0.000457648,0.033303479
002793.SZ,罗欣药业,山东,化学制药,20160415,5.6343184,6.827073826,1.971491719,-0.001110714,0.028429327
002795.SZ,永和智控,浙江,机械基件,20160428,5.1280627,8.580364372,2.818599327,-0.001483465,0.036957531
002796.SZ,世嘉科技,江苏,通信设备,20160510,5.876211,9.616711409,1.637881468,8.47116E-06,0.037101557
002797.SZ,第一创业,深圳,证券,20160511,6.0117035,5.975986577,0.596481056,-4.1044E-05,0.018085841
002798.SZ,帝欧家居,四川,家居用品,20160525,5.7977047,7.874684564,3.284388364,-0.001819106,0.027421678
002799.SZ,环球印务,陕西,广告包装,20160608,6.04935,10.99828188,2.547586091,-0.000860035,0.029395239
002800.SZ,天顺股份,新疆,仓储物流,20160530,5.1189384,16.7254251,4.573529921,-0.000353144,0.03700236
002801.SZ,微光股份,浙江,电气设备,20160622,6.2462397,23.21519463,3.968400791,0.000169711,0.027121769
002802.SZ,洪汇新材,江苏,化工原料,20160629,5.4360824,14.72771812,5.009449823,-0.001204389,0.031602655
002803.SZ,吉宏股份,福建,互联网,20160712,1.3198211,16.20530201,3.798315833,-0.000476798,0.034437288
002805.SZ,丰元股份,山东,电气设备,20160707,6.2462397,28.38116779,14.51445159,-0.00119594,0.040572443
002806.SZ,华锋股份,广东,汽车配件,20160726,5.914197,11.74571812,2.083216741,-0.000722475,0.03537538
002807.SZ,江阴银行,江苏,银行,20160902,6.138913,3.953436242,0.284172547,4.47496E-05,0.014279155
002808.SZ,ST恒久,江苏,元器件,20160812,-1.3768502,6.776639785,3.441160482,-0.001762158,0.037220997
002809.SZ,红墙股份,广东,化工原料,20160823,5.4360824,9.745852349,1.331317605,-0.000502819,0.024047659
002810.SZ,山东赫达,山东,化工原料,20160826,5.4360824,27.99283221,14.40158161,-0.001577726,0.028084912
002811.SZ,郑中设计,深圳,装修装饰,20160908,6.4589305,8.114939597,0.993786085,-0.000112144,0.03006394
002812.SZ,恩捷股份,云南,电气设备,20160914,6.2462397,134.875745,84.82003411,-0.00292212,0.029616443
002813.SZ,路畅科技,深圳,汽车配件,20161012,5.914197,29.32552957,4.242661428,0.000102797,0.033337387
002815.SZ,崇达技术,深圳,元器件,20161012,-1.3768502,11.21841611,2.266228669,-0.000515205,0.025390338
002816.SZ,和科达,深圳,专用机械,20161025,5.9916244,13.97144986,3.880613359,-0.000701979,0.026487904
002817.SZ,黄山胶囊,安徽,化学制药,20161025,5.6343184,8.41947651,1.789309238,-0.000725038,0.028699736
002818.SZ,富森美,四川,其他商业,20161109,5.4766254,12.84914094,0.912845788,-1.92474E-05,0.018877097
002819.SZ,东方中科,北京,电器仪表,20161111,5.9888244,27.84616107,5.222655957,-0.000631079,0.0327666
002820.SZ,桂发祥,天津,食品,20161118,6.0406103,9.520832215,1.450667201,-0.000327449,0.026986884
002821.SZ,凯莱英,天津,生物制药,20161118,4.419265,185.9243758,112.7882057,-0.002067814,0.031395109
002822.SZ,ST中装,深圳,装修装饰,20161129,6.4589305,4.315739247,1.439604679,-0.001369559,0.030306275
002823.SZ,凯中精密,深圳,机械基件,20161124,5.1280627,10.76257718,1.348902706,0.000264439,0.028798611
002824.SZ,和胜股份,广东,铝,20170112,-2.803478,28.64722148,12.13872686,-0.001124209,0.038222453
002825.SZ,纳尔股份,上海,化工原料,20161129,5.4360824,11.78075676,4.415681028,-0.001107263,0.036095657
002826.SZ,易明医药,西藏,化学制药,20161209,5.6343184,10.13198658,1.350444401,-2.03772E-05,0.025726125
002827.SZ,高争民爆,西藏,化工原料,20161209,5.4360824,13.04888591,4.436764535,0.001283171,0.030517246
002828.SZ,贝肯能源,新疆,石油开采,20161208,-0.41138357,8.929234899,1.281034772,-1.81525E-05,0.034652207
002829.SZ,星网宇达,北京,航空,20161213,6.8991065,30.60155705,8.049164653,-0.000881723,0.033738061
002830.SZ,名雕股份,深圳,装修装饰,20161213,6.4589305,11.6834094,1.597796677,-6.20826E-06,0.029585836
002831.SZ,裕同科技,深圳,广告包装,20161216,6.04935,27.4374094,3.151428312,-0.000184871,0.018511177
002832.SZ,比音勒芬,广东,服饰,20161223,3.6204495,27.3785906,4.707058875,-0.000182065,0.020675995
002833.SZ,弘亚数控,广东,专用机械,20161228,5.9916244,19.90873826,5.920084687,-0.001121934,0.026297215
002835.SZ,同为股份,深圳,IT设备,20161228,6.018636,13.8710604,3.168821238,0.000572499,0.033899673
002836.SZ,新宏泽,广东,广告包装,20161229,6.04935,8.468053691,1.436691651,-0.000315504,0.029641227
002837.SZ,英维克,深圳,专用机械,20161229,5.9916244,30.43610738,6.188604893,-0.000450073,0.039901445
002838.SZ,道恩股份,山东,塑料,20170106,6.4467297,15.62900671,4.346258041,-0.000530098,0.026616057
002839.SZ,张家港行,江苏,银行,20170124,6.138913,4.776322148,0.782607754,-0.000467776,0.015402384
002840.SZ,华统股份,浙江,食品,20170110,6.0406103,16.77695302,3.348766179,0.000485962,0.029584081
002841.SZ,视源股份,广东,元器件,20170119,-1.3768502,58.3506443,16.98372254,-0.001258654,0.021232538
002842.SZ,翔鹭钨业,广东,小金属,20170119,-2.8607216,8.235261745,1.581920439,-0.000972365,0.02695546
002843.SZ,泰嘉股份,湖南,钢加工,20170120,-2.7339256,16.60226846,5.187971,0.000510358,0.03662352
002845.SZ,同兴达,深圳,元器件,20170125,-1.3768502,17.47736913,5.266360969,-0.001252261,0.033833177
002846.SZ,英联股份,广东,广告包装,20170207,6.04935,8.497798658,1.91728309,-0.000117913,0.033370137
002847.SZ,盐津铺子,湖南,食品,20170208,6.0406103,79.40550336,23.1173302,-0.0002538,0.032235297
002848.SZ,高斯贝尔,湖南,家用电器,20170213,6.388499,9.531792453,1.596288676,-0.000126764,0.033987199
002849.SZ,威星智能,浙江,电器仪表,20170217,5.9888244,15.01253691,3.496191343,-2.50424E-05,0.031707556
002850.SZ,科达利,深圳,电气设备,20170302,6.2462397,116.9064161,30.48194728,-0.000355961,0.032833121
002851.SZ,麦格米特,深圳,电气设备,20170306,6.2462397,27.50028188,4.027314041,-0.000197869,0.027732061
002852.SZ,道道全,湖南,食品,20170310,6.0406103,11.61034899,2.607408415,-0.000787113,0.027075685
002853.SZ,皮阿诺,广东,家居用品,20170310,5.7977047,14.28821477,4.278219458,-0.001133921,0.030928482
002855.SZ,捷荣技术,广东,元器件,20170321,-1.3768502,15.27116779,9.820828678,0.00110574,0.038275206
002856.SZ,美芝股份,深圳,装修装饰,20170320,6.4589305,10.34267114,1.837884472,-0.000419939,0.031467668
002857.SZ,三晖电气,河南,电器仪表,20170323,5.9888244,15.30947651,2.817479402,-0.000375453,0.031231971
002858.SZ,力盛体育,上海,文教休闲,20170324,5.1359844,14.74516779,4.161325233,-0.000476878,0.035748812
002859.SZ,洁美科技,浙江,元器件,20170407,-1.3768502,25.88457718,4.495261438,-0.000703449,0.023560691
002860.SZ,星帅尔,浙江,家用电器,20170412,6.388499,14.17363758,4.225793182,-0.001178522,0.032497484
002861.SZ,瀛通通讯,湖北,元器件,20170413,-1.3768502,11.32139597,1.431866004,6.12827E-05,0.03519848
002862.SZ,实丰文化,广东,文教休闲,20170411,5.1359844,14.71402685,2.542343851,4.52292E-05,0.032821111
002863.SZ,今飞凯达,浙江,汽车配件,20170418,5.914197,5.414456376,0.814508068,-0.000294643,0.025095462
002864.SZ,盘龙药业,陕西,中成药,20171116,0.30637786,34.38687248,7.758565836,0.000190345,0.034701192
002865.SZ,钧达股份,海南,电气设备,20170425,6.2462397,99.34281879,53.94590617,0.000419345,0.043516607
002866.SZ,传艺科技,江苏,IT设备,20170426,6.018636,21.84318121,11.20787694,0.000195445,0.036810793
002867.SZ,周大生,深圳,服饰,20170427,3.6204495,15.56186577,2.500178087,-0.000578017,0.021763151
002868.SZ,绿康生化,福建,农业综合,20170503,5.4254327,23.13774497,13.19721068,0.00037863,0.038312573
002869.SZ,金溢科技,深圳,通信设备,20170515,5.876211,19.95194631,4.869905675,0.000706993,0.035137841
002870.SZ,香山股份,广东,汽车配件,20170515,5.914197,31.83212081,3.478985038,-8.18385E-06,0.027947411
002871.SZ,伟隆股份,山东,机械基件,20170511,5.1280627,11.13103356,2.265399305,-0.000184605,0.032218497
002872.SZ,ST天圣,重庆,医药商业,20170519,5.7104278,4.88452349,0.568070986,-0.000327638,0.017112877
002873.SZ,新天药业,贵州,中成药,20170519,0.30637786,14.24012245,3.60310105,-0.000860677,0.036318621
002875.SZ,安奈儿,深圳,服饰,20170601,3.6204495,12.00961074,3.656783758,0.000657948,0.037844884
002876.SZ,三利谱,深圳,元器件,20170525,-1.3768502,37.50842953,11.88425992,-0.00131959,0.032811636
002877.SZ,智能自控,江苏,机械基件,20170605,5.1280627,8.058174497,1.633532157,8.89445E-05,0.03101006
002878.SZ,元隆雅图,北京,广告包装,20170606,6.04935,16.71495302,3.148479797,-0.000539811,0.035368004
002879.SZ,长缆科技,湖南,电气设备,20170707,6.2462397,15.89162416,3.120411413,-0.00059964,0.02731438
002880.SZ,卫光生物,深圳,生物制药,20170616,4.419265,30.03772973,3.822335184,-0.000159948,0.021522752
002881.SZ,美格智能,深圳,元器件,20170622,-1.3768502,30.93818792,7.719399199,-0.000420875,0.034751639
002882.SZ,金龙羽,深圳,电气设备,20170717,6.2462397,13.57669799,2.871639662,0.000207341,0.036954102
002883.SZ,中设股份,江苏,建筑工程,20170620,6.1645865,11.05791892,1.550933716,-0.000201446,0.031520991
002884.SZ,凌霄泵业,广东,机械基件,20170711,5.1280627,18.72437584,2.928513774,-0.000199247,0.020380828
002885.SZ,京泉华,深圳,元器件,20170627,-1.3768502,22.36147651,9.35226443,-9.22143E-05,0.040136476
002886.SZ,沃特股份,深圳,塑料,20170627,6.4467297,19.05967785,4.28402605,-0.000526017,0.033737131
002887.SZ,绿茵生态,天津,环境保护,20170801,5.655056,8.574550336,1.252533709,-0.000723199,0.024334586
002888.SZ,惠威科技,广东,元器件,20170721,-1.3768502,14.0634094,2.694253178,0.000310038,0.037789328
002889.SZ,东方嘉盛,深圳,仓储物流,20170731,5.1189384,22.78355705,3.378557877,-0.000398793,0.03622735
002890.SZ,弘宇股份,山东,农用机械,20170802,6.1171265,15.28669799,3.351861719,-0.000803918,0.029693341
002891.SZ,中宠股份,山东,饲料,20170821,6.365519,24.32151678,3.091733425,-0.000362278,0.022505593
002892.SZ,科力尔,湖南,电气设备,20170817,6.2462397,15.26421477,5.37124995,-0.00135748,0.041137136
002893.SZ,京能热力,北京,供气供热,20170915,5.345988,9.648486486,1.370617387,5.37758E-05,0.030293489
002895.SZ,川恒股份,贵州,化工原料,20170825,5.4360824,23.81389262,6.28373054,-0.000788708,0.031506038
002896.SZ,中大力德,浙江,机械基件,20170829,5.1280627,27.68841611,6.660761437,0.000297864,0.036973003
002897.SZ,意华股份,浙江,元器件,20170907,-1.3768502,43.06394631,10.27550655,-0.00022708,0.039006842
002898.SZ,赛隆药业,广东,化学制药,20170912,5.6343184,11.30726174,1.704860467,1.77665E-05,0.035705857
002899.SZ,英派斯,山东,文教休闲,20170915,5.1359844,13.90978523,1.471109579,9.16899E-06,0.023060163
002900.SZ,哈三联,黑龙江,化学制药,20170922,5.6343184,13.61020134,3.603208709,-0.001129851,0.029922241
002901.SZ,大博医疗,福建,医疗保健,20170922,6.0711374,36.3064698,7.494280294,-0.000702614,0.026579964
002902.SZ,铭普光磁,广东,通信设备,20170929,5.876211,18.4189396,5.787424662,0.000560725,0.038612291
002903.SZ,宇环数控,湖南,机床制造,20171013,-2.5901217,19.47681879,4.014166004,-0.000204471,0.035952911
002905.SZ,金逸影视,广东,影视音像,20171016,5.3885503,8.24914094,1.701651179,-0.000129604,0.034454488
002906.SZ,华阳集团,广东,汽车配件,20171013,5.914197,36.33471141,9.422447757,-0.000468782,0.032611269
002907.SZ,华森制药,重庆,中成药,20171020,0.30637786,15.32712752,3.6387922,9.65069E-05,0.034820229
002908.SZ,德生科技,广东,软件服务,20171020,5.631536,13.92075168,3.908407188,-0.000913054,0.034554596
002909.SZ,集泰股份,广东,化工原料,20171026,5.4360824,7.441328859,2.22378467,-0.000545996,0.028757238
002910.SZ,庄园牧场,甘肃,乳制品,20171031,0.12147639,10.43983893,2.07094064,-0.00045358,0.027189382
002911.SZ,佛燃能源,广东,供气供热,20171122,5.345988,11.60189262,1.620469297,4.33614E-05,0.028320438
002912.SZ,中新赛克,深圳,IT设备,20171121,6.018636,29.18377181,8.194768944,-0.000896565,0.030938771
002913.SZ,奥士康,湖南,元器件,20171201,-1.3768502,38.98927517,18.96744631,-0.001717598,0.037787522
002915.SZ,中欣氟材,浙江,化工原料,20171205,5.4360824,18.18111409,5.857355427,-0.001357854,0.036094664
002916.SZ,深南电路,深圳,元器件,20171213,-1.3768502,87.16689933,15.34741173,0.000144162,0.024177851
002917.SZ,金奥博,深圳,化工原料,20171208,5.4360824,9.936666667,1.505054487,-3.17206E-06,0.030793435
002918.SZ,蒙娜丽莎,广东,陶瓷,20171219,6.5687804,16.10354362,4.879730052,-0.001604362,0.031054071
002919.SZ,名臣健康,广东,互联网,20171218,1.3198211,29.30162416,9.61398723,-0.001330788,0.037449402
002920.SZ,德赛西威,广东,汽车配件,20171226,5.914197,122.2587785,23.15936511,0.000283364,0.033265033
002921.SZ,联诚精密,山东,汽车配件,20171227,5.914197,14.34692617,2.42677611,-0.000612361,0.02851847
002922.SZ,伊戈尔,广东,电气设备,20171229,6.2462397,16.83860403,3.182711815,0.00059006,0.034582408
002923.SZ,润都股份,广东,化学制药,20180105,5.6343184,16.72359732,6.085061622,-0.001624857,0.032570811
002925.SZ,盈趣科技,福建,元器件,20180115,-1.3768502,20.23398658,6.130209641,-0.001207295,0.021706418
002926.SZ,华西证券,四川,证券,20180205,6.0117035,8.057409396,0.895000676,-0.000296218,0.01818506
002927.SZ,泰永长征,贵州,电气设备,20180223,6.2462397,12.28072483,1.632597133,8.31911E-05,0.032535389
002928.SZ,华夏航空,贵州,空运,20180302,6.24253,9.426845638,2.463845366,-0.000460357,0.025159263
002929.SZ,润建股份,广西,通信设备,20180301,5.876211,36.22842953,5.683589334,3.42284E-05,0.029327014
002930.SZ,宏川智慧,广东,仓储物流,20180328,5.1189384,19.5867651,3.79734852,-0.000555547,0.022216392
002931.SZ,锋龙股份,浙江,机械基件,20180403,5.1280627,11.87671622,2.053724074,-0.000552644,0.031220745
002932.SZ,明德生物,湖北,医疗保健,20180710,6.0711374,49.7986443,28.41533679,-0.001862918,0.039020172
002933.SZ,新兴装备,北京,航空,20180828,6.8991065,28.04253369,3.889649131,-4.50793E-05,0.032293742
002935.SZ,天奥电子,四川,航空,20180903,6.8991065,22.6649396,6.529136951,-0.000535481,0.033506951
002936.SZ,郑州银行,河南,银行,20180919,6.138913,2.421248322,0.487805789,-0.000770752,0.01177283
002937.SZ,兴瑞科技,浙江,元器件,20180926,-1.3768502,20.97252349,3.939331628,0.000503824,0.030170061
002938.SZ,鹏鼎控股,深圳,元器件,20180918,-1.3768502,28.78213423,6.024153546,4.62509E-05,0.025090024
002939.SZ,长城证券,深圳,证券,20181026,6.0117035,8.887530201,1.645788718,-0.000434889,0.020981573
002940.SZ,昂利康,浙江,化学制药,20181023,5.6343184,27.08073469,9.690708379,-0.001076468,0.03265851
002941.SZ,新疆交建,新疆,建筑工程,20181128,6.1645865,13.54597315,2.518603822,-0.000265386,0.02966659
002942.SZ,新农股份,浙江,农药化肥,20181205,4.9359045,16.62008054,2.441977758,-0.000288053,0.02430344
002943.SZ,宇晶股份,湖南,机床制造,20181129,-2.5901217,36.25826027,15.57277135,5.65404E-05,0.041547064
002945.SZ,华林证券,西藏,证券,20190117,6.0117035,13.38331544,1.810251539,-9.03838E-05,0.026985707
002946.SZ,新乳业,四川,乳制品,20190125,0.12147639,12.69699329,2.436619558,-0.000358525,0.023249
002947.SZ,恒铭达,江苏,元器件,20190201,-1.3768502,25.6098255,6.115374934,0.000137326,0.030999645
002948.SZ,青岛银行,山东,银行,20190116,6.138913,3.570798376,0.497115568,-0.000438161,0.013716212
002949.SZ,华阳国际,深圳,建筑工程,20190226,6.1645865,13.66220134,2.439292707,-0.000564905,0.029208021
002950.SZ,奥美医疗,湖北,医疗保健,20190311,6.0711374,11.0050604,2.420852629,-0.000713707,0.022473626
002951.SZ,*ST金时,四川,广告包装,20190315,6.04935,8.525410498,2.059604563,-0.000727607,0.030832932
002952.SZ,亚世光电,辽宁,元器件,20190328,-1.3768502,17.97398658,5.620458174,0.00070138,0.03772251
002953.SZ,日丰股份,广东,电气设备,20190509,6.2462397,12.54527517,2.528245643,-0.000681643,0.03316342
002955.SZ,鸿合科技,深圳,IT设备,20190523,6.018636,23.63060403,4.119957366,0.000338369,0.03165279
002956.SZ,西麦食品,广西,食品,20190619,6.0406103,14.71084564,1.845729439,-0.000456477,0.02378316
002957.SZ,科瑞技术,深圳,专用机械,20190726,5.9916244,17.10769128,3.545341717,-0.001089038,0.031018109
002958.SZ,青农商行,山东,银行,20190326,6.138913,3.042671141,0.432620771,-0.000490112,0.01105201
002959.SZ,小熊电器,广东,家用电器,20190823,6.388499,58.09944966,10.88985967,-0.00015179,0.027446903
002960.SZ,青鸟消防,河北,专用机械,20190809,5.9916244,24.6264698,10.67060868,-0.001379756,0.031742026
002961.SZ,瑞达期货,福建,多元金融,20190905,5.611957,16.19519463,4.100490693,-0.000756504,0.024621021
002962.SZ,五方光电,湖北,元器件,20190917,-1.3768502,12.8725906,2.063493391,8.69367E-05,0.033088462
002963.SZ,豪尔赛,北京,装修装饰,20191028,6.4589305,13.59722148,2.231102224,-0.000659231,0.028986248
002965.SZ,祥鑫科技,广东,汽车配件,20191025,5.914197,39.59641611,13.09939177,0.000236788,0.035786177
002966.SZ,苏州银行,江苏,银行,20190802,6.138913,6.95957047,0.462370968,0.00013888,0.014882653
002967.SZ,广电计量,广东,电器仪表,20191108,5.9888244,18.50963758,4.961200211,-0.001242222,0.02670128
002968.SZ,新大正,重庆,房产服务,20191203,5.6273594,20.85374497,9.697998661,-0.001787479,0.029795632
002969.SZ,嘉美包装,安徽,广告包装,20191202,6.04935,4.158697987,0.829943998,-0.000743797,0.022180774
002970.SZ,锐明技术,深圳,IT设备,20191217,6.018636,30.02080537,6.17186642,-0.000513334,0.032048313
002971.SZ,和远气体,湖北,化工原料,20200113,5.4360824,22.45241611,3.47341173,-0.000275968,0.028838492
002972.SZ,科安达,深圳,运输设备,20191227,6.052139,14.6106443,3.777907036,-0.000872613,0.0293361
002973.SZ,侨银股份,广东,环境保护,20200106,5.655056,11.79206711,2.041028104,-0.000832971,0.022890418
002975.SZ,博杰股份,广东,专用机械,20200205,5.9916244,38.98394631,9.916304728,-0.001200592,0.030533616
002976.SZ,瑞玛精密,江苏,汽车配件,20200306,5.914197,24.83304698,4.60615886,2.15537E-05,0.035347462
002977.SZ,天箭科技,四川,通信设备,20200317,5.876211,43.43804027,17.71469774,-0.001492885,0.031530568
002978.SZ,安宁股份,四川,小金属,20200417,-2.8607216,35.5397047,6.401250921,-0.000988691,0.021652612
002979.SZ,雷赛智能,深圳,专用机械,20200408,5.9916244,20.90692617,3.394607968,-0.000501732,0.028813372
002980.SZ,华盛昌,深圳,电器仪表,20200415,5.9888244,28.76844295,4.813021707,-0.000374491,0.031083387
002981.SZ,朝阳科技,广东,元器件,20200417,-1.3768502,25.14961074,4.734621084,-8.7284E-05,0.032154544
002982.SZ,湘佳股份,湖南,农业综合,20200424,5.4254327,33.16299329,11.30465115,-0.001082586,0.030222227
002983.SZ,芯瑞达,安徽,元器件,20200428,-1.3768502,21.65468456,3.762733105,-0.000226402,0.028355736
002984.SZ,森麒麟,山东,汽车配件,20200911,5.914197,30.15091275,3.730772784,-0.000136517,0.026997268
002985.SZ,北摩高科,北京,航空,20200429,6.8991065,51.87763758,27.46880557,-0.002304034,0.026123241
002986.SZ,宇新股份,广东,化工原料,20200602,5.4360824,23.17193289,8.931488697,-0.001706117,0.029598832
002987.SZ,京北方,北京,软件服务,20200507,5.631536,23.23328859,8.101548409,-0.001107799,0.039794548
002988.SZ,豪美新材,广东,铝,20200518,-2.803478,17.37566443,3.311065615,-0.00037841,0.031043086
002989.SZ,中天精装,深圳,装修装饰,20200610,6.4589305,17.230821,2.860983093,-0.000179878,0.034280364
002990.SZ,盛视科技,深圳,软件服务,20200525,5.631536,27.92025503,5.381789617,-0.000357444,0.030078799
002991.SZ,甘源食品,江西,食品,20200731,6.0406103,68.68436242,12.48367988,0.000354017,0.026168903
002992.SZ,宝明科技,深圳,元器件,20200803,-1.3768502,41.35220134,20.53598553,0.001549055,0.037538187
002993.SZ,奥海科技,广东,元器件,20200817,-1.3768502,35.13471141,5.135461309,-0.000392465,0.027846545
002995.SZ,天地在线,北京,互联网,20200805,1.3198211,22.97224324,6.439831951,-0.000801074,0.04303124
002996.SZ,顺博合金,重庆,铝,20200828,-2.803478,12.27096644,3.577034143,-0.001542429,0.029074657
002997.SZ,瑞鹄模具,安徽,专用机械,20200903,5.9916244,25.90350336,7.34012728,0.000957834,0.036448623
002998.SZ,优彩资源,江苏,化纤,20200925,5.6056967,7.250966443,1.071212197,-0.000780954,0.020298024
002999.SZ,天禾股份,广东,批发业,20200903,0.13268599,7.322644295,1.289141943,-0.000353953,0.029871049
003000.SZ,劲仔食品,湖南,食品,20200914,6.0406103,11.37826846,1.98675394,0.000247168,0.026359652
003001.SZ,中岩大地,北京,建筑工程,20201013,6.1645865,17.48832215,2.764734914,-3.25621E-05,0.02977812
003002.SZ,壶化股份,山西,化工原料,20200922,5.4360824,14.93205369,3.428731496,0.000315285,0.030699816
003003.SZ,天元股份,广东,广告包装,20200921,6.04935,10.15879195,1.424677153,-0.000609457,0.026983578
003004.SZ,声迅股份,北京,IT设备,20201126,6.018636,25.53045638,3.735674689,-8.10104E-05,0.035202603
003005.SZ,竞业达,北京,软件服务,20200922,5.631536,30.41551351,8.428454601,-0.000458038,0.038094935
003006.SZ,百亚股份,重庆,造纸,20200921,5.979003,16.29731544,3.867468162,8.80371E-05,0.025998824
003007.SZ,直真科技,北京,软件服务,20200923,5.631536,25.02880537,5.339919636,0.000550652,0.038591851
003008.SZ,开普检测,河南,电气设备,20200923,6.2462397,25.24154362,4.093270626,-0.000797189,0.028930519
003009.SZ,中天火箭,陕西,航空,20200925,6.8991065,46.98963758,7.318799773,-0.000756885,0.025628913
003010.SZ,若羽臣,广东,互联网,20200925,1.3198211,18.01111409,3.305591381,-0.000776528,0.036376153
003011.SZ,海象新材,浙江,家居用品,20200930,5.7977047,23.13233557,6.420462577,-0.001008083,0.029129658
003012.SZ,东鹏控股,广东,陶瓷,20201019,6.5687804,8.995597315,2.155428493,-0.001124718,0.023290628
003013.SZ,地铁设计,广东,建筑工程,20201022,6.1645865,17.04292617,2.002798318,-0.000502318,0.020565739
003015.SZ,日久光电,江苏,元器件,20201021,-1.3768502,10.21212081,1.494653576,-0.000282297,0.032694399
003016.SZ,欣贺股份,福建,服饰,20201026,3.6204495,8.935677852,1.721521381,-0.001000391,0.025228196
003017.SZ,大洋生物,浙江,化工原料,20201026,5.4360824,28.81191946,7.4552162,-0.001099065,0.027828017
003018.SZ,金富科技,广东,塑料,20201106,6.4467297,9.557208054,1.11361008,-0.000420699,0.021809395
003019.SZ,宸展光电,福建,元器件,20201117,-1.3768502,23.83426846,3.194823271,3.69307E-05,0.025953682
003020.SZ,立方制药,安徽,化学制药,20201215,5.6343184,33.00395973,9.684173697,-0.001059688,0.0326426
003021.SZ,兆威机电,深圳,元器件,20201204,-1.3768502,61.36621477,14.93295195,-0.000686658,0.040205719
003022.SZ,联泓新科,山东,化工原料,20201208,5.4360824,28.19343624,12.36676728,-0.001684471,0.034137045
003023.SZ,彩虹集团,四川,家用电器,20201211,6.388499,21.39590604,4.590829424,-0.000648293,0.028241067
003025.SZ,思进智能,浙江,机床制造,20201211,-2.5901217,20.0253557,7.210174052,-0.001173646,0.035104605
003026.SZ,中晶科技,浙江,半导体,20201218,-2.3041902,45.61327517,15.40733211,-0.001284063,0.034156891
003027.SZ,同兴科技,安徽,环境保护,20201218,5.655056,20.11574497,4.677250825,-0.001030998,0.03220365
003028.SZ,振邦智能,深圳,元器件,20201228,-1.3768502,39.86055034,6.011880764,-0.000492483,0.030503452
003029.SZ,吉大正元,吉林,软件服务,20201224,5.631536,24.21169128,6.568992111,-0.000280212,0.037070592
003030.SZ,祖名股份,浙江,食品,20210106,6.0406103,22.01299329,4.094416803,-0.000670752,0.023947602
003031.SZ,中瓷电子,河北,元器件,20210104,-1.3768502,85.82156463,23.63652356,-0.00059156,0.035247202
003032.SZ,传智教育,江苏,文教休闲,20210112,5.1359844,15.01837584,3.901228979,-0.001293715,0.035993533
003033.SZ,征和工业,山东,汽车配件,20210111,5.914197,31.37010738,7.644462328,-0.000197098,0.026242499
003035.SZ,南网能源,广东,新型电力,20210119,5.62262,6.245060403,1.28142909,-0.000781884,0.021807218
003036.SZ,泰坦股份,浙江,纺织机械,20210128,6.1561155,11.62127517,1.990864447,-0.000615104,0.026505072
003037.SZ,三和管桩,广东,水泥,20210204,6.8144245,10.79048322,2.390959796,-0.001136522,0.02922198
003038.SZ,鑫铂股份,安徽,铝,20210210,-2.803478,42.49787919,16.1771346,-0.001893992,0.036927241
003039.SZ,顺控发展,广东,水务,20210308,5.815092,18.96620134,6.050889025,-0.001323875,0.025354268
003040.SZ,楚天龙,广东,通信设备,20210322,5.876211,18.92048322,4.784698565,-0.001136611,0.032422037
003041.SZ,真爱美家,浙江,纺织,20210406,6.4696865,17.23355705,3.849591459,-0.001001247,0.025566961
003042.SZ,中农联合,山东,农药化肥,20210406,4.9359045,20.74268456,5.582761128,-0.000895604,0.035576455
003043.SZ,华亚智能,江苏,半导体,20210406,-2.3041902,57.77385135,15.41583626,-0.000322441,0.035384728
003816.SZ,中国广核,深圳,新型电力,20190826,5.62262,3.225771812,0.622758541,0.000588892,0.015496425
300001.SZ,特锐德,山东,电气设备,20091030,6.2462397,19.64008054,3.601035468,-0.000611125,0.025696223
300002.SZ,神州泰岳,北京,互联网,20091030,1.3198211,7.395798658,2.771609561,0.001059755,0.035014904
300003.SZ,乐普医疗,北京,医疗保健,20091030,6.0711374,19.22954362,4.187547407,-0.001144127,0.024181184
300004.SZ,南风股份,广东,电气设备,20091030,6.2462397,5.702174497,0.810800478,-0.000371408,0.026640359
300005.SZ,探路者,北京,服饰,20091030,3.6204495,7.452993289,1.471372533,-0.000893854,0.030082911
300006.SZ,莱美药业,重庆,化学制药,20091030,5.6343184,4.098375839,1.283986952,-0.001472301,0.028688442
300007.SZ,汉威科技,河南,电器仪表,20091030,5.9888244,18.28747651,3.740489455,-0.000762946,0.030757457
300008.SZ,天海防务,上海,船舶,20091030,6.854024,4.341758389,0.489609781,-0.000460062,0.024724661
300009.SZ,安科生物,安徽,生物制药,20091030,4.419265,10.17277852,1.267663983,-0.000411836,0.020267587
300010.SZ,豆神教育,北京,软件服务,20091030,5.631536,3.169218329,0.743474306,-0.000301898,0.040653208
300011.SZ,鼎汉技术,北京,运输设备,20091030,6.052139,6.484442953,0.914671921,-0.000173906,0.031402651
300012.SZ,华测检测,深圳,电器仪表,20091030,5.9888244,18.73273826,4.683899501,-0.000983633,0.022675906
300013.SZ,*ST新宁,河南,仓储物流,20091030,5.1189384,3.920351827,1.059943694,-0.000686541,0.039329333
300014.SZ,亿纬锂能,广东,电气设备,20091030,6.2462397,70.1974094,28.21456802,-0.001174499,0.030620251
300015.SZ,爱尔眼科,湖南,医疗保健,20091030,6.0711374,26.0173557,11.32528332,-0.001574981,0.029600163
300016.SZ,北陆药业,北京,化学制药,20091030,5.6343184,6.768993289,1.272198136,-0.000597138,0.024370006
300017.SZ,网宿科技,上海,软件服务,20091030,5.631536,6.723516779,1.290114079,0.000391726,0.0275868
300018.SZ,中元股份,湖北,电气设备,20091030,6.2462397,6.157662162,0.933382441,-0.000285699,0.026506933
300019.SZ,硅宝科技,四川,化工原料,20091030,5.4360824,17.04867114,3.183495911,-0.000956843,0.027473357
300020.SZ,*ST银江,浙江,软件服务,20091030,5.631536,7.176303763,2.304429153,-0.002090386,0.035796047
300021.SZ,大禹节水,甘肃,建筑工程,20091030,6.1645865,4.805583893,0.740227888,-0.00053982,0.020643674
300022.SZ,吉峰科技,四川,农用机械,20091030,6.1171265,4.685248322,0.574627017,-0.000345491,0.028161512
300024.SZ,机器人,辽宁,专用机械,20091030,5.9916244,10.74991946,1.690798546,-4.87449E-05,0.027948268
300025.SZ,华星创业,浙江,通信设备,20091030,5.876211,7.495315436,3.278280215,0.001053172,0.036291362
300026.SZ,红日药业,天津,中成药,20091030,0.30637786,5.190684564,1.318443379,-0.000293937,0.031312386
300027.SZ,华谊兄弟,浙江,影视音像,20091030,5.3885503,2.711127517,0.564023865,-0.000512728,0.032141206
300029.SZ,ST天龙,江苏,建筑工程,20091225,6.1645865,6.569798387,1.630609985,-0.000584394,0.036372731
300030.SZ,阳普医疗,广东,医疗保健,20091225,6.0711374,7.111610738,1.714524475,-0.000796549,0.034029099
300031.SZ,宝通科技,江苏,互联网,20091225,1.3198211,18.2510604,4.367440114,-7.07577E-05,0.038821738
300032.SZ,金龙机电,浙江,元器件,20091225,-1.3768502,5.519261745,1.129311865,-0.000667254,0.032177368
300033.SZ,同花顺,浙江,软件服务,20091225,5.631536,123.3457987,31.63033485,0.000383308,0.032987535
300034.SZ,钢研高纳,北京,航空,20091225,6.8991065,33.35206711,13.33972004,-0.00143485,0.033766447
300035.SZ,中科电气,湖南,电气设备,20091225,6.2462397,18.6847651,9.153836259,-0.001283718,0.032780282
300036.SZ,超图软件,北京,软件服务,20091225,5.631536,19.90269799,4.200517454,-0.000741038,0.028494886
300037.SZ,新宙邦,深圳,化工原料,20100108,5.4360824,56.87625503,30.13250619,-0.001491519,0.035818951
300039.SZ,上海凯宝,上海,中成药,20100108,0.30637786,6.502322148,1.201888793,0.000136636,0.035083982
300040.SZ,九洲集团,黑龙江,新型电力,20100108,5.62262,6.657006711,1.645063332,-0.000535515,0.030149241
300041.SZ,回天新材,湖北,化工原料,20100108,5.4360824,13.46056376,4.180644495,-0.001162454,0.031131211
300042.SZ,朗科科技,深圳,IT设备,20100108,6.018636,20.86308725,8.979207007,0.000345663,0.036886937
300043.SZ,星辉娱乐,广东,互联网,20100120,1.3198211,3.196040268,0.522738111,-0.000219183,0.034796605
300044.SZ,赛为智能,深圳,软件服务,20100120,5.631536,4.132284946,1.076980048,0.000658722,0.042648224
300045.SZ,华力创通,北京,IT设备,20100120,6.018636,13.13426846,6.451057743,0.000780219,0.038973198
300046.SZ,台基股份,湖北,半导体,20100120,-2.3041902,17.44220134,3.468323553,-0.000470737,0.033170158
300047.SZ,天源迪科,深圳,软件服务,20100120,5.631536,7.662966443,1.197968455,0.000387568,0.03516527
300048.SZ,合康新能,北京,电气设备,20100120,6.2462397,5.606268456,0.895657254,-0.000251084,0.024321911
300049.SZ,福瑞股份,内蒙,医疗保健,20100120,6.0711374,27.7715302,13.40768892,0.001566962,0.0403659
300050.SZ,世纪鼎利,广东,通信设备,20100120,5.876211,4.106724832,0.653108169,-8.33378E-05,0.038268356
300051.SZ,琏升科技,江苏,综合类,20100211,1.0376348,8.226630582,2.960338164,0.001046537,0.035230598
300052.SZ,中青宝,深圳,互联网,20100211,1.3198211,19.54502717,5.713149792,0.00057852,0.042930087
300053.SZ,航宇微,广东,半导体,20100211,-2.3041902,10.09060403,2.021355551,3.7356E-05,0.033950096
300054.SZ,鼎龙股份,湖北,化工原料,20100211,5.4360824,22.06136913,2.301904484,-6.38522E-06,0.024898055
300055.SZ,万邦达,北京,石油加工,20100226,5.969803,8.245087248,2.913870707,-0.001311971,0.026566618
300056.SZ,中创环保,福建,环境保护,20100226,5.655056,7.491234899,1.306115817,0.000683903,0.034851156
300057.SZ,万顺新材,广东,铝,20100226,-2.803478,7.53842953,2.20203433,-0.00060963,0.030741151
300058.SZ,蓝色光标,北京,广告包装,20100226,6.04935,7.059691275,1.87862332,5.1832E-05,0.037264988
300059.SZ,东方财富,上海,证券,20100319,6.0117035,19.69452349,7.401104725,-0.000845539,0.026635284
300061.SZ,旗天科技,上海,互联网,20100319,1.3198211,6.883154362,1.743982083,0.000424272,0.042440575
300062.SZ,中能电气,福建,电气设备,20100319,6.2462397,7.229328859,2.319190008,-0.001105515,0.033729648
300063.SZ,天龙集团,广东,互联网,20100326,1.3198211,4.465597315,0.832971394,0.000190632,0.036554282
300065.SZ,海兰信,北京,船舶,20100326,6.854024,11.5267651,3.243787922,-0.000626037,0.034783003
300066.SZ,三川智慧,江西,电器仪表,20100326,5.9888244,4.80652349,0.875784208,-0.000497454,0.02419004
300067.SZ,安诺其,上海,染料涂料,20100421,5.8216114,3.562805369,0.606461884,-1.22469E-05,0.031948698
300068.SZ,南都电源,浙江,电气设备,20100421,6.2462397,15.56609396,5.251557595,7.37793E-05,0.037906024
300069.SZ,金利华电,山西,电气设备,20100421,6.2462397,15.55570068,4.243451216,-0.00088393,0.034799141
300070.SZ,碧水源,北京,环境保护,20100421,5.655056,5.365567568,0.9820798,-0.000783184,0.019424028
300071.SZ,福石控股,北京,广告包装,20100421,6.04935,3.30013459,0.923696712,0.000706639,0.037984194
300072.SZ,海新能科,北京,化工原料,20100427,5.4360824,4.282912752,1.716179091,-0.000814004,0.03001024
300073.SZ,当升科技,北京,电气设备,20100427,6.2462397,59.63422819,21.34553636,-0.000934994,0.030510799
300074.SZ,华平股份,上海,软件服务,20100427,5.631536,3.961342282,0.480632784,-0.00012012,0.031749983
300075.SZ,数字政通,北京,软件服务,20100427,5.631536,18.02791946,4.297727374,0.000115539,0.038812394
300076.SZ,GQY视讯,浙江,IT设备,20100430,6.018636,4.880416107,0.785519631,-0.000157972,0.032354149
300077.SZ,国民技术,深圳,半导体,20100430,-2.3041902,15.49571812,5.617113305,-0.001164842,0.031933912
300078.SZ,思创医惠,浙江,软件服务,20100430,5.631536,4.709342282,1.327388787,-0.001119502,0.033395314
300079.SZ,数码视讯,北京,通信设备,20100430,5.876211,5.880348993,1.495817515,-0.000812912,0.033918382
300080.SZ,易成新能,河南,电气设备,20100625,6.2462397,4.887436242,0.951041452,-0.000558626,0.027842958
300081.SZ,恒信东方,北京,文教休闲,20100520,5.1359844,8.702765101,2.951621639,-0.00047081,0.045356755
300082.SZ,奥克股份,辽宁,化工原料,20100520,5.4360824,9.330577181,4.326173694,-0.00147082,0.033863992
300083.SZ,创世纪,广东,机床制造,20100520,-2.5901217,8.803020408,2.941277016,-0.001089372,0.030569111
300084.SZ,海默科技,甘肃,专用机械,20100520,5.9916244,5.779959623,0.937149359,0.000187266,0.03351293
300085.SZ,银之杰,深圳,软件服务,20100526,5.631536,11.68075168,2.32447525,0.00075414,0.035619343
300086.SZ,康芝药业,海南,化学制药,20100526,5.6343184,5.950590604,1.31961084,-0.000238819,0.037784241
300087.SZ,荃银高科,安徽,种植业,20100526,0.24632932,15.23002685,8.015100517,-0.00216092,0.03309127
300088.SZ,长信科技,安徽,元器件,20100526,-1.3768502,6.859879195,1.965147088,-0.000389217,0.028517057
300091.SZ,金通灵,江苏,机械基件,20100625,5.1280627,3.431087248,1.25529621,-0.001257068,0.031400322
300092.SZ,科新机电,四川,专用机械,20100708,5.9916244,12.19667114,2.254817228,-0.000213322,0.031833006
300093.SZ,金刚光伏,甘肃,电气设备,20100708,6.2462397,29.46452349,13.03755426,-0.000534717,0.045411646
300094.SZ,国联水产,广东,渔业,20100708,6.812056,4.786724832,1.143368096,-0.00029155,0.035917796
300095.SZ,华伍股份,江西,专用机械,20100728,5.9916244,9.849073826,3.03774757,-0.001013392,0.028884184
300096.SZ,ST易联众,福建,软件服务,20100728,5.631536,6.013481183,1.803352674,-0.001235036,0.034779936
300097.SZ,ST智云,辽宁,专用机械,20100728,5.9916244,7.159557047,1.662484519,-0.000536419,0.038251656
300098.SZ,高新兴,广东,软件服务,20100728,5.631536,3.917288591,0.634327943,9.49161E-05,0.030296223
300099.SZ,尤洛卡,山东,电器仪表,20100806,5.9888244,6.541516779,1.310881355,-0.000765502,0.026057384
300100.SZ,双林股份,浙江,汽车配件,20100806,5.914197,9.191879195,1.427123757,0.000597343,0.03202017
300101.SZ,振芯科技,四川,通信设备,20100806,5.876211,21.23573154,5.048747266,-0.001093635,0.031453885
300102.SZ,乾照光电,福建,半导体,20100812,-2.3041902,7.080926174,0.899190392,-0.000296428,0.02797224
300103.SZ,达刚控股,陕西,专用机械,20100812,5.9916244,6.87461745,1.859611445,-0.001037707,0.031975178
300105.SZ,龙源技术,山东,电器仪表,20100820,5.9888244,6.547288591,0.876942638,1.58263E-05,0.032412148
300106.SZ,西部牧业,新疆,乳制品,20100820,0.12147639,8.740550336,1.581466447,-0.000355308,0.034141288
300107.SZ,建新股份,河北,化工原料,20100820,5.4360824,6.043100671,1.707661553,0.000616176,0.037891667
300108.SZ,*ST吉药,吉林,中成药,20100825,0.30637786,2.570184659,0.781537927,-0.000830783,0.046171291
300109.SZ,新开源,河南,化工原料,20100825,5.4360824,20.09519463,4.837477765,-0.000335181,0.034738199
300110.SZ,华仁药业,山东,化学制药,20100825,5.6343184,4.048402685,0.490825231,-0.000359345,0.022990171
300111.SZ,向日葵,浙江,化学制药,20100827,5.6343184,2.968214765,0.498166161,-0.000305444,0.026070573
300112.SZ,万讯自控,深圳,电器仪表,20100827,5.9888244,9.788577181,1.619189152,-0.000491707,0.029510867
300113.SZ,顺网科技,浙江,互联网,20100827,1.3198211,13.02144966,2.31508733,0.00012013,0.034352691
300114.SZ,中航电测,陕西,电器仪表,20100827,5.9888244,30.54416327,16.414173,0.001239525,0.032952561
300115.SZ,长盈精密,深圳,元器件,20100902,-1.3768502,11.98496644,2.453879971,-0.000478829,0.032448352
300117.SZ,*ST嘉寓,北京,电气设备,20100902,6.2462397,3.173252688,1.073906799,-0.001688912,0.044040445
300118.SZ,东方日升,浙江,电气设备,20100902,6.2462397,22.48452349,7.01527627,-0.000901207,0.034150804
300119.SZ,瑞普生物,天津,农业综合,20100917,5.4254327,18.38104698,3.209087815,-0.000711507,0.022058457
300120.SZ,经纬辉开,天津,元器件,20100917,-1.3768502,6.929167785,1.144982089,-0.000634005,0.031873044
300121.SZ,阳谷华泰,山东,化工原料,20100917,5.4360824,9.99033557,1.604813164,-0.000475012,0.022940602
300122.SZ,智飞生物,重庆,生物制药,20100928,4.419265,79.19794631,36.18681744,-0.002503693,0.031381845
300123.SZ,亚光科技,湖南,半导体,20100928,-2.3041902,6.741973154,1.460403446,-0.001057096,0.03011278
300124.SZ,汇川技术,深圳,电器仪表,20100928,5.9888244,62.19291275,7.23157685,-0.000352831,0.020691395
300125.SZ,ST聆达,辽宁,电气设备,20101013,6.2462397,14.98948925,7.070876177,-0.001478617,0.048979593
300126.SZ,锐奇股份,上海,轻工机械,20101013,5.8141026,6.031503356,0.86850579,-0.000619288,0.026691952
300127.SZ,银河磁体,四川,矿物制品,20101013,5.8976912,17.75578523,3.061610934,-0.000576183,0.028361695
300128.SZ,锦富技术,江苏,元器件,20101013,-1.3768502,3.856080537,0.550836552,0.000143414,0.029762001
300129.SZ,泰胜风能,上海,电气设备,20101019,6.2462397,8.468939597,1.257211062,-0.000144399,0.029786506
300130.SZ,新国都,深圳,IT设备,20101019,6.018636,17.19238926,4.987643677,0.000927438,0.035581426
300131.SZ,英唐智控,深圳,元器件,20101019,-1.3768502,5.562832215,0.95212081,-0.000525008,0.029877676
300132.SZ,青松股份,福建,化工原料,20101026,5.4360824,6.463677852,2.565326417,-0.001760908,0.028913123
300133.SZ,华策影视,浙江,影视音像,20101026,5.3885503,5.896912752,1.166039443,4.98706E-05,0.033872084
300134.SZ,大富科技,安徽,通信设备,20101026,5.876211,9.152818792,1.619293487,0.000122462,0.036534781
300135.SZ,宝利国际,江苏,石油加工,20101026,5.969803,2.838148649,0.497796992,-7.57221E-05,0.034757955
300136.SZ,信维通信,深圳,元器件,20101105,-1.3768502,19.41962416,2.953292016,-0.000227283,0.027315438
300137.SZ,ST先河,河北,环境保护,20101105,5.655056,5.864080537,0.926136903,-0.000837289,0.025638691
300138.SZ,晨光生物,河北,食品,20101105,6.0406103,14.47397315,3.17503523,-0.000725794,0.020555975
300139.SZ,晓程科技,北京,黄金,20101112,6.2743154,10.2922953,1.896375212,0.000454993,0.03696388
300140.SZ,节能环境,陕西,环境保护,20101112,5.655056,7.156557823,1.076624804,-0.000320905,0.029037634
300141.SZ,和顺电气,江苏,电气设备,20101112,6.2462397,9.65157047,2.010980764,-0.000458413,0.031717138
300142.SZ,沃森生物,云南,生物制药,20101112,4.419265,34.71774497,16.34707684,-0.002525184,0.026544444
300143.SZ,盈康生命,山东,医疗保健,20101209,6.0711374,10.53724832,2.150989476,-0.000817352,0.026073875
300144.SZ,宋城演艺,浙江,旅游景点,20101209,6.0239387,12.41467114,2.342449419,-0.000782693,0.023560781
300145.SZ,中金环境,浙江,机械基件,20101209,5.1280627,2.826805369,0.277574452,-0.000441747,0.018520359
300146.SZ,汤臣倍健,广东,食品,20101215,6.0406103,19.73608054,3.990634829,-0.000904919,0.020766027
300147.SZ,香雪制药,广东,中成药,20101215,0.30637786,5.714402685,1.275141759,-2.43195E-05,0.037351976
300148.SZ,天舟文化,湖南,出版业,20101215,0.7587014,3.721597315,0.894396534,-6.63881E-05,0.038149555
300149.SZ,睿智医药,广东,生物制药,20101222,4.419265,9.421583893,3.170919851,-0.00106617,0.035333059
300150.SZ,世纪瑞尔,北京,软件服务,20101222,5.631536,4.055637584,0.698201724,-0.000287508,0.031296609
300151.SZ,昌红科技,深圳,专用机械,20101222,5.9916244,20.45896644,6.87542463,-0.000733553,0.031224881
300152.SZ,新动力,河北,环境保护,20101229,5.655056,3.142340136,0.750398418,-0.000594472,0.03670065
300153.SZ,科泰电源,上海,电气设备,20101229,6.2462397,8.061288591,1.774593155,-0.000670116,0.030572019
300154.SZ,瑞凌股份,深圳,机械基件,20101229,5.1280627,6.288885906,0.747054768,-0.000337788,0.023148254
300155.SZ,安居宝,广东,IT设备,20110107,6.018636,5.185328859,0.997903545,-0.000489152,0.032754908
300157.SZ,新锦动力,北京,专用机械,20110107,5.9916244,3.543194631,0.880271217,-0.000688684,0.035413504
300158.SZ,振东制药,山西,化学制药,20110107,5.6343184,6.323422819,1.660586587,-0.000765957,0.036340372
300159.SZ,新研股份,新疆,农用机械,20110107,6.1171265,2.917738896,0.968572046,-0.001016489,0.041327274
300160.SZ,秀强股份,江苏,家用电器,20110113,6.388499,6.569100671,1.196968111,-0.000647712,0.023463877
300161.SZ,华中数控,湖北,机床制造,20110113,-2.5901217,29.01928859,8.908123824,-0.000332017,0.03691687
300162.SZ,雷曼光电,深圳,元器件,20110113,-1.3768502,7.562577181,1.771013641,-0.000456327,0.034995586
300163.SZ,ST先锋,浙江,家居用品,20110113,5.7977047,3.146494565,0.791228921,-0.001109554,0.031856534
300164.SZ,通源石油,陕西,石油开采,20110113,-0.41138357,4.575489933,0.684923124,-0.000163018,0.034507179
300165.SZ,ST天瑞,江苏,电器仪表,20110125,5.9888244,5.202135135,1.44136955,-0.000693839,0.043110639
300166.SZ,东方国信,北京,软件服务,20110125,5.631536,9.348845638,1.934934638,-0.000384379,0.031675907
300167.SZ,*ST迪威,深圳,软件服务,20110125,5.631536,4.057994616,1.627638108,-0.00167241,0.039792246
300168.SZ,万达信息,上海,软件服务,20110125,5.631536,9.343838926,2.589526418,-0.001032917,0.031923591
300169.SZ,天晟新材,江苏,塑料,20110125,6.4467297,5.677148649,1.35000761,0.000263693,0.040047393
300170.SZ,汉得信息,上海,软件服务,20110201,5.631536,8.43295302,1.791658653,3.60345E-06,0.032437921
300171.SZ,东富龙,上海,医疗保健,20110201,6.0711374,26.25677852,11.42421281,-0.002243903,0.029362613
300172.SZ,中电环保,江苏,环境保护,20110201,5.655056,5.134174497,0.665026798,-0.000112295,0.030464284
300173.SZ,福能东方,广东,轻工机械,20110201,5.8141026,4.766013423,0.969584533,-0.000903051,0.026591841
300174.SZ,元力股份,福建,化工原料,20110201,5.4360824,16.21531544,2.507028387,-0.000221652,0.026707231
300175.SZ,朗源股份,山东,食品,20110215,6.0406103,4.781208054,1.361087145,0.000342436,0.038461959
300176.SZ,鸿特科技,广东,汽车配件,20110215,5.914197,5.91514094,0.797711284,-0.000285701,0.030068039
300177.SZ,中海达,广东,通信设备,20110215,5.876211,7.257033557,1.215768565,-0.000304621,0.033858057
300179.SZ,四方达,河南,矿物制品,20110215,5.8976912,10.57212081,2.786402913,-0.000343996,0.032564557
300180.SZ,华峰超纤,上海,化纤,20110222,5.6056967,4.143731544,0.590751556,-1.98393E-05,0.031027621
300181.SZ,佐力药业,浙江,中成药,20110222,0.30637786,11.0844698,2.173764454,0.000771461,0.031254162
300182.SZ,捷成股份,北京,影视音像,20110222,5.3885503,5.16114094,0.875567504,-5.04091E-05,0.035204702
300183.SZ,东软载波,山东,通信设备,20110222,5.876211,14.68544966,2.548396311,-0.000366852,0.028687544
300184.SZ,力源信息,湖北,元器件,20110222,-1.3768502,5.374751678,0.834822255,0.000220553,0.033775148
300185.SZ,通裕重工,山东,工程机械,20110308,6.1479993,2.642765101,0.496390065,-0.000756847,0.018935473
300187.SZ,永清环保,湖南,环境保护,20110308,5.655056,6.060711409,1.111409017,-0.001031876,0.027382805
300188.SZ,国投智能,福建,软件服务,20110316,5.631536,15.22344966,3.3618826,-0.000468712,0.03030986
300189.SZ,神农种业,海南,种植业,20110316,0.24632932,3.763826323,0.969023636,-0.000913171,0.029193269
300190.SZ,维尔利,江苏,环境保护,20110316,5.655056,4.382993289,0.958668309,-0.000894369,0.021507757
300191.SZ,潜能恒信,北京,石油开采,20110316,-0.41138357,18.83342282,4.287941985,-0.000698024,0.030519283
300192.SZ,科德教育,江苏,文教休闲,20110322,5.1359844,8.821838926,2.405092263,0.000500082,0.039083046
300193.SZ,佳士科技,深圳,专用机械,20110322,5.9916244,8.707530201,2.073210219,-0.001076047,0.022686861
300194.SZ,福安药业,重庆,化学制药,20110322,5.6343184,4.001087248,0.356342719,-3.21168E-06,0.023417327
300195.SZ,长荣股份,天津,轻工机械,20110329,5.8141026,5.734308725,0.821800794,-0.000535372,0.025836598
300196.SZ,长海股份,江苏,玻璃,20110329,6.2391744,14.19645638,2.994448413,-0.000841922,0.022858923
300197.SZ,节能铁汉,深圳,环境保护,20110329,5.655056,2.295428571,0.438554785,-0.000802667,0.024424455
300198.SZ,纳川股份,福建,塑料,20110407,6.4467297,2.874348993,0.87077699,-0.001373187,0.03334346
300199.SZ,翰宇药业,深圳,化学制药,20110407,5.6343184,12.30918121,3.45589974,0.000899873,0.04942963
300200.SZ,高盟新材,北京,化工原料,20110407,5.4360824,8.123798658,1.052684197,-0.000511939,0.027884721
300201.SZ,海伦哲,江苏,工程机械,20110407,6.1479993,3.565880682,0.775212772,-0.000266801,0.033223155
300203.SZ,聚光科技,浙江,电器仪表,20110415,5.9888244,21.70732886,7.641581933,-0.000440724,0.035718393
300204.SZ,舒泰神,北京,生物制药,20110415,4.419265,11.59442953,4.149541881,-0.00061694,0.043446106
300205.SZ,ST天喻,湖北,通信设备,20110421,5.876211,11.49446237,3.231598945,-0.00138653,0.037095842
300206.SZ,理邦仪器,深圳,医疗保健,20110421,6.0711374,11.34104698,1.9359098,-0.000206807,0.027275507
300207.SZ,欣旺达,深圳,电气设备,20110421,6.2462397,23.25656376,9.842498222,-0.00095558,0.028908259
300208.SZ,*ST中程,山东,园区开发,20110426,1.556426,8.484180108,3.630743688,-0.002775333,0.042056679
300209.SZ,*ST有树,湖南,互联网,20110426,1.3198211,4.895356662,2.15347681,-0.000352003,0.04545095
300210.SZ,森远股份,辽宁,专用机械,20110426,5.9916244,5.21025572,3.001740477,0.001127246,0.041031416
300211.SZ,亿通科技,江苏,通信设备,20110505,5.876211,8.895879195,2.238711422,-0.000872449,0.035366178
300212.SZ,易华录,北京,软件服务,20110505,5.631536,25.30685906,7.751941437,-0.000645148,0.040369319
300213.SZ,佳讯飞鸿,北京,通信设备,20110505,5.876211,6.244697987,0.852361171,0.000102237,0.031149056
300214.SZ,日科化学,山东,化工原料,20110511,5.4360824,6.609060403,0.966333236,-0.000508052,0.023810488
300215.SZ,电科院,江苏,电气设备,20110511,6.2462397,6.214644295,1.853535829,-0.00086938,0.029055819
300217.SZ,东方电热,江苏,家用电器,20110518,6.388499,5.375771812,1.103208652,0.000113121,0.029116666
300218.SZ,安利股份,安徽,塑料,20110518,6.4467297,12.85791946,2.505163559,-0.000211582,0.027385339
300219.SZ,鸿利智汇,广东,元器件,20110518,-1.3768502,8.450442953,2.714747398,-0.001072838,0.029193454
300220.SZ,金运激光,湖北,专用机械,20110525,5.9916244,10.62335128,3.832296145,-0.000650895,0.036318313
300221.SZ,银禧科技,广东,塑料,20110525,6.4467297,5.711731544,1.025623379,-0.000607289,0.026090847
300222.SZ,科大智能,上海,电气设备,20110525,6.2462397,7.838442953,2.05550866,-0.000957409,0.028846496
300223.SZ,北京君正,北京,半导体,20110531,-2.3041902,82.92757047,24.41904411,-0.001303351,0.030577046
300224.SZ,正海磁材,山东,矿物制品,20110531,5.8976912,12.48861745,2.297754653,-0.000489321,0.025738039
300225.SZ,金力泰,上海,染料涂料,20110531,5.8216114,8.022697987,2.896955316,-0.00105599,0.034099878
300226.SZ,上海钢联,上海,互联网,20110608,1.3198211,29.08908725,9.92794309,-0.001350103,0.035379343
300227.SZ,光韵达,深圳,专用机械,20110608,5.9916244,7.455557047,1.365192094,-0.000712965,0.0268554
300228.SZ,富瑞特装,江苏,化工机械,20110608,6.008067,6.761785235,1.265368813,-0.000547867,0.030363808
300229.SZ,拓尔思,北京,软件服务,20110615,5.631536,15.2922953,5.632862387,0.000246215,0.036390837
300230.SZ,永利股份,上海,塑料,20110615,6.4467297,3.886966443,0.38857429,-0.000376334,0.018712756
300231.SZ,银信科技,北京,软件服务,20110615,5.631536,8.695744966,1.395053286,0.000137829,0.030872982
300232.SZ,洲明科技,深圳,元器件,20110622,-1.3768502,6.945731544,1.36541952,-0.000579009,0.026280116
300233.SZ,金城医药,山东,化学制药,20110622,5.6343184,22.98485906,6.877876897,-0.001238854,0.031478153
300234.SZ,开尔新材,浙江,陶瓷,20110622,6.5687804,5.715409396,1.288601653,-0.000988507,0.025949541
300235.SZ,方直科技,深圳,软件服务,20110629,5.631536,11.0587651,2.539825068,-7.8658E-05,0.042002809
300236.SZ,上海新阳,上海,半导体,20110629,-2.3041902,35.03489933,4.652393016,-0.000536262,0.024107637
300237.SZ,美晨科技,山东,汽车配件,20110629,5.914197,2.107054054,0.493060885,-0.000726519,0.03001526
300238.SZ,冠昊生物,广东,医疗保健,20110706,6.0711374,13.03684564,2.701732093,-0.000661198,0.033816922
300239.SZ,东宝生物,内蒙,生物制药,20110706,4.419265,6.420281879,1.083308999,-0.0003228,0.026460265
300240.SZ,飞力达,江苏,仓储物流,20110706,5.1189384,7.080174497,1.173352011,-0.000475277,0.033100605
300241.SZ,瑞丰光电,深圳,半导体,20110712,-2.3041902,5.398348993,1.273259865,-0.000881631,0.029232698
300242.SZ,佳云科技,广东,互联网,20110712,1.3198211,3.40314094,0.761408261,-0.000427641,0.037092638
300243.SZ,瑞丰高材,山东,化工原料,20110712,5.4360824,9.97685906,2.241389393,-0.000963239,0.0276215
300244.SZ,迪安诊断,浙江,医疗保健,20110719,6.0711374,24.96998658,6.618149095,-0.001201471,0.024193975
300245.SZ,天玑科技,上海,软件服务,20110719,5.631536,8.278120805,1.56623048,-0.000141784,0.033248139
300246.SZ,宝莱特,广东,医疗保健,20110719,6.0711374,13.15818792,4.264489446,-0.001158771,0.031598353
300247.SZ,融捷健康,安徽,医疗保健,20110729,6.0711374,3.394174497,0.468545159,-0.00032277,0.025375821
300248.SZ,新开普,河南,软件服务,20110729,5.631536,9.477812081,2.253674459,-7.76949E-05,0.036606995
300249.SZ,依米康,四川,IT设备,20110803,6.018636,9.05833557,2.416070839,0.000105219,0.038970993
300250.SZ,初灵信息,浙江,软件服务,20110803,5.631536,14.34543624,2.843394364,0.000297989,0.041604021
300251.SZ,光线传媒,北京,影视音像,20110803,5.3885503,8.691302013,1.17371838,-0.000285156,0.028632793
300252.SZ,金信诺,深圳,通信设备,20110818,5.876211,8.533731544,1.387785051,-0.000470907,0.034482489
300253.SZ,卫宁健康,上海,软件服务,20110818,5.631536,9.050402685,2.827892534,-0.001120709,0.027906332
300254.SZ,仟源医药,山西,化学制药,20110819,5.6343184,7.860577181,1.326497962,0.000320939,0.039307848
300255.SZ,常山药业,河北,生物制药,20110819,4.419265,7.901154362,2.767294642,0.000637242,0.035598928
300256.SZ,星星科技,江西,元器件,20110819,-1.3768502,2.802318059,0.463639904,0.000133198,0.036394265
300257.SZ,开山股份,上海,机械基件,20110819,5.1280627,14.64983893,2.628935703,-0.000762686,0.023698728
300258.SZ,精锻科技,江苏,汽车配件,20110826,5.914197,11.66990604,2.241782933,-0.000609924,0.028921921
300259.SZ,新天科技,河南,电器仪表,20110831,5.9888244,3.701651007,0.687314852,-0.000807339,0.021030243
300260.SZ,新莱应材,江苏,机械基件,20110906,5.1280627,46.30798658,22.65731361,-0.000662627,0.046762259
300261.SZ,雅本化学,江苏,农药化肥,20110906,4.9359045,10.21124658,4.876310666,0.000118737,0.044578129
300263.SZ,隆华科技,河南,专用机械,20110916,5.9916244,7.798765101,1.642191226,-0.001045542,0.028139153
300264.SZ,佳创视讯,深圳,软件服务,20110916,5.631536,6.501248322,1.631645608,-0.000333514,0.043915005
300265.SZ,通光线缆,江苏,电气设备,20110916,6.2462397,8.845543624,1.43689817,-0.000500543,0.029726871
300266.SZ,兴源环境,浙江,环境保护,20110927,5.655056,3.0485,0.848292749,-0.000941904,0.031471028
300267.SZ,尔康制药,湖南,化学制药,20110927,5.6343184,3.298671141,0.606112663,-0.000566147,0.026189824
300268.SZ,ST佳沃,湖南,农业综合,20110927,5.4254327,17.30154778,6.765900681,-0.001197494,0.037579593
300269.SZ,联建光电,深圳,元器件,20111012,-1.3768502,3.848508065,0.675207803,-0.000117108,0.038369311
300270.SZ,中威电子,浙江,IT设备,20111012,6.018636,6.474604027,0.908901254,-3.2029E-05,0.03749748
300271.SZ,华宇软件,北京,软件服务,20111026,5.631536,8.312818792,2.339089141,-0.001046993,0.030695493
300272.SZ,开能健康,上海,家用电器,20111102,6.388499,5.834268456,0.816256063,-0.000256997,0.029290776
300274.SZ,阳光电源,安徽,电气设备,20111102,6.2462397,105.7235168,23.8016715,-0.000687445,0.03561039
300275.SZ,梅安森,重庆,工程机械,20111102,6.1479993,13.03085906,3.427541018,0.000220013,0.03944916
300276.SZ,三丰智能,湖北,专用机械,20111115,5.9916244,3.854832215,0.368169338,-0.000199985,0.026544593
300277.SZ,海联讯,浙江,软件服务,20111123,5.631536,7.719020134,1.089581887,-3.5079E-05,0.031195297
300278.SZ,华昌达,湖北,专用机械,20111216,5.9916244,4.072139973,0.673859921,-0.000308779,0.029135971
300279.SZ,和晶科技,江苏,元器件,20111229,-1.3768502,5.706460296,0.95983334,-0.000541904,0.029047289
300280.SZ,紫天科技,福建,广告包装,20111229,6.04935,27.70370068,10.36535593,-0.000713699,0.045708338
300281.SZ,金明精机,广东,专用机械,20111229,5.9916244,5.327758389,0.605549777,-0.000177349,0.030112597
300283.SZ,温州宏丰,浙江,电气设备,20120110,6.2462397,5.822577181,0.854670637,-0.000549357,0.027310687
300284.SZ,苏交科,江苏,建筑工程,20120110,6.1645865,6.38052349,0.848927451,-5.50932E-05,0.02807184
300285.SZ,国瓷材料,山东,陶瓷,20120113,6.5687804,28.90991946,8.078779268,-0.001284992,0.023736534
300286.SZ,安科瑞,上海,电器仪表,20120113,5.9888244,27.51348993,6.960624752,-2.41233E-05,0.034769006
300287.SZ,飞利信,北京,软件服务,20120201,5.631536,3.922832215,1.001002404,-0.000614341,0.035397152
300288.SZ,朗玛信息,贵州,软件服务,20120216,5.631536,13.2389396,3.293805008,0.000163359,0.039147018
300289.SZ,利德曼,北京,医疗保健,20120216,6.0711374,5.873033557,1.034293526,-0.000607235,0.024516634
300290.SZ,荣科科技,辽宁,软件服务,20120216,5.631536,6.101114094,1.879939578,0.001113873,0.043223492
300291.SZ,百纳千成,北京,影视音像,20120209,5.3885503,5.403342282,1.201774996,-5.47506E-05,0.036630112
300292.SZ,吴通控股,江苏,互联网,20120229,1.3198211,3.651704698,0.430338912,-5.96894E-19,0.031290832
300293.SZ,蓝英装备,辽宁,专用机械,20120308,5.9916244,12.36613423,2.739270532,0.000316448,0.038348651
300294.SZ,博雅生物,江西,生物制药,20120308,4.419265,33.52896644,3.364622218,-0.000240623,0.022511292
300295.SZ,三六五网,江苏,互联网,20120315,1.3198211,10.74,1.980432708,0.000489835,0.040442012
300296.SZ,利亚德,北京,元器件,20120315,-1.3768502,6.534375839,1.698141194,-0.001036028,0.02260045
300298.SZ,三诺生物,湖南,医疗保健,20120319,6.0711374,26.7473557,4.765488118,0.000108242,0.029249514
300299.SZ,富春股份,福建,互联网,20120319,1.3198211,5.761234899,1.348506573,-3.79463E-05,0.038617793
300300.SZ,ST峡创,福建,软件服务,20120319,5.631536,3.934516129,1.210713629,-0.00147596,0.036775443
300301.SZ,*ST长方,深圳,半导体,20120321,-2.3041902,2.047258065,0.737509364,-0.001301852,0.033585597
300302.SZ,同有科技,北京,IT设备,20120321,6.018636,10.27853691,2.451139658,0.000100518,0.036397489
300303.SZ,聚飞光电,深圳,半导体,20120319,-2.3041902,5.10242953,0.699461489,-0.000174128,0.026039511
300304.SZ,云意电气,江苏,汽车配件,20120321,5.914197,5.659610738,0.838381527,-3.51821E-05,0.02514782
300305.SZ,裕兴股份,江苏,塑料,20120329,6.4467297,11.63056376,3.883022179,-0.001474115,0.03332866
300306.SZ,远方信息,浙江,电器仪表,20120329,5.9888244,10.88947651,1.583992886,3.51841E-05,0.03216299
300307.SZ,慈星股份,浙江,纺织机械,20120329,6.1561155,6.148912752,1.124330637,-0.000573627,0.030899883
300308.SZ,中际旭创,山东,通信设备,20120410,5.876211,77.38519463,49.68252229,0.001774543,0.037513697
300310.SZ,宜通世纪,广东,通信设备,20120425,5.876211,4.375798658,0.578341099,0.000294992,0.031465183
300311.SZ,任子行,深圳,软件服务,20120425,5.631536,6.344899329,1.592249718,-0.000828268,0.03583487
300313.SZ,ST天山,新疆,农业综合,20120425,5.4254327,7.284696356,2.094524024,-0.000635958,0.045680861
300314.SZ,戴维医疗,浙江,医疗保健,20120508,6.0711374,13.55769128,3.055153901,-0.000329416,0.029900007
300315.SZ,掌趣科技,北京,互联网,20120511,1.3198211,4.302872483,0.992707586,0.000347868,0.033182094
300316.SZ,晶盛机电,浙江,专用机械,20120511,5.9916244,55.72289933,16.26963532,-0.001406612,0.026102374
300317.SZ,珈伟新能,深圳,电气设备,20120511,6.2462397,5.578563758,1.351521526,-0.00074417,0.033737123
300318.SZ,博晖创新,北京,医疗保健,20120523,6.0711374,6.347302013,1.379401108,-0.000649048,0.029383739
300319.SZ,麦捷科技,深圳,元器件,20120523,-1.3768502,9.685088435,2.120766779,-0.000308329,0.030445908
300320.SZ,海达股份,江苏,橡胶,20120601,6.791621,9.742926174,2.668659106,-0.000224535,0.033555476
300321.SZ,同大股份,山东,塑料,20120523,6.4467297,17.22910067,2.05836534,-0.000359641,0.028696386
300322.SZ,硕贝德,广东,元器件,20120608,-1.3768502,9.713302013,1.856632935,-0.000138961,0.039260831
300323.SZ,华灿光电,湖北,半导体,20120601,-2.3041902,7.283824324,2.301907039,-0.001146958,0.026754414
300324.SZ,旋极信息,北京,软件服务,20120608,5.631536,3.133567568,0.515553464,-0.00041698,0.030588035
300326.SZ,凯利泰,上海,医疗保健,20120613,6.0711374,7.081181208,1.841904388,-0.000985138,0.020314994
300327.SZ,中颖电子,上海,半导体,20120613,-2.3041902,37.5933557,16.38251272,-0.00160324,0.029505824
300328.SZ,宜安科技,广东,小金属,20120619,-2.8607216,6.989973154,1.432770269,-0.00064344,0.033350061
300329.SZ,海伦钢琴,浙江,文教休闲,20120619,5.1359844,7.133530201,2.165075744,-0.001114623,0.033095228
300331.SZ,苏大维格,江苏,元器件,20120628,-1.3768502,22.09943624,5.649158321,-0.000766149,0.037441536
300332.SZ,天壕能源,北京,供气供热,20120628,5.345988,9.706832215,2.675419403,-0.00033349,0.026553827
300333.SZ,兆日科技,深圳,IT设备,20120628,6.018636,6.624738255,1.219732682,4.37852E-05,0.034609851
300334.SZ,津膜科技,天津,专用机械,20120705,5.9916244,7.444912752,1.687678632,-0.000971425,0.033917356
300335.SZ,迪森股份,广东,供气供热,20120710,5.345988,5.052845638,0.715345776,-0.000385877,0.028575509
300337.SZ,银邦股份,江苏,铝,20120718,-2.803478,7.728738255,1.933079614,0.000612369,0.037785584
300338.SZ,*ST开元,湖南,文教休闲,20120726,5.1359844,4.243962264,1.498114222,-0.001319968,0.048398632
300339.SZ,润和软件,江苏,软件服务,20120718,5.631536,22.27428188,3.637655854,0.000187766,0.036541919
300340.SZ,科恒股份,广东,电气设备,20120726,6.2462397,12.84774324,3.879003459,-0.001274891,0.035357745
300341.SZ,麦克奥迪,福建,电气设备,20120726,6.2462397,10.17853691,1.512721372,0.000185512,0.031075338
300342.SZ,天银机电,江苏,家用电器,20120726,6.388499,11.71671141,2.521898085,-0.000191631,0.036595501
300343.SZ,联创股份,山东,化工原料,20120801,5.4360824,10.69640268,5.333457411,-0.001914025,0.040325073
300344.SZ,立方数科,安徽,软件服务,20120801,5.631536,5.09904698,1.206235604,-0.000451753,0.038201606
300345.SZ,华民股份,湖南,机械基件,20120801,5.1280627,7.563798658,1.802534189,0.000285181,0.026990736
300346.SZ,南大光电,江苏,半导体,20120807,-2.3041902,34.11744912,8.68550063,-0.000840638,0.030828675
300347.SZ,泰格医药,浙江,医疗保健,20120817,6.0711374,86.56012081,31.48843036,-0.001109313,0.031753373
300348.SZ,长亮科技,深圳,软件服务,20120817,5.631536,10.82747651,2.451858538,-0.000662086,0.029036493
300349.SZ,金卡智能,浙江,电器仪表,20120817,5.9888244,11.58656376,1.354345656,-7.68895E-05,0.022699862
300350.SZ,华鹏飞,深圳,仓储物流,20120821,5.1189384,5.680026846,1.434723007,-0.001088115,0.029689515
300351.SZ,永贵电器,浙江,运输设备,20120920,6.052139,14.95020134,2.907132606,0.000583366,0.041119485
300352.SZ,北信源,北京,软件服务,20120912,5.631536,4.870067114,0.850178268,-0.000606364,0.027348916
300353.SZ,东土科技,北京,通信设备,20120927,5.876211,9.768536913,1.533148644,9.36271E-05,0.031208134
300354.SZ,东华测试,江苏,电器仪表,20120920,5.9888244,37.68885906,6.296486276,0.000134259,0.034615337
300355.SZ,蒙草生态,内蒙,环境保护,20120927,5.655056,3.642657718,0.748802034,-0.000625964,0.023545411
300357.SZ,我武生物,浙江,生物制药,20140121,4.419265,39.05012081,12.61701451,-0.001235888,0.025893457
300358.SZ,楚天科技,湖南,医疗保健,20140121,6.0711374,14.79304698,4.985285065,-0.001820564,0.026608173
300359.SZ,全通教育,广东,文教休闲,20140121,5.1359844,5.591932886,1.069126752,-9.44951E-05,0.033508635
300360.SZ,炬华科技,浙江,电器仪表,20140121,5.9888244,13.83371812,2.802358598,0.000626324,0.034253832
300363.SZ,博腾股份,重庆,化学制药,20140129,5.6343184,45.80187919,27.15452356,-0.002420684,0.032265102
300364.SZ,中文在线,北京,出版业,20150121,0.7587014,15.51057718,6.71129517,0.001650346,0.051199834
300365.SZ,恒华科技,北京,软件服务,20140123,5.631536,7.887234899,2.337990045,-0.000903352,0.033614944
300366.SZ,创意信息,四川,软件服务,20140127,5.631536,10.79218792,2.577366783,-0.000299924,0.042011847
300368.SZ,ST汇金,河北,IT设备,20140123,6.018636,6.906344086,2.298696587,-0.001740901,0.034811498
300369.SZ,绿盟科技,北京,软件服务,20140129,5.631536,10.74912752,3.500331999,-0.001639268,0.03109216
300370.SZ,安控科技,四川,电器仪表,20140123,5.9888244,2.347264151,0.429791316,6.50376E-06,0.029263949
300371.SZ,汇中股份,河北,电器仪表,20140123,5.9888244,12.3212349,2.25192542,-0.000605432,0.029562828
300373.SZ,扬杰科技,江苏,半导体,20140123,-2.3041902,50.18124832,12.70451242,-0.000241055,0.027588256
300374.SZ,中铁装配,北京,其他建材,20150319,5.5222344,13.84774497,2.162949255,6.24415E-05,0.038709085
300375.SZ,鹏翎股份,天津,汽车配件,20140127,5.914197,4.233275168,0.591597764,-0.000121064,0.030255766
300376.SZ,ST易事特,广东,电气设备,20140127,6.2462397,7.016962366,1.998852543,-0.001824013,0.029382179
300377.SZ,赢时胜,深圳,软件服务,20140127,5.631536,8.695731544,2.15229492,-0.000408863,0.031565854
300378.SZ,鼎捷数智,上海,软件服务,20140127,5.631536,19.77089933,4.127264692,-0.000275782,0.033729658
300379.SZ,东方通,北京,软件服务,20140128,5.631536,19.94016107,6.696208101,-0.001345691,0.033617355
300380.SZ,安硕信息,上海,软件服务,20140128,5.631536,18.03342282,3.867679796,0.000637608,0.037639738
300381.SZ,溢多利,广东,化学制药,20140128,5.6343184,8.22609396,1.720392449,-0.000655515,0.027675446
300382.SZ,斯莱克,江苏,专用机械,20140129,5.9916244,14.87542282,6.810183817,-0.001513816,0.035487768
300383.SZ,光环新网,北京,软件服务,20140129,5.631536,10.53296644,2.129913656,-0.000602389,0.025160217
300384.SZ,三联虹普,北京,建筑工程,20140801,6.1645865,17.01393289,3.05631929,-0.000674613,0.026056569
300385.SZ,雪浪环境,江苏,环境保护,20140626,5.655056,6.214926174,1.489766355,-0.001344082,0.025364691
300386.SZ,飞天诚信,北京,IT设备,20140626,6.018636,11.01514094,2.47271786,-0.000295313,0.035701571
300387.SZ,富邦科技,湖北,农药化肥,20140702,4.9359045,7.019288591,0.932058165,1.92566E-05,0.032128711
300388.SZ,节能国祯,安徽,环境保护,20140801,5.655056,6.688201342,0.626193688,-0.000272639,0.017553221
300389.SZ,艾比森,深圳,元器件,20140801,-1.3768502,12.76375839,3.34527963,0.000197665,0.033429522
300390.SZ,天华新能,江苏,电气设备,20140731,6.2462397,51.20422819,28.23337089,-0.00198025,0.036050699
300391.SZ,长药控股,湖北,中成药,20140801,0.30637786,9.389731544,4.355575704,-0.002149034,0.0401804
300393.SZ,中来股份,江苏,塑料,20140912,6.4467297,13.29987887,4.254942851,-0.000984355,0.034147764
300394.SZ,天孚通信,江苏,通信设备,20150217,5.876211,62.24877852,38.35641407,0.00157542,0.044694782
300395.SZ,菲利华,湖北,玻璃,20140910,6.2391744,45.85692617,10.99851185,-0.00062886,0.032719203
300396.SZ,迪瑞医疗,吉林,医疗保健,20140910,6.0711374,22.45425503,6.198223754,-0.00015172,0.029996796
300397.SZ,天和防务,陕西,通信设备,20140910,5.876211,10.99445638,2.094447217,-0.000759796,0.031050892
300398.SZ,飞凯材料,上海,化工原料,20141009,5.4360824,18.00481879,4.582731701,-0.000513198,0.032198089
300399.SZ,天利科技,江西,互联网,20141009,1.3198211,11.65155705,1.798096213,0.000608321,0.038107213
300400.SZ,劲拓股份,深圳,专用机械,20141010,5.9916244,16.35977181,3.760269605,-0.000999687,0.03403593
300401.SZ,花园生物,浙江,化学制药,20141009,5.6343184,13.41536913,2.303161374,-4.81803E-05,0.023802403
300402.SZ,宝色股份,江苏,专用机械,20141010,5.9916244,20.02550336,4.90628561,-0.000289931,0.036478535
300403.SZ,汉宇集团,广东,家用电器,20141030,6.388499,7.164107383,1.28491372,-4.15341E-05,0.031893053
300404.SZ,博济医药,广东,医疗保健,20150424,6.0711374,9.574375839,2.087170274,-0.000403867,0.033735971
300405.SZ,科隆股份,辽宁,化工原料,20141030,5.4360824,6.279731544,2.049275687,-0.001267997,0.033867605
300406.SZ,九强生物,北京,医疗保健,20141030,6.0711374,17.99926174,2.412270239,-0.000336215,0.027114989
300407.SZ,凯发电气,天津,电气设备,20141203,6.2462397,8.190577181,0.7755751,5.94758E-05,0.027398172
300408.SZ,三环集团,广东,元器件,20141203,-1.3768502,31.02872483,4.681734682,-0.000139141,0.021318618
300409.SZ,道氏技术,广东,电气设备,20141203,6.2462397,15.97626846,6.127209457,-0.001264422,0.029137073
300410.SZ,正业科技,广东,专用机械,20141231,5.9916244,8.752899329,2.367871968,-0.001233103,0.03504211
300411.SZ,金盾股份,浙江,专用机械,20141231,5.9916244,8.06590604,2.402186228,0.000469049,0.037596878
300412.SZ,迦南科技,浙江,医疗保健,20141231,6.0711374,7.208228188,4.168203382,-0.001240217,0.043707775
300413.SZ,芒果超媒,湖南,影视音像,20150121,5.3885503,30.72198658,7.777867281,-0.000880923,0.029344723
300414.SZ,中光防雷,四川,通信设备,20150513,5.876211,8.823033557,1.527071018,-0.000546828,0.029423577
300415.SZ,伊之密,广东,专用机械,20150123,5.9916244,18.93825503,2.868036994,0.000184629,0.03148579
300416.SZ,苏试试验,江苏,电器仪表,20150122,5.9888244,22.59727517,7.241943277,-0.001097991,0.031016794
300417.SZ,南华仪器,广东,电器仪表,20150123,5.9888244,10.44127517,1.724144672,-0.000504086,0.033652557
300418.SZ,昆仑万维,北京,互联网,20150121,1.3198211,27.54519463,12.24037352,0.000819915,0.04075031
300419.SZ,ST浩丰,北京,软件服务,20150122,5.631536,6.118680272,1.011391399,-0.000341596,0.036241191
300420.SZ,五洋自控,江苏,机械基件,20150217,5.1280627,2.949825503,0.461915538,-0.000651266,0.022789605
300421.SZ,力星股份,江苏,机械基件,20150217,5.1280627,12.39127517,4.098545882,-0.001110856,0.039426493
300422.SZ,博世科,安徽,环境保护,20150217,5.655056,6.214067114,1.345368088,-0.001067531,0.025776818
300423.SZ,昇辉科技,山东,电气设备,20150217,6.2462397,9.759248322,2.636237283,-0.001150319,0.035930623
300424.SZ,航新科技,广东,航空,20150422,6.8991065,12.95821477,1.628540034,-0.000463409,0.030507051
300425.SZ,中建环能,四川,环境保护,20150216,5.655056,4.755932886,0.420876544,-0.000323926,0.023664524
300426.SZ,唐德影视,浙江,影视音像,20150217,5.3885503,8.582375839,2.477910121,0.00049806,0.038177587
300427.SZ,红相股份,福建,电气设备,20150217,6.2462397,10.9593414,5.213319309,-0.001568564,0.030783363
300428.SZ,立中集团,河北,汽车配件,20150319,5.914197,23.3134094,5.828659165,-0.000404338,0.035417603
300429.SZ,强力新材,江苏,化工原料,20150324,5.4360824,10.32016107,1.821251778,-0.000224438,0.033232232
300430.SZ,诚益通,北京,电器仪表,20150319,5.9888244,13.06383893,2.553361378,0.000148133,0.034019347
300432.SZ,富临精工,四川,汽车配件,20150319,5.914197,16.2226443,9.997069496,-0.002177739,0.039430186
300433.SZ,蓝思科技,湖南,元器件,20150318,-1.3768502,13.88531544,3.837859778,-0.000421993,0.024842452
300434.SZ,金石亚药,四川,化学制药,20150424,5.6343184,10.33724832,2.321470572,-0.000304999,0.03180525
300435.SZ,中泰股份,浙江,供气供热,20150326,5.345988,15.20005369,3.276391849,-0.000976776,0.027775154
300436.SZ,广生堂,福建,化学制药,20150422,5.6343184,29.95174497,8.783437518,-0.000620466,0.039790449
300437.SZ,清水源,河南,化工原料,20150423,5.4360824,17.10186486,7.045379298,-0.000180303,0.044228628
300438.SZ,鹏辉能源,广东,电气设备,20150424,6.2462397,44.96275304,19.70248402,-0.000207311,0.043410532
300439.SZ,美康生物,浙江,医疗保健,20150422,6.0711374,12.75280537,3.388996909,-0.000847941,0.025861274
300440.SZ,运达科技,四川,软件服务,20150423,5.631536,7.087288591,1.239583438,-0.000374298,0.028776034
300441.SZ,鲍斯股份,浙江,机床制造,20150423,-2.5901217,6.975637584,1.648786912,-0.000723493,0.024056307
300442.SZ,润泽科技,河北,软件服务,20150424,5.631536,37.61312752,12.13800203,-0.000613188,0.035734626
300443.SZ,金雷股份,山东,电气设备,20150422,6.2462397,35.87038926,13.56929937,-0.000818834,0.034670199
300444.SZ,双杰电气,北京,电气设备,20150423,6.2462397,6.06685906,1.003101139,0.000159927,0.032972579
300445.SZ,康斯特,北京,电器仪表,20150424,5.9888244,14.33148993,2.192498834,-7.02333E-06,0.024546187
300446.SZ,航天智造,河北,汽车配件,20150423,5.914197,12.21734332,2.123881591,0.000601525,0.031612502
300447.SZ,全信股份,江苏,电气设备,20150422,6.2462397,16.47668456,3.156143333,-0.00075458,0.029877218
300448.SZ,浩云科技,广东,软件服务,20150424,5.631536,5.46885906,0.906342741,-0.000401366,0.032001897
300449.SZ,汉邦高科,北京,IT设备,20150422,6.018636,5.813167785,1.090556312,-0.000364453,0.031658333
300450.SZ,先导智能,江苏,专用机械,20150518,5.9916244,42.06083221,19.4063017,-0.002011064,0.026514764
300451.SZ,创业慧康,浙江,软件服务,20150514,5.631536,7.030442953,2.007880962,-0.000867392,0.028148907
300452.SZ,山河药辅,安徽,化学制药,20150515,5.6343184,15.06903356,2.59196222,-0.000214669,0.032898176
300453.SZ,三鑫医疗,江西,医疗保健,20150515,6.0711374,8.790577181,1.94223594,-0.000659843,0.022916458
300454.SZ,深信服,深圳,软件服务,20180516,5.631536,110.6963221,48.60455544,-0.002053538,0.027940314
300455.SZ,航天智装,北京,IT设备,20150515,6.018636,10.22473826,1.508522284,-6.40965E-05,0.030301693
300456.SZ,赛微电子,北京,半导体,20150514,-2.3041902,19.32724832,3.931981918,-0.000885772,0.031618712
300457.SZ,赢合科技,深圳,专用机械,20150514,5.9916244,21.65303356,5.467582414,-0.000708785,0.033219149
300458.SZ,全志科技,广东,半导体,20150515,-2.3041902,31.09512752,15.97427462,-0.001517405,0.043340319
300459.SZ,汤姆猫,浙江,互联网,20150515,1.3198211,4.520362416,1.267832268,0.000299924,0.037764492
300460.SZ,惠伦晶体,广东,元器件,20150515,-1.3768502,12.36394595,3.703153628,-0.001006278,0.036547456
300461.SZ,田中精机,浙江,专用机械,20150519,5.9916244,17.99539084,3.445538185,-0.000311926,0.040847069
300462.SZ,华铭智能,上海,IT设备,20150527,6.018636,10.51548993,1.743588118,-0.000314377,0.039418978
300463.SZ,迈克生物,四川,医疗保健,20150528,6.0711374,18.31548993,5.5015063,-0.00104581,0.024196892
300464.SZ,星徽股份,广东,机械基件,20150610,5.1280627,6.05652349,1.482161898,-0.001088202,0.033809014
300465.SZ,高伟达,北京,软件服务,20150528,5.631536,9.495342282,1.801105223,-0.000151703,0.033267712
300466.SZ,赛摩智能,江苏,电器仪表,20150528,5.9888244,6.128,1.008135936,0.00023305,0.034819909
300467.SZ,迅游科技,四川,互联网,20150527,1.3198211,14.0007651,2.198351247,5.80689E-05,0.035629875
300468.SZ,四方精创,深圳,软件服务,20150527,5.631536,12.35528859,4.215420068,-0.00053697,0.038013336
300469.SZ,信息发展,浙江,软件服务,20150611,5.631536,15.05504698,3.474676287,0.000540771,0.039638677
300470.SZ,中密控股,四川,机械基件,20150612,5.1280627,38.67591946,4.267147759,-0.000335814,0.018978429
300471.SZ,厚普股份,四川,专用机械,20150611,5.9916244,14.93661745,5.28147616,-0.001343949,0.03203793
300472.SZ,新元科技,江西,专用机械,20150611,5.9916244,10.65873826,4.114890677,-0.000793099,0.043119276
300473.SZ,德尔股份,辽宁,汽车配件,20150612,5.914197,18.00249664,2.859773742,-0.000389811,0.031636689
300474.SZ,景嘉微,湖南,元器件,20160331,-1.3768502,83.34042953,30.04845777,-0.000777688,0.039915259
300475.SZ,香农芯创,安徽,元器件,20150610,-1.3768502,25.57223275,6.868628185,0.00058046,0.036011491
300476.SZ,胜宏科技,广东,元器件,20150611,-1.3768502,22.33092617,6.355902225,0.000490175,0.036002984
300477.SZ,合纵科技,湖南,电气设备,20150610,6.2462397,5.383651007,2.20018843,-0.001936481,0.034104549
300478.SZ,杭州高新,浙江,塑料,20150610,6.4467297,10.05689933,1.322893709,-0.000235916,0.029113085
300479.SZ,神思电子,山东,软件服务,20150612,5.631536,18.88421622,3.479323548,9.47872E-05,0.041197924
300480.SZ,光力科技,河南,专用机械,20150702,5.9916244,21.15412081,6.481896362,-0.001189828,0.034275955
300481.SZ,濮阳惠成,河南,化工原料,20150630,5.4360824,21.99959732,7.123703455,-0.000622125,0.029150667
300482.SZ,万孚生物,广东,医疗保健,20150630,6.0711374,32.63590604,7.545289442,-0.000824138,0.032119842
300483.SZ,首华燃气,上海,石油开采,20150630,-0.41138357,13.32114094,4.031993212,-0.001244809,0.034385611
300484.SZ,蓝海华腾,深圳,电气设备,20160322,6.2462397,13.16566443,2.060228709,-0.000274563,0.035895118
300485.SZ,赛升药业,北京,生物制药,20150626,4.419265,10.97472483,2.387479372,-0.000647019,0.02656786
300486.SZ,东杰智能,山西,专用机械,20150630,5.9916244,8.196872483,2.020348572,-0.000891895,0.035861932
300487.SZ,蓝晓科技,陕西,化工原料,20150702,5.4360824,68.77946309,18.93234781,-0.000788542,0.03576506
300488.SZ,恒锋工具,浙江,机械基件,20150701,5.1280627,24.45185235,4.379315083,-0.000742695,0.032062197
300489.SZ,光智科技,黑龙江,专用机械,20150701,5.9916244,19.22036242,3.27850338,-0.00028831,0.032222961
300490.SZ,华自科技,湖南,专用机械,20151231,5.9916244,13.82175839,4.97849283,-0.001844836,0.034613347
300491.SZ,通合科技,河北,电气设备,20151231,6.2462397,18.92528859,5.210417883,-0.000168177,0.036745678
300492.SZ,华图山鼎,四川,建筑工程,20151223,6.1645865,57.13605121,21.26432228,0.000556093,0.026588927
300493.SZ,润欣科技,上海,元器件,20151210,-1.3768502,7.619865772,0.992021659,0.000285181,0.030313436
300494.SZ,盛天网络,湖北,互联网,20151231,1.3198211,16.67238926,6.968084534,-0.000355278,0.045756322
300496.SZ,中科创达,北京,软件服务,20151210,5.631536,94.77210738,32.35811026,-0.001330313,0.032835013
300497.SZ,富祥药业,江西,化学制药,20151222,5.6343184,12.67961074,3.197195215,-0.000848327,0.035137649
300498.SZ,温氏股份,广东,农业综合,20151102,5.4254327,19.20453691,2.173378726,0.000444639,0.021552923
300499.SZ,高澜股份,广东,专用机械,20160202,5.9916244,13.2509396,2.945072872,-0.000185521,0.040342821
300500.SZ,启迪设计,江苏,建筑工程,20160204,6.1645865,16.42201342,4.68221885,-0.000934152,0.039385405
300501.SZ,海顺新材,上海,广告包装,20160204,6.04935,15.26963758,2.940799257,-0.000548939,0.028416552
300502.SZ,新易盛,四川,通信设备,20160303,5.876211,48.34696644,25.22148438,0.001575391,0.043116223
300503.SZ,昊志机电,广东,机械基件,20160309,5.1280627,12.9549396,3.147163602,-0.000414132,0.040390866
300504.SZ,天邑股份,四川,通信设备,20180330,5.876211,17.06320805,2.622286061,-0.000312132,0.030494445
300505.SZ,川金诺,云南,农药化肥,20160315,4.9359045,22.3134094,8.916310093,-0.001743365,0.039596298
300506.SZ,*ST名家,深圳,建筑工程,20160324,6.1645865,5.689932796,1.886585462,-0.001305747,0.041918111
300507.SZ,苏奥传感,江苏,汽车配件,20160429,5.914197,7.122120805,2.091440907,-0.000623729,0.037442075
300508.SZ,维宏股份,上海,软件服务,20160419,5.631536,28.2844698,8.49579466,-0.001272316,0.037020222
300509.SZ,新美星,江苏,专用机械,20160425,5.9916244,6.058214765,0.806627392,-0.000269719,0.026712859
300510.SZ,金冠股份,吉林,电气设备,20160506,6.2462397,5.541704698,1.303043241,-0.00084063,0.033522099
300511.SZ,雪榕生物,上海,种植业,20160504,0.24632932,6.070214765,1.593895514,-0.000904098,0.031201552
300512.SZ,中亚股份,浙江,专用机械,20160526,5.9916244,9.226818792,3.338230199,-0.00131724,0.031128398
300513.SZ,恒实科技,北京,软件服务,20160530,5.631536,11.52906757,2.076463521,-0.000269636,0.032497502
300514.SZ,友讯达,深圳,电器仪表,20170426,5.9888244,12.61374497,1.896789609,0.000372161,0.032341086
300515.SZ,三德科技,湖南,电器仪表,20160608,5.9888244,11.62703356,2.090541791,-0.000209877,0.029457103
300516.SZ,久之洋,湖北,电器仪表,20160602,5.9888244,29.67334228,3.675043299,-0.000200424,0.02836812
300517.SZ,海波重科,湖北,建筑工程,20160719,6.1645865,12.48544966,2.400519342,-0.000471526,0.031634117
300518.SZ,新迅达,广西,互联网,20160624,1.3198211,33.82795973,18.95393712,-0.001884243,0.038479007
300519.SZ,新光药业,浙江,中成药,20160624,0.30637786,15.80621477,2.62820775,-0.000394759,0.028738678
300520.SZ,科大国创,安徽,软件服务,20160708,5.631536,19.15877852,3.112754025,-0.000290878,0.034177048
300521.SZ,爱司凯,广东,专用机械,20160705,5.9916244,12.46612329,2.095764862,-0.000784069,0.036041311
300522.SZ,世名科技,江苏,染料涂料,20160705,5.8216114,12.68402685,2.260892071,-0.000679147,0.030567069
300523.SZ,辰安科技,北京,软件服务,20160726,5.631536,21.49072483,2.828759229,-0.000448913,0.026378877
300525.SZ,博思软件,福建,软件服务,20160726,5.631536,17.83652349,3.957693728,-0.000342245,0.02828127
300527.SZ,中船应急,湖北,专用机械,20160805,5.9916244,7.798604027,1.098133649,-0.000561608,0.026401925
300528.SZ,幸福蓝海,江苏,影视音像,20160808,5.3885503,7.881932886,2.033523617,0.000364625,0.039152199
300529.SZ,健帆生物,广东,医疗保健,20160802,6.0711374,34.45994631,11.57113981,-0.000738108,0.026212899
300530.SZ,领湃科技,湖南,电气设备,20160809,6.2462397,24.93619624,6.554251447,-0.001042474,0.041443615
300531.SZ,优博讯,深圳,IT设备,20160809,6.018636,14.49880537,3.047837996,-0.000405238,0.033670969
300532.SZ,今天国际,深圳,软件服务,20160818,5.631536,14.50514094,3.101496346,-6.33523E-05,0.034973838
300533.SZ,冰川网络,深圳,互联网,20160818,1.3198211,27.16613423,12.309216,-1.4439E-05,0.045162417
300534.SZ,陇神戎发,甘肃,中成药,20160913,0.30637786,9.215945946,1.815196131,0.000276816,0.03956572
300535.SZ,达威股份,四川,化工原料,20160812,5.4360824,14.11072483,1.709048503,-0.000308071,0.027375002
300536.SZ,*ST农尚,湖北,建筑工程,20160920,6.1645865,15.42022849,4.221395268,-0.001891301,0.040735913
300537.SZ,广信材料,江苏,染料涂料,20160830,5.8216114,15.63551678,2.616837495,-0.000133689,0.034892851
300538.SZ,同益股份,深圳,塑料,20160826,6.4467297,16.33500671,4.559672577,-0.000676965,0.037297171
300539.SZ,横河精密,浙江,塑料,20160830,6.4467297,9.851194631,2.242038734,1.57021E-05,0.032203261
300540.SZ,蜀道装备,四川,专用机械,20160823,5.9916244,22.60667114,4.027814675,-0.000368503,0.033432646
300541.SZ,先进数通,北京,软件服务,20160913,5.631536,13.40116779,2.751848129,-0.000559611,0.036491745
300542.SZ,新晨科技,北京,软件服务,20160920,5.631536,12.68519463,1.557774121,0.000196536,0.039803058
300543.SZ,朗科智能,深圳,元器件,20160908,-1.3768502,9.948,2.07451488,-0.000642034,0.02787492
300545.SZ,联得装备,深圳,专用机械,20160928,5.9916244,22.69961074,4.392798877,7.50588E-06,0.034091512
300546.SZ,雄帝科技,深圳,IT设备,20160928,6.018636,19.82319463,6.750736021,-0.000210358,0.043053311
300547.SZ,川环科技,四川,汽车配件,20160930,5.914197,15.68500671,2.218975602,0.000403584,0.030647123
300548.SZ,博创科技,浙江,通信设备,20161012,5.876211,25.42846154,6.030236117,-0.000778904,0.04067355
300549.SZ,优德精密,江苏,专用机械,20160930,5.9916244,16.08744966,3.581033212,-0.000437552,0.035617484
300550.SZ,和仁科技,浙江,软件服务,20161018,5.631536,13.03942282,2.326778153,-2.77828E-05,0.033800741
300551.SZ,古鳌科技,上海,软件服务,20161018,5.631536,14.86565101,5.80351056,-0.000751122,0.044968467
300552.SZ,万集科技,北京,IT设备,20161021,6.018636,24.81900671,5.92799104,0.000211136,0.041938481
300553.SZ,集智股份,浙江,电器仪表,20161021,5.9888244,40.18052349,13.56923087,-0.000773496,0.034517213
300554.SZ,三超新材,江苏,矿物制品,20170421,5.8976912,20.87187919,4.642331602,0.000158719,0.040043763
300555.SZ,ST路通,江苏,通信设备,20161018,5.876211,7.18344086,1.054540137,-0.000406659,0.023108586
300556.SZ,丝路视觉,深圳,软件服务,20161104,5.631536,22.2810604,4.452556633,-0.000339961,0.039255714
300557.SZ,理工光科,湖北,电器仪表,20161101,5.9888244,30.47954362,4.747458664,-0.000175731,0.030155121
300558.SZ,贝达药业,浙江,化学制药,20161107,5.6343184,53.99451007,14.38111129,-0.000838035,0.029051352
300559.SZ,佳发教育,四川,软件服务,20161101,5.631536,11.49736913,3.11375237,-1.45859E-06,0.037352948
300560.SZ,中富通,福建,通信设备,20161101,5.876211,14.8402953,2.45687573,-6.04293E-05,0.037446386
300561.SZ,汇金科技,广东,软件服务,20161117,5.631536,10.76173854,1.788235983,0.00051207,0.03777717
300562.SZ,乐心医疗,广东,医疗保健,20161116,6.0711374,10.43613423,1.551671604,-6.67042E-06,0.034040333
300563.SZ,神宇股份,江苏,通信设备,20161114,5.876211,15.9278255,6.527255787,0.001098704,0.040270652
300564.SZ,筑博设计,西藏,建筑工程,20191108,6.1645865,15.04500671,5.399928019,-0.001206232,0.038133812
300565.SZ,科信技术,深圳,通信设备,20161122,5.876211,16.75853691,8.42859635,-0.000137665,0.041173362
300566.SZ,激智科技,浙江,元器件,20161115,-1.3768502,19.44637584,4.796439878,-0.000855595,0.031760137
300567.SZ,精测电子,湖北,电器仪表,20161122,5.9888244,63.04249664,17.76814313,-0.000131137,0.030947921
300568.SZ,星源材质,深圳,化工原料,20161201,5.4360824,21.93060403,11.80147851,-0.002202424,0.035350549
300569.SZ,天能重工,山东,电气设备,20161125,6.2462397,8.708845638,3.096291358,-0.000935997,0.030783825
300570.SZ,太辰光,深圳,通信设备,20161206,5.876211,25.91798658,10.65186693,0.000895739,0.039014701
300571.SZ,平治信息,浙江,互联网,20161213,1.3198211,35.45544966,9.313991663,-0.000828025,0.033573742
300572.SZ,安车检测,深圳,电器仪表,20161206,5.9888244,15.54433557,3.427609456,-0.000584615,0.033692373
300573.SZ,兴齐眼药,辽宁,化学制药,20161208,5.6343184,142.6073826,41.94469073,-0.000248469,0.041713162
300575.SZ,中旗股份,江苏,农药化肥,20161220,4.9359045,14.93354362,6.829994317,-0.001692964,0.034178788
300576.SZ,容大感光,深圳,染料涂料,20161220,5.8216114,34.03497987,7.449872917,-0.000105946,0.037786839
300577.SZ,开润股份,安徽,纺织,20161221,6.4696865,16.95299329,2.836863003,0.000187137,0.028031912
300578.SZ,会畅通讯,上海,通信设备,20170125,5.876211,18.37943624,4.337876903,-0.000663495,0.036467289
300579.SZ,数字认证,北京,软件服务,20161223,5.631536,29.20292617,8.070813724,-0.000774091,0.03511937
300580.SZ,贝斯特,江苏,汽车配件,20170111,5.914197,22.65904698,5.105936012,-0.000432908,0.042460782
300581.SZ,晨曦航空,陕西,航空,20161220,6.8991065,16.6090604,7.554231167,-0.001824955,0.036831787
300582.SZ,英飞特,浙江,元器件,20161228,-1.3768502,14.10637584,4.839419955,-0.001389063,0.032679575
300583.SZ,赛托生物,山东,化学制药,20170106,5.6343184,21.64318121,4.990680287,-0.000444409,0.036013599
300584.SZ,海辰药业,江苏,化学制药,20170112,5.6343184,25.99848322,11.04130135,0.000257355,0.045876097
300585.SZ,奥联电子,江苏,汽车配件,20161229,5.914197,15.87892617,4.668947025,2.46039E-05,0.043134169
300586.SZ,美联新材,广东,化工原料,20170104,5.4360824,12.17428188,4.814421944,-0.000422267,0.034218179
300587.SZ,天铁科技,浙江,橡胶,20170105,6.791621,10.96538255,5.858110006,-0.002115697,0.035636823
300588.SZ,熙菱信息,新疆,IT设备,20170105,6.018636,11.1935302,2.218694223,-0.000607999,0.039871357
300589.SZ,江龙船艇,广东,船舶,20170113,6.854024,15.13563758,4.366740979,-0.001120323,0.033998991
300590.SZ,移为通信,上海,通信设备,20170111,5.876211,14.64534228,5.926632679,-0.000931126,0.032256768
300591.SZ,万里马,广东,服饰,20170110,3.6204495,5.517194631,1.238009717,-0.00074158,0.028988597
300592.SZ,华凯易佰,湖南,互联网,20170120,1.3198211,18.80750336,5.096095986,-0.000834649,0.034305356
300593.SZ,新雷能,北京,电气设备,20170113,6.2462397,30.8104698,16.30922867,-0.00227447,0.035620046
300594.SZ,朗进科技,山东,运输设备,20190621,6.052139,18.86158389,3.302390982,-0.000361374,0.033658318
300595.SZ,欧普康视,安徽,医疗保健,20170117,6.0711374,34.32205369,15.05775429,-0.001798021,0.030103404
300596.SZ,利安隆,天津,化工原料,20170119,5.4360824,39.73213423,10.62396087,-0.000561778,0.025681568
300597.SZ,吉大通信,吉林,通信设备,20170123,5.876211,8.455087248,0.979901122,-0.000231247,0.027523128
300598.SZ,诚迈科技,江苏,软件服务,20170120,5.631536,47.74994631,11.68236188,-0.000532446,0.038307662
300599.SZ,雄塑科技,广东,塑料,20170123,6.4467297,7.921945578,1.666350954,-0.001072161,0.025811071
300600.SZ,ST瑞科,江苏,船舶,20170125,6.854024,9.093709677,1.849509615,-0.000682702,0.033375804
300601.SZ,康泰生物,深圳,生物制药,20170207,4.419265,43.4846443,29.75836467,-0.002617854,0.031998147
300602.SZ,飞荣达,深圳,元器件,20170126,-1.3768502,16.60881879,3.046885321,-0.000298184,0.035595427
300603.SZ,立昂技术,新疆,通信设备,20170126,5.876211,10.22320805,1.97472682,-0.000118424,0.036863938
300604.SZ,长川科技,浙江,半导体,20170417,-2.3041902,42.01370068,9.96240457,-0.000336849,0.035815273
300605.SZ,恒锋信息,福建,软件服务,20170208,5.631536,13.39130201,2.380947911,-0.000108307,0.036673445
300606.SZ,金太阳,广东,机械基件,20170208,5.1280627,18.61472483,5.959630655,-0.000132418,0.040054143
300607.SZ,拓斯达,广东,专用机械,20170209,5.9916244,13.95292617,2.151459814,-0.000904074,0.030123893
300608.SZ,思特奇,北京,软件服务,20170213,5.631536,11.06068456,2.481705685,-0.000167511,0.038776442
300609.SZ,汇纳科技,上海,软件服务,20170215,5.631536,19.68559732,4.807634045,0.000833926,0.039848084
300610.SZ,晨化股份,江苏,化工原料,20170213,5.4360824,13.30903356,3.809636322,-0.000966086,0.032582346
300611.SZ,美力科技,浙江,汽车配件,20170220,5.914197,9.658939597,1.417403665,-0.000183028,0.032699411
300612.SZ,宣亚国际,北京,广告包装,20170215,6.04935,18.37565101,4.020891062,4.98041E-05,0.040675715
300613.SZ,富瀚微,上海,半导体,20170220,-2.3041902,72.68772789,43.14360334,-0.002374263,0.04083535
300614.SZ,百川畅银,河南,环境保护,20210525,5.655056,25.68404027,11.48175874,-0.002045748,0.034627494
300615.SZ,欣天科技,深圳,通信设备,20170215,5.876211,12.79499329,2.45076459,-0.000139478,0.034290594
300616.SZ,尚品宅配,广东,家居用品,20170307,5.7977047,23.46936913,10.32461251,-0.001801573,0.029178109
300617.SZ,安靠智电,江苏,电气设备,20170228,6.2462397,39.37398658,13.34148997,-0.001006638,0.028741963
300618.SZ,寒锐钴业,江苏,小金属,20170306,-2.8607216,45.0166443,19.68912035,-0.001532926,0.027046712
300619.SZ,金银河,广东,专用机械,20170301,5.9916244,59.31722148,18.38376708,-0.000714891,0.040923465
300620.SZ,光库科技,广东,通信设备,20170310,5.876211,43.23636242,9.166800623,-0.000505302,0.044759222
300621.SZ,维业股份,深圳,装修装饰,20170316,6.4589305,9.238939597,1.16938665,-0.000236152,0.030165225
300622.SZ,博士眼镜,深圳,其他商业,20170315,5.4766254,20.44487248,3.419629219,0.000368553,0.033028009
300623.SZ,捷捷微电,江苏,半导体,20170314,-2.3041902,21.07606711,5.164548921,-0.000470411,0.026920437
300624.SZ,万兴科技,西藏,软件服务,20180118,5.631536,62.24299329,31.44830105,0.000150752,0.045284664
300625.SZ,三雄极光,广东,家用电器,20170317,6.388499,12.4995302,1.468371078,-0.000534581,0.023208392
300626.SZ,华瑞股份,浙江,电气设备,20170320,6.2462397,8.938912752,1.182240344,-0.0001148,0.029771805
300627.SZ,华测导航,上海,通信设备,20170321,5.876211,31.99444295,4.881612195,-0.000406942,0.027975774
300628.SZ,亿联网络,福建,通信设备,20170317,5.876211,55.40841611,20.1812531,-0.001137381,0.027522923
300629.SZ,新劲刚,广东,元器件,20170324,-1.3768502,22.67573154,4.523927162,-0.000733125,0.033462097
300630.SZ,*ST普利,海南,化学制药,20170328,5.6343184,27.65701854,11.8296557,-0.002025239,0.036733438
300631.SZ,久吾高科,江苏,环境保护,20170323,5.655056,29.55365101,7.162054662,-0.001117694,0.031956214
300632.SZ,光莆股份,福建,半导体,20170406,-2.3041902,11.71942282,1.639566988,-0.000476439,0.028345863
300633.SZ,开立医疗,深圳,医疗保健,20170406,6.0711374,40.90633557,9.598719483,4.14118E-05,0.028702535
300634.SZ,彩讯股份,深圳,软件服务,20180323,5.631536,18.14020134,4.575566724,8.56183E-05,0.036303168
300635.SZ,中达安,广东,建筑工程,20170331,6.1645865,13.2842953,3.112305367,-0.000661931,0.030616161
300636.SZ,同和药业,江西,化学制药,20170331,5.6343184,14.41589262,5.481900673,-0.000885514,0.036021485
300637.SZ,扬帆新材,浙江,化工原料,20170412,5.4360824,8.100590604,1.242036537,0.000213052,0.039350408
300638.SZ,广和通,深圳,通信设备,20170413,5.876211,25.43095302,11.71281404,-0.001691407,0.034207322
300639.SZ,凯普生物,广东,医疗保健,20170412,6.0711374,16.37241611,8.981147358,-0.002172351,0.035498377
300640.SZ,德艺文创,福建,家居用品,20170417,5.7977047,5.76495302,0.910680225,-0.00047609,0.030630402
300641.SZ,正丹股份,江苏,化工原料,20170418,5.4360824,8.298743243,6.723016183,0.001357412,0.036869229
300642.SZ,透景生命,上海,医疗保健,20170421,6.0711374,21.4055302,7.742775493,-0.001931669,0.036566612
300643.SZ,万通智控,浙江,汽车配件,20170505,5.914197,13.06918121,2.208700173,-0.000141498,0.032651224
300644.SZ,南京聚隆,江苏,塑料,20180206,6.4467297,17.4109396,2.292193666,-8.32695E-05,0.029896855
300645.SZ,正元智慧,浙江,软件服务,20170421,5.631536,21.70724832,5.861994855,-0.000559579,0.033567544
300647.SZ,超频三,深圳,化工原料,20170503,5.4360824,7.586872483,1.927052325,-0.000856193,0.034945224
300648.SZ,星云股份,福建,电气设备,20170425,6.2462397,35.04079195,13.89526894,-0.001555601,0.037927437
300649.SZ,杭州园林,浙江,建筑工程,20170505,6.1645865,18.31624161,5.600276596,-0.000713912,0.038157428
300650.SZ,太龙股份,福建,元器件,20170503,-1.3768502,14.4046443,6.0341566,-0.001236243,0.0439062
300651.SZ,金陵体育,江苏,文教休闲,20170509,5.1359844,22.39442953,5.958833912,-0.001233344,0.031410387
300652.SZ,雷迪克,浙江,汽车配件,20170516,5.914197,22.36594631,3.232319101,0.000102912,0.032661386
300653.SZ,正海生物,山东,医疗保健,20170516,6.0711374,41.17828188,14.9300235,-0.001133619,0.032865402
300654.SZ,世纪天鸿,山东,出版业,20170926,0.7587014,10.04624161,2.200975247,0.000163168,0.045750843
300655.SZ,晶瑞电材,江苏,半导体,20170523,-2.3041902,18.9697047,11.80634276,-0.002531987,0.041372816
300656.SZ,民德电子,深圳,IT设备,20170519,6.018636,31.55806711,9.379133298,-0.000910346,0.034467065
300657.SZ,弘信电子,福建,元器件,20170523,-1.3768502,15.17271141,3.6507322,-0.000599375,0.037157747
300658.SZ,延江股份,福建,纺织,20170602,6.4696865,7.960040268,2.251016586,-0.001064427,0.0282196
300659.SZ,中孚信息,山东,IT设备,20170526,6.018636,24.07038926,9.117880651,-0.001513011,0.037042084
300660.SZ,江苏雷利,江苏,电气设备,20170602,6.2462397,27.71791946,4.671286443,-0.000112446,0.038455759
300661.SZ,圣邦股份,北京,半导体,20170606,-2.3041902,163.0704832,95.1738435,-0.001845988,0.033514296
300662.SZ,科锐国际,北京,文教休闲,20170608,5.1359844,37.81197315,13.51876106,-0.001458036,0.030016028
300663.SZ,科蓝软件,北京,软件服务,20170608,5.631536,14.74063087,3.27652948,-0.000297682,0.033403662
300664.SZ,鹏鹞环保,江苏,环境保护,20180105,5.655056,5.521087248,0.689455547,-0.000549916,0.016828765
300665.SZ,飞鹿股份,湖南,染料涂料,20170613,5.8216114,7.991919463,1.436219161,-0.000728481,0.02764939
300666.SZ,江丰电子,浙江,半导体,20170615,-2.3041902,61.03394631,14.75906695,5.98783E-05,0.030905635
300667.SZ,必创科技,北京,电器仪表,20170619,5.9888244,17.0590604,3.346326011,-0.000597993,0.030928835
300668.SZ,杰恩设计,深圳,装修装饰,20170619,6.4589305,19.34091275,3.015281014,0.000284586,0.029488658
300669.SZ,沪宁股份,浙江,运输设备,20170629,6.052139,13.33338255,3.229163245,-0.000526938,0.027478776
300670.SZ,大烨智能,江苏,电气设备,20170703,6.2462397,7.645409396,1.607925641,-0.000576291,0.03433317
300671.SZ,富满微,深圳,半导体,20170705,-2.3041902,49.15767785,22.38232792,-0.001814069,0.034223358
300672.SZ,国科微,湖南,半导体,20170712,-2.3041902,84.02918121,36.47161893,-0.001311543,0.037525045
300673.SZ,佩蒂股份,浙江,饲料,20170711,6.365519,15.70578523,2.945567329,-0.000484573,0.025009125
300674.SZ,宇信科技,北京,软件服务,20181107,5.631536,16.19684564,3.253860174,-0.000449625,0.028431051
300675.SZ,建科院,深圳,建筑工程,20170719,6.1645865,15.17001342,2.424100903,-0.000278576,0.035857544
300676.SZ,华大基因,深圳,医疗保健,20170714,6.0711374,59.7710604,17.18797999,-0.001134598,0.021895153
300677.SZ,英科医疗,山东,医疗保健,20170721,6.0711374,30.98763758,15.96689323,-0.0019456,0.033538026
300678.SZ,中科信息,四川,软件服务,20170728,5.631536,25.71089933,9.962684983,0.00050074,0.042811282
300679.SZ,电连技术,深圳,元器件,20170731,-1.3768502,39.20548299,6.314440416,8.25949E-05,0.030729103
300680.SZ,隆盛科技,江苏,汽车配件,20170725,5.914197,22.52736913,5.025451679,-0.000661162,0.033847514
300681.SZ,英搏尔,广东,汽车配件,20170725,5.914197,43.6234094,31.01027419,-0.002072819,0.046587642
300682.SZ,朗新集团,江苏,软件服务,20170801,5.631536,22.01420134,8.181823839,-0.000851997,0.030092665
300683.SZ,海特生物,湖北,生物制药,20170808,4.419265,37.15500671,9.469419046,-0.000707675,0.032495004
300684.SZ,中石科技,北京,元器件,20171227,-1.3768502,17.37351678,3.044553171,-0.000427501,0.03708063
300685.SZ,艾德生物,福建,医疗保健,20170802,6.0711374,33.61422819,18.98609733,-0.001756721,0.031727237
300686.SZ,智动力,深圳,元器件,20170804,-1.3768502,11.13887248,2.632992046,-0.000807227,0.034021317
300687.SZ,赛意信息,广东,软件服务,20170803,5.631536,23.88875168,6.059842272,-0.000654779,0.030252414
300688.SZ,创业黑马,北京,文教休闲,20170810,5.1359844,25.82527517,7.443570345,-0.000299487,0.047246178
300689.SZ,澄天伟业,深圳,通信设备,20170809,5.876211,18.45124832,3.179350406,-0.000561749,0.033928817
300690.SZ,双一科技,山东,电气设备,20170808,6.2462397,19.61159732,4.772422966,-0.000220924,0.038982733
300691.SZ,联合光电,广东,元器件,20170811,-1.3768502,16.85401342,2.825529282,-1.6264E-05,0.035949161
300692.SZ,中环环保,安徽,环境保护,20170821,5.655056,6.732147651,1.210201687,-0.000696828,0.021484731
300693.SZ,盛弘股份,深圳,电气设备,20170822,6.2462397,36.74190604,13.18932744,-0.000692557,0.043005674
300694.SZ,蠡湖股份,江苏,汽车配件,20181015,5.914197,10.41814765,1.16596287,-0.000344757,0.024592759
300695.SZ,兆丰股份,浙江,汽车配件,20170908,5.914197,47.72410738,6.524846209,-0.000310657,0.021654946
300696.SZ,爱乐达,四川,航空,20170822,6.8991065,28.77754362,12.91346481,-0.001635487,0.032269934
300697.SZ,电工合金,江苏,铜,20170907,-2.2392933,10.99778677,1.216725985,-0.000507043,0.030466458
300698.SZ,万马科技,浙江,通信设备,20170831,5.876211,26.73159732,6.035558054,0.000718218,0.034653168
300699.SZ,光威复材,山东,化纤,20170901,5.6056967,49.4945906,21.67414101,-0.001228459,0.030418235
300700.SZ,岱勒新材,湖南,矿物制品,20170912,5.8976912,20.07115436,9.788450623,-0.001094769,0.044774783
300701.SZ,森霸传感,河南,元器件,20170915,-1.3768502,10.8094094,3.238938816,-0.001003714,0.03070969
300702.SZ,天宇股份,浙江,化学制药,20170919,5.6343184,27.55221477,10.43347915,-0.001274747,0.030553148
300703.SZ,创源股份,浙江,文教休闲,20170919,5.1359844,9.770026991,1.208158415,-0.000481659,0.027142522
300705.SZ,九典制药,湖南,化学制药,20171010,5.6343184,26.28966443,4.873835264,-0.000292101,0.034981218
300706.SZ,阿石创,福建,元器件,20170926,-1.3768502,23.92518121,3.722896715,-0.000626409,0.029971311
300707.SZ,威唐工业,江苏,汽车配件,20171010,5.914197,15.85088591,3.129833727,-0.000502479,0.037148548
300708.SZ,聚灿光电,江苏,半导体,20171016,-2.3041902,12.21065772,5.056138978,-0.001939099,0.033756793
300709.SZ,精研科技,江苏,元器件,20171019,-1.3768502,32.11957047,9.239136665,0.000202256,0.041817503
300710.SZ,万隆光电,浙江,通信设备,20171019,5.876211,30.75124324,13.77285507,-0.001201744,0.038038803
300711.SZ,广哈通信,广东,通信设备,20171101,5.876211,13.58543624,1.945749048,0.000214662,0.035473355
300712.SZ,永福股份,福建,建筑工程,20171031,6.1645865,39.31377181,14.50960402,-0.001191945,0.035256655
300713.SZ,英可瑞,深圳,电气设备,20171101,6.2462397,16.36256376,3.444208128,-0.000269473,0.041843566
300715.SZ,凯伦股份,江苏,其他建材,20171026,5.5222344,13.38307383,3.988865494,-0.001649568,0.024537027
300716.SZ,泉为科技,广东,塑料,20171109,6.4467297,11.20724324,3.380608831,3.20377E-05,0.041112674
300717.SZ,华信新材,江苏,塑料,20171106,6.4467297,14.97130201,1.516589374,-0.000212667,0.027103483
300718.SZ,长盛轴承,浙江,机械基件,20171106,5.1280627,17.69916779,3.502268636,-0.00037134,0.032358014
300719.SZ,安达维尔,北京,航空,20171109,6.8991065,12.91320805,2.577916824,8.947E-05,0.033578437
300720.SZ,海川智能,广东,电器仪表,20171106,5.9888244,13.0785906,1.551490361,3.03595E-05,0.030487819
300721.SZ,怡达股份,江苏,化工原料,20171115,5.4360824,29.80272483,16.55586659,-0.002163223,0.044356362
300722.SZ,新余国科,江西,航空,20171110,6.8991065,29.026,6.541950882,-0.00096814,0.032805399
300723.SZ,一品红,广东,化学制药,20171116,5.6343184,28.84744966,7.846826404,-0.00106441,0.032063493
300724.SZ,捷佳伟创,深圳,专用机械,20180810,5.9916244,93.2415302,29.90939098,-0.001488525,0.033802735
300725.SZ,药石科技,江苏,化学制药,20171110,5.6343184,71.38919463,40.2860598,-0.002246979,0.032680507
300726.SZ,宏达电子,湖南,元器件,20171121,-1.3768502,46.6358255,20.43989316,-0.001612241,0.027379983
300727.SZ,润禾材料,浙江,化工原料,20171127,5.4360824,26.91791946,4.20080629,-0.000579948,0.035501194
300729.SZ,乐歌股份,浙江,家居用品,20171201,5.7977047,18.27981208,4.195769755,-0.000432041,0.032141871
300730.SZ,科创信息,湖南,软件服务,20171205,5.631536,12.99288591,2.800292826,-0.000313332,0.042813548
300731.SZ,科创新源,深圳,橡胶,20171208,6.791621,20.80849664,5.955435251,-0.001147948,0.039767518
300732.SZ,设研院,河南,建筑工程,20171212,6.1645865,10.10775839,2.312483931,-0.00072337,0.032827203
300733.SZ,西菱动力,四川,汽车配件,20180116,5.914197,18.17669799,6.417404434,-0.001065412,0.032678184
300735.SZ,光弘科技,广东,元器件,20171229,-1.3768502,14.76178523,5.573896863,0.000891597,0.03738502
300736.SZ,百邦科技,北京,通信设备,20180109,5.876211,12.40032215,2.325001943,-0.000212769,0.032990549
300737.SZ,科顺股份,广东,其他建材,20180125,5.5222344,9.830147651,3.803708802,-0.001646974,0.030975048
300738.SZ,奥飞数据,广东,软件服务,20180119,5.631536,12.92080537,5.047524667,-0.000825846,0.040495088
300739.SZ,明阳电路,深圳,元器件,20180201,-1.3768502,14.52524832,2.000834228,-0.000407966,0.028575223
300740.SZ,水羊股份,湖南,日用化工,20180208,5.286983,15.25116779,2.447077718,-0.000543141,0.028751642
300741.SZ,华宝股份,西藏,食品,20180301,6.0406103,25.77350336,9.934252192,-0.001240745,0.026828219
300743.SZ,天地数码,浙江,IT设备,20180427,6.018636,12.58225503,1.609380688,3.94251E-05,0.029132595
300745.SZ,欣锐科技,深圳,汽车配件,20180523,5.914197,36.53433557,15.00076905,-0.001186548,0.040817634
300746.SZ,汉嘉设计,浙江,建筑工程,20180525,6.1645865,10.66243607,2.859953982,0.000281417,0.040015949
300747.SZ,锐科激光,湖北,专用机械,20180625,5.9916244,30.95983893,13.20299534,-0.001779852,0.02728805
300748.SZ,金力永磁,江西,矿物制品,20180921,5.8976912,26.83877852,10.38801064,-0.001491732,0.030844792
300749.SZ,顶固集创,广东,家居用品,20180925,5.7977047,7.822107383,1.374715411,-0.000651851,0.030581394
300750.SZ,宁德时代,福建,电气设备,20180611,6.2462397,348.3624295,157.4170068,-0.001031797,0.032218324
300751.SZ,迈为股份,江苏,专用机械,20181109,5.9916244,322.4744966,197.9174003,-0.002724823,0.038983814
300752.SZ,隆利科技,深圳,元器件,20181130,-1.3768502,18.66334228,5.124697785,-0.000594265,0.037643462
300753.SZ,爱朋医疗,江苏,医疗保健,20181213,6.0711374,15.58907383,2.937856787,-0.000625589,0.035303551
300755.SZ,华致酒行,云南,其他商业,20190129,5.4766254,28.05089933,10.4296925,-0.000747928,0.02875604
300756.SZ,金马游乐,广东,旅游服务,20181228,5.9413686,17.40053691,4.474345297,-0.000881201,0.032570983
300757.SZ,罗博特科,江苏,专用机械,20190108,5.9916244,65.11111724,23.33380169,0.000994357,0.04631902
300758.SZ,七彩化学,辽宁,染料涂料,20190222,5.8216114,11.90755705,3.586498269,-0.001214682,0.038568547
300759.SZ,康龙化成,北京,化学制药,20190128,5.6343184,68.63732886,51.7629014,-0.002727543,0.039223846
300760.SZ,迈瑞医疗,深圳,医疗保健,20181016,6.0711374,304.1943758,30.49709959,-0.000298757,0.020974968
300761.SZ,立华股份,江苏,农业综合,20190218,5.4254327,28.96691275,9.001771801,-0.000321602,0.0329767
300762.SZ,上海瀚讯,上海,通信设备,20190314,5.876211,16.30016107,4.987590458,-0.000864335,0.038606036
300763.SZ,锦浪科技,浙江,电气设备,20190319,6.2462397,144.254094,74.15454202,-0.001662346,0.039424295
300765.SZ,新诺威,河北,食品,20190322,6.0406103,20.0107483,8.156801319,0.001131837,0.042287146
300766.SZ,每日互动,浙江,互联网,20190325,1.3198211,13.65595973,3.0406617,-0.000153929,0.037227654
300767.SZ,震安科技,云南,橡胶,20190329,6.791621,42.44013423,29.17454411,-0.003284577,0.030264774
300768.SZ,迪普科技,浙江,软件服务,20190412,5.631536,19.5792349,10.24752652,-0.00144723,0.031651866
300769.SZ,德方纳米,深圳,化工原料,20190415,5.4360824,239.6357315,193.5658906,-0.003314289,0.046781925
300770.SZ,新媒股份,广东,影视音像,20190419,5.3885503,40.4242953,7.321142462,-0.00034953,0.026056151
300771.SZ,智莱科技,深圳,IT设备,20190422,6.018636,13.25606711,3.643951568,-0.000828773,0.038213131
300772.SZ,运达股份,浙江,电气设备,20190426,6.2462397,20.03142084,13.39365996,-0.0015472,0.03968137
300773.SZ,拉卡拉,北京,软件服务,20190425,5.631536,18.20781208,4.61683795,-0.000861681,0.027811939
300774.SZ,倍杰特,北京,环境保护,20210804,5.655056,12.93543624,4.309834229,-0.000991758,0.028415182
300775.SZ,三角防务,陕西,航空,20190521,6.8991065,35.89091275,8.04091115,-0.000956624,0.027271132
300776.SZ,帝尔激光,湖北,专用机械,20190517,5.9916244,121.8968322,68.82965436,-0.001624771,0.04082411
300777.SZ,中简科技,江苏,化纤,20190516,5.6056967,41.83983893,12.55556796,-0.000859937,0.026380561
300778.SZ,新城市,深圳,建筑工程,20190510,6.1645865,15.77507383,4.133649521,-0.001133476,0.042057147
300779.SZ,惠城环保,山东,环境保护,20190522,5.655056,33.63818792,16.01716226,0.001494023,0.035917322
300780.SZ,德恩精工,四川,机械基件,20190531,5.1280627,16.06869799,2.914404031,-0.00018373,0.038506578
300781.SZ,因赛集团,广东,广告包装,20190606,6.04935,28.43350336,12.24335527,0.001168538,0.044003393
300782.SZ,卓胜微,江苏,半导体,20190618,-2.3041902,150.3211007,82.00403808,-0.002180509,0.034522983
300783.SZ,三只松鼠,安徽,食品,20190712,6.0406103,23.23790604,6.685819283,-0.000686469,0.026253797
300784.SZ,利安科技,浙江,塑料,20240607,6.4467297,59.22384615,13.61112067,-0.011732237,0.046480405
300785.SZ,值得买,北京,互联网,20190715,1.3198211,35.86422819,19.36285753,-0.001647872,0.044208979
300786.SZ,国林科技,山东,环境保护,20190723,5.655056,19.25013423,8.553258009,-0.001672613,0.045722234
300787.SZ,海能实业,江西,元器件,20190815,-1.3768502,23.19851007,8.340667395,-0.000995287,0.036066637
300788.SZ,中信出版,北京,出版业,20190705,0.7587014,26.31990604,5.529961463,-0.000327517,0.036987771
300789.SZ,唐源电气,四川,运输设备,20190828,6.052139,21.07030872,4.308956855,-0.000786055,0.034151504
300790.SZ,宇瞳光学,广东,元器件,20190920,-1.3768502,19.9795302,9.353538182,-0.001436582,0.031313467
300791.SZ,仙乐健康,广东,医疗保健,20190925,6.0711374,32.48597315,6.248302621,-0.000758806,0.027176999
300792.SZ,壹网壹创,浙江,互联网,20190927,1.3198211,29.67042953,10.81593461,-0.001286412,0.029480365
300793.SZ,佳禾智能,广东,IT设备,20191018,6.018636,16.50959732,2.547632012,-0.000207619,0.032828979
300795.SZ,米奥会展,浙江,文教休闲,20191022,5.1359844,30.92967742,12.75778448,-0.000141978,0.039130668
300796.SZ,贝斯美,浙江,农药化肥,20191115,4.9359045,16.14342282,3.502205099,-0.000781816,0.035018016
300797.SZ,钢研纳克,北京,电器仪表,20191101,5.9888244,13.87781208,2.803172102,-0.000548165,0.030220105
300798.SZ,锦鸡股份,江苏,染料涂料,20191122,5.8216114,7.654496644,1.55485445,-0.000778376,0.030310181
300800.SZ,力合科技,湖南,环境保护,20191106,5.655056,14.82510067,4.864229102,-0.001099963,0.027151673
300801.SZ,泰和科技,山东,化工原料,20191128,5.4360824,19.14365101,4.051495421,-0.000337894,0.025938354
300802.SZ,矩子科技,上海,专用机械,20191114,5.9916244,23.20308725,8.021867568,-0.001565351,0.032569978
300803.SZ,指南针,北京,软件服务,20191118,5.631536,47.47161074,8.96954182,0.000827958,0.034871215
300804.SZ,广康生化,广东,农药化肥,20230627,4.9359045,27.4924026,6.013468711,-0.00185279,0.031292948
300805.SZ,电声股份,广东,广告包装,20191121,6.04935,8.574536913,1.845191683,-0.000573655,0.03432485
300806.SZ,斯迪克,江苏,塑料,20191125,6.4467297,26.17689933,15.02831295,-0.002287234,0.040173608
300807.SZ,天迈科技,河南,软件服务,20191219,5.631536,26.40887248,5.002128506,0.000392922,0.0453677
300808.SZ,久量股份,广东,家用电器,20191129,6.388499,14.3494094,1.576626375,0.000327956,0.029381019
300809.SZ,华辰装备,江苏,机床制造,20191204,-2.5901217,28.07840756,10.39309474,-0.001376891,0.041367759
300810.SZ,中科海讯,北京,船舶,20191206,6.854024,19.66557047,3.02818396,-0.000550526,0.031355586
300811.SZ,铂科新材,深圳,矿物制品,20191230,5.8976912,72.87932886,22.49310605,-0.0009744,0.041243362
300812.SZ,易天股份,深圳,专用机械,20200109,5.9916244,21.79696644,4.63882794,-0.000239373,0.041687758
300813.SZ,泰林生物,浙江,医疗保健,20200114,6.0711374,41.12292617,22.56845402,-0.001842474,0.047845896
300814.SZ,中富电路,深圳,元器件,20210812,-1.3768502,24.53158389,5.871837439,8.41486E-05,0.038847782
300815.SZ,玉禾田,安徽,环境保护,20200123,5.655056,18.49781208,6.713327334,-0.001633154,0.025440381
300816.SZ,艾可蓝,安徽,汽车配件,20200210,5.914197,30.15332886,10.87297667,-0.001631684,0.033480543
300817.SZ,双飞集团,浙江,机械基件,20200218,5.1280627,16.25132886,3.619179826,-0.000987119,0.039589356
300818.SZ,耐普矿机,江西,专用机械,20200212,5.9916244,31.77781208,6.447070179,-0.000452248,0.03708192
300819.SZ,聚杰微纤,江苏,纺织,20200312,6.4696865,16.40519463,4.732508882,-0.001056488,0.033227407
300820.SZ,英杰电气,四川,电气设备,20200213,6.2462397,72.42261745,23.37163635,-0.001012219,0.043286396
300821.SZ,东岳硅材,山东,化工原料,20200312,5.4360824,12.63508725,5.016311648,-0.001862359,0.027998135
300822.SZ,贝仕达克,深圳,元器件,20200313,-1.3768502,15.74030872,4.224593864,-0.001229761,0.03822437
300823.SZ,建科智能,天津,专用机械,20200319,5.9916244,19.0106443,3.73548015,-0.001149274,0.036194041
300824.SZ,北鼎股份,深圳,家用电器,20200619,6.388499,11.25272483,4.02318405,-0.001318948,0.032261787
300825.SZ,阿尔特,北京,汽车服务,20200327,5.5388756,16.50072483,6.7600714,-0.001668324,0.037205836
300826.SZ,测绘股份,江苏,建筑工程,20200403,6.1645865,15.26593289,3.184721038,-0.000501365,0.035754951
300827.SZ,上能电气,江苏,电气设备,20200410,6.2462397,52.56389262,26.14961613,-0.001588004,0.046548998
300828.SZ,锐新科技,天津,机械基件,20200421,5.1280627,16.72849664,4.98864349,-0.000874158,0.037724198
300829.SZ,金丹科技,河南,食品,20200422,6.0406103,25.19311409,9.534378217,-0.001673253,0.027607526
300830.SZ,金现代,山东,软件服务,20200506,5.631536,8.573637584,2.162474763,-0.000471062,0.036041036
300831.SZ,派瑞股份,陕西,半导体,20200507,-2.3041902,13.35959732,2.659260266,-0.000353066,0.031603286
300832.SZ,新产业,深圳,医疗保健,20200512,6.0711374,55.78554362,12.81166281,0.000648772,0.025636789
300833.SZ,浩洋股份,广东,专用机械,20200520,5.9916244,85.57214765,20.68557008,-0.000520475,0.033483809
300834.SZ,星辉环材,广东,化工原料,20220113,5.4360824,25.00340944,6.311926714,-0.001559073,0.019218067
300835.SZ,龙磁科技,安徽,矿物制品,20200525,5.8976912,35.95667114,14.78520015,-0.000957712,0.036978936
300836.SZ,佰奥智能,江苏,专用机械,20200528,5.9916244,28.4772349,5.566021593,7.27715E-06,0.036259353
300837.SZ,浙矿股份,浙江,专用机械,20200605,5.9916244,36.51272483,9.769988854,-0.0012739,0.025752622
300838.SZ,浙江力诺,浙江,机械基件,20200608,5.1280627,15.37280537,2.583617493,-0.000636058,0.024684631
300839.SZ,博汇股份,浙江,石油加工,20200630,5.969803,13.82460403,4.846551388,-0.001590451,0.037169129
300840.SZ,酷特智能,山东,服饰,20200708,3.6204495,11.86880537,3.184737341,-0.000313398,0.02915649
300841.SZ,康华生物,四川,生物制药,20200616,4.419265,99.88883221,49.26810442,-0.001569822,0.032283279
300842.SZ,帝科股份,江苏,电气设备,20200618,6.2462397,62.37943624,16.5206561,-0.001498394,0.040762585
300843.SZ,胜蓝股份,广东,元器件,20200702,-1.3768502,22.37641611,4.189562224,-2.65577E-06,0.037301191
300844.SZ,山水比德,广东,建筑工程,20210813,6.1645865,37.21020134,15.85439996,-0.001180195,0.044498948
300845.SZ,捷安高科,河南,软件服务,20200703,5.631536,17.90805369,4.48137059,-0.000787077,0.042650786
300846.SZ,首都在线,北京,软件服务,20200701,5.631536,13.1114094,3.031954686,-0.000218757,0.041812489
300847.SZ,中船汉光,河北,化工原料,20200709,5.4360824,15.7342953,2.786525531,-0.000198182,0.034193329
300848.SZ,美瑞新材,山东,化工原料,20200720,5.4360824,24.27089933,7.287808266,-0.001128167,0.040046525
300849.SZ,锦盛新材,浙江,塑料,20200710,6.4467297,12.13889933,0.832702797,0.000139771,0.018596847
300850.SZ,新强联,河南,机械基件,20200713,5.1280627,71.92987821,57.60812472,-0.002963861,0.040701909
300851.SZ,交大思诺,北京,运输设备,20200717,6.052139,25.76285906,3.240732695,-0.00035279,0.028888311
300852.SZ,四会富仕,广东,元器件,20200713,-1.3768502,37.19736913,8.701164012,-0.001024382,0.030924044
300853.SZ,申昊科技,浙江,专用机械,20200724,5.9916244,26.67354362,7.806016638,-0.001216368,0.030775609
300854.SZ,中兰环保,深圳,环境保护,20210916,5.655056,18.23446866,6.046475837,-0.001590242,0.034414064
300855.SZ,图南股份,江苏,小金属,20200723,-2.8607216,40.80122148,13.12261321,-0.00129629,0.032281644
300856.SZ,科思股份,江苏,日用化工,20200722,5.286983,55.71332886,14.62603491,-0.000434708,0.04409336
300857.SZ,协创数据,深圳,IT设备,20200727,6.018636,32.36954362,14.81038705,0.001088679,0.033681762
300858.SZ,科拓生物,北京,食品,20200727,6.0406103,24.12404027,6.887981131,-0.001003163,0.033410996
300859.SZ,西域旅游,新疆,旅游服务,20200806,5.9413686,26.55212938,4.649795264,0.000481587,0.036937779
300860.SZ,锋尚文化,北京,文教休闲,20200824,5.1359844,46.85551678,13.60134121,-0.000747424,0.03736425
300861.SZ,美畅股份,陕西,矿物制品,20200824,5.8976912,50.27351678,21.11296577,-0.001928087,0.027081926
300862.SZ,蓝盾光电,安徽,电器仪表,20200824,5.9888244,28.49473826,4.581156439,-0.000553244,0.029352457
300863.SZ,卡倍亿,浙江,汽车配件,20200824,5.914197,65.86085906,20.32801497,-0.000391557,0.038830594
300864.SZ,南大环境,江苏,环境保护,20200824,5.655056,26.33448322,9.895012648,-0.00132444,0.033887209
300865.SZ,大宏立,四川,专用机械,20200824,5.9916244,20.68238926,4.105146348,-0.0009943,0.033225505
300866.SZ,安克创新,湖南,元器件,20200824,-1.3768502,76.47655034,15.60392737,-0.000579331,0.029917271
300867.SZ,圣元环保,福建,环境保护,20200824,5.655056,19.01213423,6.143531141,-0.001226292,0.022707252
300868.SZ,杰美特,深圳,元器件,20200824,-1.3768502,19.11688591,3.478827198,-0.00038393,0.034941873
300869.SZ,康泰医学,河北,医疗保健,20200824,6.0711374,24.9355302,7.743839853,-0.001328173,0.027622618
300870.SZ,欧陆通,深圳,电气设备,20200824,6.2462397,52.70504698,12.90315103,-0.000464664,0.036998691
300871.SZ,回盛生物,湖北,农业综合,20200824,5.4254327,19.07711409,6.468869591,-0.00182849,0.027674613
300872.SZ,天阳科技,西藏,软件服务,20200824,5.631536,17.86526174,8.056977973,-0.001248296,0.035520032
300873.SZ,海晨股份,江苏,仓储物流,20200824,5.1189384,27.71820134,11.59018852,-0.001496345,0.033097492
300875.SZ,捷强装备,天津,专用机械,20200824,5.9916244,38.38802759,13.27990802,-0.00143269,0.039333905
300876.SZ,蒙泰高新,广东,化纤,20200824,5.6056967,24.8006443,5.078534112,-0.000953318,0.029226586
300877.SZ,金春股份,安徽,纺织,20200824,6.4696865,17.35091275,4.392463576,-0.001241001,0.025783037
300878.SZ,维康药业,浙江,中成药,20200824,0.30637786,27.49697987,10.55641316,-0.001412849,0.039738506
300879.SZ,大叶股份,浙江,农用机械,20200901,6.1171265,17.50268456,3.217265801,-0.000542167,0.034040987
300880.SZ,迦南智能,浙江,电器仪表,20200901,5.9888244,19.15559732,3.75804087,-0.00019057,0.036056402
300881.SZ,盛德鑫泰,江苏,钢加工,20200901,-2.7339256,28.53316779,5.254448822,-0.000222174,0.034009752
300882.SZ,万胜智能,浙江,电器仪表,20200910,5.9888244,18.97138255,4.449252244,-0.00012427,0.040384835
300883.SZ,龙利得,安徽,造纸,20200910,5.979003,6.448174497,1.290798868,-0.001134995,0.026259666
300884.SZ,狄耐克,福建,IT设备,20201112,6.018636,12.67002685,3.519101333,-0.001082772,0.033045887
300885.SZ,海昌新材,江苏,机械基件,20200910,5.1280627,11.44049664,4.178260351,-0.001224289,0.036767819
300886.SZ,华业香料,安徽,化工原料,20200916,5.4360824,23.37820408,4.16289969,-0.000487239,0.029680487
300887.SZ,谱尼测试,北京,电器仪表,20200916,5.9888244,34.3937047,21.53743764,-0.002880172,0.046277501
300888.SZ,稳健医疗,深圳,医疗保健,20200917,6.0711374,55.28991946,19.23402801,-0.001382124,0.024868264
300889.SZ,爱克股份,深圳,电气设备,20200916,6.2462397,14.6073557,2.791668165,-0.000826177,0.028568704
300890.SZ,翔丰华,上海,电气设备,20200917,6.2462397,41.9541745,12.08351535,-0.001000752,0.036313297
300891.SZ,惠云钛业,广东,化工原料,20200917,5.4360824,11.05669799,3.136093016,-0.001313976,0.028418637
300892.SZ,品渥食品,上海,乳制品,20200924,0.12147639,25.53312752,7.2340821,-0.000411674,0.037333326
300893.SZ,松原股份,浙江,汽车配件,20200924,5.914197,27.17795973,4.195232012,0.000368374,0.036538868
300894.SZ,火星人,浙江,家用电器,20201231,6.388499,27.10563758,11.41952513,-0.001784545,0.031385903
300895.SZ,铜牛信息,北京,软件服务,20200924,5.631536,32.94010738,6.600618474,-0.000829341,0.037660522
300896.SZ,爱美客,北京,医疗保健,20200928,6.0711374,431.5754765,138.4445423,-0.001437194,0.02969153
300897.SZ,山科智能,浙江,电器仪表,20200928,5.9888244,29.35785235,5.070432364,-0.000859156,0.03009631
300898.SZ,熊猫乳品,浙江,乳制品,20201016,0.12147639,22.47280537,4.688032527,-0.000768496,0.02955078
300899.SZ,上海凯鑫,上海,环境保护,20201016,5.655056,24.43602685,4.611176004,-0.000930939,0.032488612
300900.SZ,广联航空,黑龙江,航空,20201029,6.8991065,27.27795973,5.620960401,-0.001160693,0.032117265
300901.SZ,中胤时尚,浙江,服饰,20201029,3.6204495,10.00877852,1.669927236,-0.000800303,0.032063933
300902.SZ,国安达,福建,专用机械,20201029,5.9916244,32.15920805,7.172563244,-0.000609886,0.036799273
300903.SZ,科翔股份,广东,元器件,20201105,-1.3768502,14.01789262,7.083752536,-0.001949517,0.039951171
300904.SZ,威力传动,宁夏,电气设备,20230809,6.2462397,58.39241877,19.9357027,-0.004168411,0.062387137
300905.SZ,宝丽迪,江苏,染料涂料,20201105,5.8216114,20.54095238,5.406585491,-0.000263471,0.035195087
300906.SZ,日月明,江西,运输设备,20201105,6.052139,24.65218792,4.271818179,-0.000927651,0.025588791
300907.SZ,康平科技,江苏,电气设备,20201118,6.2462397,21.16520805,3.9380538,-0.000648604,0.031997174
300908.SZ,仲景食品,河南,食品,20201123,6.0406103,40.00448322,7.809449699,-0.000968192,0.028164006
300909.SZ,汇创达,深圳,元器件,20201118,-1.3768502,30.46025815,8.077026281,-0.00116172,0.034982555
300910.SZ,瑞丰新材,河南,化工原料,20201127,5.4360824,69.86808054,32.19872148,-0.000985616,0.040490745
300911.SZ,亿田智能,浙江,家用电器,20201203,6.388499,45.79924832,16.18491063,-0.001382531,0.032509542
300912.SZ,凯龙高科,江苏,汽车配件,20201207,5.914197,17.61465772,5.288545613,-0.001180281,0.038611538
300913.SZ,兆龙互连,浙江,通信设备,20201207,5.876211,27.60308725,7.958720221,0.000143567,0.048512239
300915.SZ,海融科技,上海,乳制品,20201202,0.12147639,39.12860403,9.147126888,-0.000719749,0.026225691
300916.SZ,朗特智能,深圳,元器件,20201202,-1.3768502,41.62863087,16.0475111,-0.001300389,0.043375864
300917.SZ,特发服务,深圳,房产服务,20201221,5.6273594,28.04512752,5.119844931,0.000912566,0.046193965
300918.SZ,南山智尚,山东,纺织,20201222,6.4696865,10.13853691,1.530079811,-0.000178077,0.028823746
300919.SZ,中伟股份,贵州,电气设备,20201223,6.2462397,81.3997047,41.36734242,-0.001973371,0.030893756
300920.SZ,润阳科技,浙江,塑料,20201225,6.4467297,20.26437584,6.095774089,-0.001152129,0.030511475
300921.SZ,南凌科技,深圳,互联网,20201222,1.3198211,21.85249664,4.152459363,-0.000135153,0.039145011
300922.SZ,天秦装备,河北,专用机械,20201225,5.9916244,20.46997315,9.226902214,-0.001672088,0.034890756
300923.SZ,研奥股份,吉林,运输设备,20201224,6.052139,22.96573154,4.147075084,-0.000779435,0.030721941
300925.SZ,法本信息,深圳,软件服务,20201230,5.631536,15.6069396,6.240334356,-0.000373654,0.041060113
300926.SZ,博俊科技,江苏,汽车配件,20210107,5.914197,24.68963758,4.350839123,-1.58915E-05,0.045961005
300927.SZ,江天化学,江苏,化工原料,20210107,5.4360824,20.23312752,8.121738784,-0.001031174,0.041636023
300928.SZ,华安鑫创,北京,汽车配件,20210106,5.914197,45.07104698,10.03902541,-0.000250058,0.039859795
300929.SZ,华骐环保,安徽,环境保护,20210120,5.655056,14.41218792,6.792553791,-0.001947029,0.032466651
300930.SZ,屹通新材,浙江,小金属,20210121,-2.8607216,26.26967785,5.512656689,-0.000485059,0.035435107
300931.SZ,通用电梯,江苏,运输设备,20210121,6.052139,7.937610738,1.99397835,-0.001256802,0.028868107
300932.SZ,三友联众,广东,电气设备,20210122,6.2462397,18.95492617,8.437814815,-0.001599832,0.036077971
300933.SZ,中辰股份,江苏,电气设备,20210122,6.2462397,8.445946309,2.015778205,-0.000737955,0.032769082
300935.SZ,盈建科,北京,软件服务,20210120,5.631536,32.25790604,12.99706083,-0.001661046,0.037870137
300936.SZ,中英科技,江苏,元器件,20210126,-1.3768502,33.8625906,6.001044589,-0.000315,0.036649395
300937.SZ,药易购,四川,医药商业,20210127,5.7104278,31.22083221,7.147362368,-0.000887512,0.03281465
300938.SZ,信测标准,深圳,电器仪表,20210127,5.9888244,36.77479195,8.297077085,-0.001254876,0.037007034
300939.SZ,秋田微,深圳,元器件,20210128,-1.3768502,35.89348993,8.204601968,-0.000793465,0.036845466
300940.SZ,南极光,深圳,元器件,20210203,-1.3768502,22.11671141,8.422265569,-0.001392213,0.037428053
300941.SZ,创识科技,福建,IT设备,20210209,6.018636,25.59300671,9.48647786,-0.001203282,0.039960538
300942.SZ,易瑞生物,深圳,医疗保健,20210209,6.0711374,17.03534228,7.832348102,-0.001898095,0.036059852
300943.SZ,春晖智控,浙江,机械基件,20210210,5.1280627,16.9494094,7.323884254,-0.001032437,0.041563663
300945.SZ,曼卡龙,浙江,服饰,20210210,3.6204495,14.57587919,3.639678965,-0.00084224,0.033776059
300946.SZ,恒而达,福建,机械基件,20210208,5.1280627,40.24761074,19.15819382,-0.001825311,0.03969875
300947.SZ,德必集团,上海,房产服务,20210210,5.6273594,18.98191946,7.929165551,-0.000975845,0.04410268
300948.SZ,冠中生态,山东,环境保护,20210225,5.655056,15.17174497,4.533275646,-0.001212775,0.031495204
300949.SZ,奥雅股份,深圳,建筑工程,20210226,6.1645865,40.13253691,9.688574603,-0.000688405,0.041967923
300950.SZ,德固特,山东,专用机械,20210303,5.9916244,21.30088591,8.518166562,-0.001313851,0.038537344
300951.SZ,博硕科技,深圳,元器件,20210226,-1.3768502,54.18479195,17.2543607,-0.001487477,0.036700842
300952.SZ,恒辉安防,江苏,纺织,20210311,6.4696865,19.47868456,2.590452775,-0.000287961,0.026413651
300953.SZ,震裕科技,浙江,电气设备,20210318,6.2462397,84.36245638,30.65001129,-0.000726095,0.031077263
300955.SZ,嘉亨家化,福建,日用化工,20210324,5.286983,22.85469799,6.305851519,-0.001303919,0.030015292
300956.SZ,英力股份,安徽,元器件,20210326,-1.3768502,17.24240268,3.318975098,-0.00045895,0.037960096
300957.SZ,贝泰妮,云南,日用化工,20210325,5.286983,125.3349664,57.0925913,-0.001824981,0.027734708
300958.SZ,建工修复,北京,环境保护,20210329,5.655056,19.17536913,5.522930416,-0.001410626,0.030480061
300959.SZ,线上线下,江苏,电信运营,20210322,5.8912435,34.55016107,7.675428413,-0.000825167,0.031328791
300960.SZ,通业科技,深圳,运输设备,20210329,6.052139,20.21234899,3.125316842,-0.000526974,0.036491715
300961.SZ,深水海纳,深圳,环境保护,20210330,5.655056,12.6522953,4.597230404,-0.001592186,0.030410514
300962.SZ,中金辐照,深圳,医疗保健,20210409,6.0711374,16.34208054,2.289447882,-0.000489056,0.026223088
300963.SZ,中洲特材,上海,小金属,20210409,-2.8607216,16.32277852,5.599376039,-0.001761303,0.037026881
300964.SZ,本川智能,江苏,元器件,20210805,-1.3768502,37.07739597,8.277953128,-0.000435649,0.038981172
300965.SZ,*ST恒宇,北京,航空,20210402,6.8991065,47.52930518,12.99240682,-0.001428663,0.03460694
300966.SZ,共同药业,湖北,化学制药,20210409,5.6343184,26.80845638,8.520435186,-0.001327795,0.037266036
300967.SZ,晓鸣股份,宁夏,农业综合,20210413,5.4254327,16.3449396,4.671089277,-0.000650444,0.036449596
300968.SZ,格林精密,广东,元器件,20210415,-1.3768502,9.823744966,1.818061287,-0.000557828,0.033149314
300969.SZ,恒帅股份,浙江,汽车配件,20210412,5.914197,80.14581208,19.22158365,0.000324574,0.044505605
300970.SZ,华绿生物,江苏,种植业,20210412,0.24632932,19.33762416,5.009889373,-0.000878129,0.032105901
300971.SZ,博亚精工,湖北,机械基件,20210415,5.1280627,25.28108725,6.707018012,-0.001209575,0.031574981
300972.SZ,万辰集团,福建,种植业,20210419,0.24632932,23.55622819,10.68841041,0.001226383,0.036838526
300973.SZ,立高食品,广东,食品,20210415,6.0406103,76.46220134,33.8531471,-0.001871618,0.02979321
300975.SZ,商络电子,江苏,元器件,20210421,-1.3768502,9.925610738,3.897390385,-0.000976757,0.040215445
300976.SZ,达瑞电子,广东,元器件,20210419,-1.3768502,52.68566443,13.86598943,-0.000803413,0.026967601
300977.SZ,深圳瑞捷,深圳,建筑工程,20210420,6.1645865,26.69691275,14.13949581,-0.00170137,0.04419635
300978.SZ,东箭科技,广东,汽车配件,20210426,5.914197,13.57381208,2.972710869,-0.000685007,0.036342832
300979.SZ,华利集团,广东,服饰,20210426,3.6204495,62.55385235,13.68884006,-0.000311718,0.024533718
300980.SZ,祥源新材,湖北,塑料,20210421,6.4467297,23.89354362,8.177574341,-0.001336343,0.034025242
300981.SZ,中红医疗,河北,医疗保健,20210427,6.0711374,30.52480537,25.94561045,-0.002964171,0.039628366
300982.SZ,苏文电能,江苏,建筑工程,20210427,6.1645865,45.55697987,18.33558039,-0.001866328,0.034261538
300983.SZ,尤安设计,上海,建筑工程,20210420,6.1645865,39.67255034,21.71001524,-0.002266695,0.02941998
300984.SZ,金沃股份,浙江,机械基件,20210618,5.1280627,29.82287248,12.55107574,-0.000927266,0.035574536
300985.SZ,致远新能,吉林,汽车配件,20210429,5.914197,28.75918121,7.784088679,-0.000899185,0.039610934
300986.SZ,志特新材,江西,建筑工程,20210430,6.1645865,29.16174497,16.89721824,-0.002293026,0.039807746
300987.SZ,川网传媒,四川,互联网,20210511,1.3198211,19.31685906,6.646842007,-0.000919043,0.038439387
300988.SZ,津荣天宇,天津,机械基件,20210512,5.1280627,24.42049664,7.418386334,-0.00100067,0.043878082
300989.SZ,蕾奥规划,深圳,建筑工程,20210507,6.1645865,24.45849664,10.66203864,-0.001763528,0.048583015
300990.SZ,同飞股份,河北,专用机械,20210512,5.9916244,69.60605369,31.69499846,-0.00131215,0.052016697
300991.SZ,创益通,深圳,元器件,20210520,-1.3768502,18.63640268,7.30325231,-0.001272807,0.041763158
300992.SZ,泰福泵业,浙江,机械基件,20210525,5.1280627,20.51524832,3.526175618,-0.00074125,0.029272821
300993.SZ,玉马科技,山东,家居用品,20210524,5.7977047,14.93712752,6.116509658,-0.001202867,0.035653133
300994.SZ,久祺股份,浙江,文教休闲,20210812,5.1359844,22.18127517,11.17284006,-0.001795342,0.035248752
300995.SZ,奇德新材,广东,塑料,20210526,6.4467297,20.8346443,4.448022808,-0.000936325,0.035021471
300996.SZ,普联软件,山东,软件服务,20210603,5.631536,29.39586577,10.89165788,-0.000957718,0.036968294
300997.SZ,欢乐家,广东,软饮料,20210602,0.7887329,13.51842953,2.087696763,-0.000468705,0.027287358
300998.SZ,宁波方正,浙江,专用机械,20210602,5.9916244,26.6322953,6.144359943,-0.000654569,0.035488173
300999.SZ,金龙鱼,上海,食品,20201015,6.0406103,42.4998255,11.49370279,-0.001114036,0.017690469
301000.SZ,肇民科技,上海,汽车配件,20210528,5.914197,32.20609396,17.76242966,-0.002115426,0.045916176
301001.SZ,凯淳股份,上海,互联网,20210528,1.3198211,25.27939597,5.238494129,-0.000609481,0.04017079
301002.SZ,崧盛股份,深圳,电气设备,20210607,6.2462397,27.06163758,14.88894602,-0.00215979,0.031788144
301003.SZ,江苏博云,江苏,塑料,20210601,6.4467297,30.40551678,13.05179551,-0.00137003,0.036698647
301004.SZ,嘉益股份,浙江,家居用品,20210625,5.7977047,41.23914094,21.5992855,0.001941013,0.033010236
301005.SZ,超捷股份,上海,汽车配件,20210601,5.914197,32.662,11.44722605,-0.001300881,0.037024089
301006.SZ,迈拓股份,江苏,电器仪表,20210607,5.9888244,19.07609396,4.960578267,-0.001076434,0.028692109
301007.SZ,德迈仕,辽宁,汽车配件,20210616,5.914197,15.3622953,3.597120147,-0.000447792,0.040280096
301008.SZ,宏昌科技,浙江,家用电器,20210611,6.388499,28.50589262,7.291577207,-0.00133425,0.032445786
301009.SZ,可靠股份,浙江,造纸,20210617,5.979003,12.62021477,3.948162082,-0.001555622,0.027998822
301010.SZ,晶雪节能,江苏,其他建材,20210618,5.5222344,19.17010738,4.369444951,-0.000915749,0.037302109
301011.SZ,华立科技,广东,文教休闲,20210617,5.1359844,29.48420134,13.67077599,-0.001798426,0.038723189
301012.SZ,扬电科技,江苏,电气设备,20210622,6.2462397,32.5554094,11.54869591,-0.000499219,0.042719116
301013.SZ,利和兴,深圳,专用机械,20210629,5.9916244,14.9033557,5.647340892,-0.001107567,0.043252171
301015.SZ,百洋医药,山东,医药商业,20210630,5.7104278,26.93532886,4.393282223,7.76107E-05,0.030084851
301016.SZ,雷尔伟,江苏,运输设备,20210630,6.052139,21.17919728,3.53621159,-0.000805911,0.041218492
301017.SZ,漱玉平民,山东,医药商业,20210705,5.7104278,18.15099329,4.513079955,-0.000689805,0.035430112
301018.SZ,申菱环境,广东,专用机械,20210707,5.9916244,29.76414765,8.287933002,-0.000135446,0.040094267
301019.SZ,宁波色母,浙江,塑料,20210628,6.4467297,24.84544966,9.048790708,-0.001646241,0.031302657
301020.SZ,密封科技,山东,汽车配件,20210706,5.914197,21.44840268,4.749961969,-0.000731588,0.032785682
301021.SZ,英诺激光,深圳,专用机械,20210706,5.9916244,27.57591946,8.406729767,-0.001184955,0.037460723
301022.SZ,海泰科,山东,专用机械,20210702,5.9916244,30.43569128,8.279565017,-0.001015185,0.040676833
301023.SZ,江南奕帆,江苏,电气设备,20210707,6.2462397,46.51234899,14.7439773,-0.000926353,0.036411578
301024.SZ,霍普股份,上海,建筑工程,20210728,6.1645865,30.04367785,9.971177248,-0.001210532,0.037917367
301025.SZ,读客文化,上海,出版业,20210719,0.7587014,12.47962416,3.101085418,-0.000834716,0.042232045
301026.SZ,浩通科技,江苏,小金属,20210716,-2.8607216,37.93943624,14.35297585,-0.001362831,0.032674173
301027.SZ,华蓝集团,广西,建筑工程,20210715,6.1645865,14.88856376,5.545242217,-0.001155944,0.04032941
301028.SZ,东亚机械,福建,专用机械,20210720,5.9916244,10.66055034,1.900673648,-0.000614728,0.026307762
301029.SZ,怡合达,广东,专用机械,20210723,5.9916244,52.37958389,25.01553869,-0.002028602,0.029973028
301030.SZ,仕净科技,江苏,环境保护,20210722,5.655056,37.22809396,11.14640309,-0.000321557,0.038014376
301031.SZ,中熔电气,陕西,电气设备,20210715,6.2462397,129.6395436,32.25430092,-0.000613875,0.033213472
301032.SZ,新柴股份,浙江,工程机械,20210722,6.1479993,9.148107383,2.01518017,-0.000780827,0.029250781
301033.SZ,迈普医学,广东,医疗保健,20210726,6.0711374,43.29918121,8.640656322,-0.000704192,0.031767175
301035.SZ,润丰股份,山东,农药化肥,20210728,4.9359045,68.55178523,15.52682974,-0.000245294,0.025724048
301036.SZ,双乐股份,江苏,染料涂料,20210729,5.8216114,23.10651007,6.126164419,-0.000376813,0.037200651
301037.SZ,保立佳,上海,染料涂料,20210730,5.8216114,18.34071141,4.791404844,-0.001424638,0.032682926
301038.SZ,深水规院,深圳,建筑工程,20210804,6.1645865,18.516,3.792814103,-0.000462374,0.039330893
301039.SZ,中集车辆,深圳,汽车整车,20210708,6.560173,10.31531629,1.673793769,-0.000202914,0.029684658
301040.SZ,中环海陆,江苏,机械基件,20210803,5.1280627,23.29852349,9.86909611,-0.00140584,0.035578248
301041.SZ,金百泽,深圳,元器件,20210811,-1.3768502,23.90814765,4.938798372,-0.000463521,0.041028649
301042.SZ,安联锐视,广东,IT设备,20210805,6.018636,36.26346309,5.04355962,-0.000551638,0.031564062
301043.SZ,绿岛风,广东,机械基件,20210811,5.1280627,27.7302953,3.534524526,-0.000401025,0.025493285
301045.SZ,天禄科技,江苏,元器件,20210813,-1.3768502,22.81173154,4.628685986,-0.00082282,0.029648019
301046.SZ,能辉科技,上海,建筑工程,20210817,6.1645865,33.56265772,11.27508257,-0.001668348,0.036568107
301047.SZ,义翘神州,北京,生物制药,20210816,4.419265,143.5307517,109.2677451,-0.002679771,0.035676949
301048.SZ,金鹰重工,湖北,运输设备,20210818,6.052139,10.86032215,2.159195801,-0.000918544,0.031155332
301049.SZ,超越科技,安徽,环境保护,20210824,5.655056,24.54440268,5.017701858,-0.000579721,0.043764593
301050.SZ,雷电微力,四川,航空,20210824,6.8991065,100.5791812,66.21301386,-0.002791292,0.039175376
301051.SZ,信濠光电,深圳,元器件,20210827,-1.3768502,65.72510067,28.55512731,-0.001891208,0.034292421
301052.SZ,果麦文化,浙江,出版业,20210830,0.7587014,34.0664698,11.38680355,-0.000444741,0.043445517
301053.SZ,远信工业,浙江,专用机械,20210901,5.9916244,24.21430872,4.011384114,-0.000822496,0.030816706
301055.SZ,张小泉,浙江,家居用品,20210906,5.7977047,15.96834232,4.046489367,-0.00143172,0.027782877
301056.SZ,森赫股份,浙江,运输设备,20210907,6.052139,9.060566802,1.458945362,-0.001031092,0.026738594
301057.SZ,汇隆新材,浙江,化纤,20210909,5.6056967,17.72064953,3.698341914,-0.000944035,0.028062708
301058.SZ,中粮科工,江苏,建筑工程,20210909,6.1645865,13.80198917,3.301248383,-0.000503374,0.031574174
301059.SZ,金三江,广东,化工原料,20210913,5.4360824,16.00755767,5.891223322,-0.001637358,0.043966335
301060.SZ,兰卫医学,上海,医疗保健,20210913,6.0711374,21.16455902,10.31364437,-0.000874317,0.046547399
301061.SZ,匠心家居,江苏,家居用品,20210913,5.7977047,46.57150611,14.51352677,-0.000736507,0.033800112
301062.SZ,上海艾录,上海,广告包装,20210914,6.04935,11.07173913,2.663009492,-0.001006577,0.029636938
301063.SZ,海锅股份,江苏,电气设备,20210924,6.2462397,27.25083562,8.67963068,-0.001700633,0.035040275
301065.SZ,本立科技,浙江,化学制药,20210914,5.6343184,31.9271875,12.81261786,-0.001921465,0.035774594
301066.SZ,万事利,浙江,纺织,20210922,6.4696865,14.9173224,5.557605424,-0.001099895,0.039174524
301067.SZ,显盈科技,深圳,元器件,20210922,-1.3768502,34.26248634,10.71430171,-0.001627847,0.039700251
301068.SZ,大地海洋,浙江,环境保护,20210928,5.655056,28.58970752,5.696478082,-0.000788335,0.034228714
301069.SZ,凯盛新材,山东,化工原料,20210927,5.4360824,28.37729767,12.11249962,-0.001283466,0.034759387
301070.SZ,开勒股份,上海,机械基件,20210923,5.1280627,33.78324213,6.397983032,-0.000101001,0.036571786
301071.SZ,力量钻石,河南,矿物制品,20210924,5.8976912,118.0179178,94.4692787,-0.003107921,0.046711626
301072.SZ,中捷精工,江苏,汽车配件,20210929,5.914197,26.17643741,6.844255144,-0.000363713,0.043961037
301073.SZ,君亭酒店,浙江,酒店餐饮,20210930,6.203304,43.55125344,20.36896681,-0.000509831,0.044358451
301075.SZ,多瑞医药,西藏,化学制药,20210929,5.6343184,26.68822558,6.752673566,-0.001223847,0.03904974
301076.SZ,新瀚新材,江苏,化工原料,20211011,5.4360824,25.79639503,5.892016787,-0.001341554,0.036497363
301077.SZ,星华新材,浙江,化工原料,20210930,5.4360824,28.30629477,14.84412403,-0.001958504,0.04251368
301078.SZ,孩子王,江苏,其他商业,20211014,5.4766254,11.67797503,4.443259259,-0.001525254,0.034647634
301079.SZ,邵阳液压,湖南,机械基件,20211019,5.1280627,20.8470195,6.455097693,-0.001032832,0.037691275
301080.SZ,百普赛斯,北京,生物制药,20211018,4.419265,103.7597914,55.51888533,-0.002104335,0.036157944
301081.SZ,严牌股份,浙江,环境保护,20211020,5.655056,12.56514644,4.274857655,-0.001465278,0.031868665
301082.SZ,久盛电气,浙江,电气设备,20211027,6.2462397,17.36178371,4.682983145,-0.001503399,0.039407697
301083.SZ,百胜智能,江西,专用机械,20211021,5.9916244,15.00909218,2.900537281,-0.000400145,0.041431012
301085.SZ,亚康股份,北京,软件服务,20211018,5.631536,43.57571627,13.67814559,0.000379392,0.043935537
301086.SZ,鸿富瀚,深圳,元器件,20211020,-1.3768502,56.43351464,16.13327912,-0.001536247,0.034657051
301087.SZ,可孚医疗,湖南,医疗保健,20211025,6.0711374,44.61934174,15.04657947,-0.001291361,0.031138984
301088.SZ,戎美股份,江苏,服饰,20211028,3.6204495,16.99222222,4.165362654,-0.001290061,0.026575707
301089.SZ,拓新药业,河南,化学制药,20211027,5.6343184,75.20380481,40.36859757,8.34979E-05,0.051307885
301090.SZ,华润材料,江苏,化工原料,20211026,5.4360824,10.38364656,1.858459598,-0.001406241,0.02308902
301091.SZ,深城交,深圳,建筑工程,20211029,6.1645865,26.00992958,5.957735238,-7.36947E-05,0.048653874
301092.SZ,争光股份,浙江,化工原料,20211102,5.4360824,28.35580508,5.159397633,-0.000699461,0.035147987
301093.SZ,华兰股份,江苏,医疗保健,20211101,6.0711374,32.31159379,8.611742927,-0.001227371,0.022864808
301095.SZ,广立微,浙江,半导体,20220805,-2.3041902,77.53099617,24.20142572,-0.002445532,0.033012779
301096.SZ,百诚医药,浙江,医疗保健,20211220,6.0711374,66.9751632,11.24376495,-0.001353146,0.028413885
301097.SZ,天益医疗,浙江,医疗保健,20220407,6.0711374,49.79975166,9.788970344,-0.000836178,0.029416951
301098.SZ,金埔园林,江苏,建筑工程,20211112,6.1645865,16.24114286,7.087074362,-0.002061071,0.036115178
301099.SZ,雅创电子,上海,元器件,20211122,-1.3768502,57.86541787,16.88784743,-0.000806355,0.042868373
301100.SZ,风光股份,辽宁,化工原料,20211217,5.4360824,20.60555556,5.352035813,-0.002061754,0.029611629
301101.SZ,明月镜片,江苏,文教休闲,20211216,5.1359844,43.71081361,14.18998029,-0.001526643,0.037895862
301102.SZ,兆讯传媒,天津,广告包装,20220328,6.04935,24.80572131,9.913356661,-0.002083102,0.036577804
301103.SZ,何氏眼科,辽宁,医疗保健,20220322,6.0711374,31.54444625,6.780358251,-0.001412037,0.031433867
301105.SZ,鸿铭股份,广东,专用机械,20221230,5.9916244,32.66676123,6.020591062,-0.001001182,0.029165656
301106.SZ,骏成科技,江苏,元器件,20220128,-1.3768502,33.84482704,4.854751108,-0.000594931,0.032327562
301107.SZ,瑜欣电子,重庆,机械基件,20220524,5.1280627,29.53203833,5.103729826,-0.001484628,0.031104634
301108.SZ,洁雅股份,安徽,日用化工,20211203,5.286983,36.45032117,9.651404235,-0.001825525,0.024516886
301109.SZ,军信股份,湖南,环境保护,20220413,5.655056,16.88494915,2.939021744,-0.001231441,0.025408355
301110.SZ,青木科技,广东,互联网,20220311,1.3198211,41.90729469,9.063881036,-0.001556863,0.040453936
301111.SZ,粤万年青,广东,中成药,20211207,0.30637786,22.93850659,7.493927696,-0.001169943,0.038533543
301112.SZ,信邦智能,广东,专用机械,20220629,5.9916244,30.00479053,7.216409588,-0.001896844,0.036256518
301113.SZ,雅艺科技,浙江,家居用品,20211222,5.7977047,30.11096726,7.306671968,-0.001712943,0.036496407
301115.SZ,建科股份,江苏,建筑工程,20220831,6.1645865,20.56736111,5.224889393,-0.001817245,0.023572955
301116.SZ,益客食品,江苏,食品,20220118,6.0406103,15.27775229,4.315467923,-0.001792461,0.031109095
301117.SZ,佳缘科技,四川,软件服务,20220117,5.631536,54.55667176,17.63453188,-0.001631919,0.042218506
301118.SZ,恒光股份,湖南,化工原料,20211118,5.4360824,31.45573276,12.7718766,-0.001864198,0.036727497
301119.SZ,正强股份,浙江,汽车配件,20211122,5.914197,27.79966859,6.914703578,-0.001472807,0.036953633
301120.SZ,新特电气,北京,电气设备,20220419,6.2462397,15.45369128,5.882909798,-0.001439774,0.043024139
301121.SZ,紫建电子,重庆,电气设备,20220808,6.2462397,47.5931286,14.62441507,-0.001731899,0.040467085
301122.SZ,采纳股份,江苏,医疗保健,20220126,6.0711374,45.34462963,19.40780954,-0.002203115,0.03395228
301123.SZ,奕东电子,广东,元器件,20220125,-1.3768502,23.1140832,4.809231298,-0.001640384,0.035795822
301125.SZ,腾亚精工,江苏,机械基件,20220608,5.1280627,20.82960993,7.363331515,-0.002436596,0.041553494
301126.SZ,达嘉维康,湖南,医药商业,20211207,5.7104278,14.7347877,4.34159353,-0.001272584,0.037166553
301127.SZ,天源环保,湖北,环境保护,20211230,5.655056,10.78708709,1.988013006,-0.001507374,0.028108501
301128.SZ,强瑞技术,深圳,专用机械,20211110,5.9916244,37.5127208,8.654851525,-0.000289063,0.04328655
301129.SZ,瑞纳智能,安徽,电器仪表,20211102,5.9888244,49.53870056,23.80754154,-0.00165319,0.045301103
301130.SZ,西点药业,吉林,化学制药,20220223,5.6343184,31.36949447,8.542108491,-0.001331161,0.031851235
301131.SZ,聚赛龙,广东,塑料,20220314,6.4467297,40.40866129,5.947905971,-0.001467266,0.036187
301132.SZ,满坤科技,江西,元器件,20220810,-1.3768502,27.06063584,3.859123745,-0.001122019,0.038320679
301133.SZ,金钟股份,广东,汽车配件,20211126,5.914197,25.91628986,4.934598697,-0.001445388,0.036517209
301135.SZ,瑞德智能,广东,元器件,20220412,-1.3768502,23.73104825,3.307940406,-0.000868671,0.032684543
301136.SZ,招标股份,福建,建筑工程,20220111,6.1645865,14.91971168,4.109611842,-0.00099016,0.039047263
301137.SZ,哈焊华通,江苏,机械基件,20220322,5.1280627,16.16825733,2.233845847,-0.000421535,0.036598838
301138.SZ,华研精机,广东,专用机械,20211215,5.9916244,30.25500739,7.946846135,-0.001782483,0.03874172
301139.SZ,元道通信,新疆,通信设备,20220708,5.876211,27.76647601,4.958315029,-0.001106702,0.034766485
301141.SZ,中科磁业,浙江,矿物制品,20230403,5.8976912,44.66093664,11.88930592,-0.001047534,0.049135774
301148.SZ,嘉戎技术,福建,环境保护,20220421,5.655056,21.98102694,3.845582401,-0.001248021,0.033025017
301149.SZ,隆华新材,山东,化工原料,20211110,5.4360824,12.6180057,3.53163563,-0.001449135,0.030772974
301150.SZ,中一科技,湖北,电气设备,20220421,6.2462397,52.72159933,26.91443176,-0.003122845,0.041579171
301151.SZ,冠龙节能,上海,机械基件,20220411,5.1280627,18.34928571,3.020310116,-0.001075812,0.034022988
301152.SZ,天力锂能,河南,小金属,20220829,-2.8607216,38.18215415,11.69274706,-0.001674361,0.036417314
301153.SZ,中科江南,北京,软件服务,20220518,5.631536,67.12877163,30.60465855,-0.001225841,0.052328873
301155.SZ,海力风电,江苏,电气设备,20211124,6.2462397,75.81947977,27.11610474,-0.001925327,0.035059758
301156.SZ,美农生物,上海,饲料,20220617,6.365519,19.8502693,5.31417408,-0.001866792,0.038581364
301157.SZ,华塑科技,浙江,电气设备,20230309,6.2462397,43.79034211,11.11434888,-0.002548295,0.036715474
301158.SZ,德石股份,山东,专用机械,20220117,5.9916244,17.76577099,4.424159794,-0.001141955,0.038022534
301159.SZ,三维天地,北京,软件服务,20220107,5.631536,36.35417549,8.987498479,-0.000984122,0.043832869
301160.SZ,翔楼新材,江苏,机械基件,20220606,5.1280627,38.40328622,4.665193863,-0.000337319,0.024912731
301161.SZ,唯万密封,上海,工程机械,20220914,6.1479993,20.31133333,3.922061891,-0.001169602,0.038924312
301162.SZ,国能日新,北京,软件服务,20220429,5.631536,65.7192517,21.34456689,-0.000945999,0.041292611
301163.SZ,宏德股份,江苏,电气设备,20220419,6.2462397,28.47434564,7.067858369,-0.000914598,0.040602008
301165.SZ,锐捷网络,福建,通信设备,20221121,5.876211,40.70663717,8.841962375,-8.12949E-05,0.037275444
301166.SZ,优宁维,上海,医药商业,20211228,5.7104278,47.47106287,16.37064185,-0.001965706,0.035070999
301167.SZ,建研设计,安徽,建筑工程,20211206,6.1645865,22.5273538,8.75197605,-0.001742324,0.037058575
301168.SZ,通灵股份,江苏,电气设备,20211210,6.2462397,47.537,14.20767056,-0.001183447,0.039674847
301169.SZ,零点有数,北京,文教休闲,20211103,5.1359844,41.63355021,9.933795493,-0.000225826,0.044815501
301170.SZ,锡南科技,江苏,汽车配件,20230627,5.914197,28.50376623,6.519133261,-0.002171568,0.035797026
301171.SZ,易点天下,陕西,互联网,20220819,1.3198211,19.03691406,3.889063376,-0.001106289,0.037062936
301172.SZ,君逸数码,四川,软件服务,20230726,5.631536,35.37592334,8.149099339,-0.00169613,0.043404789
301175.SZ,中科环保,北京,环境保护,20220708,5.655056,5.751199262,0.976726511,-0.000993996,0.023830036
301176.SZ,逸豪新材,江西,元器件,20220928,-1.3768502,16.93383505,3.205953291,-0.00046339,0.036937405
301177.SZ,迪阿股份,深圳,服饰,20211215,3.6204495,47.64967504,26.18374793,-0.003079418,0.029191264
301178.SZ,天亿马,广东,软件服务,20211112,5.631536,34.1898,13.37077197,-0.001770984,0.039765816
301179.SZ,泽宇智能,江苏,软件服务,20211208,5.631536,34.03568915,12.05329434,-0.001875696,0.041949505
301180.SZ,万祥科技,江苏,元器件,20211116,-1.3768502,18.56984241,4.86395578,-0.001429812,0.035257208
301181.SZ,标榜股份,江苏,汽车配件,20220221,5.914197,31.2931811,8.45791086,-0.001293742,0.03848666
301182.SZ,凯旺科技,河南,元器件,20211223,-1.3768502,22.22511177,4.429729611,-0.001174272,0.041125726
301183.SZ,东田微,湖北,元器件,20220524,-1.3768502,38.33872822,11.59141748,-8.78542E-05,0.047296992
301185.SZ,鸥玛软件,山东,软件服务,20211119,5.631536,20.31248921,5.014605899,-0.000868005,0.034254417
301186.SZ,超达装备,江苏,专用机械,20211223,5.9916244,34.30511177,4.942789829,-0.001029184,0.036693486
301187.SZ,欧圣电气,江苏,家用电器,20220422,6.388499,19.51890388,2.869415018,-0.000496364,0.037242456
301188.SZ,力诺药包,山东,玻璃,20211111,6.2391744,16.91430813,3.459668768,-0.000997604,0.029047653
301189.SZ,奥尼电子,深圳,IT设备,20211228,6.018636,30.14637725,7.468882175,-0.001487871,0.027768776
301190.SZ,善水科技,江西,染料涂料,20211224,5.8216114,19.85446269,4.225865043,-0.001464783,0.02564121
301191.SZ,菲菱科思,深圳,通信设备,20220526,5.876211,85.16078671,15.80788158,-0.000427061,0.041001545
301192.SZ,泰祥股份,湖北,汽车配件,20220811,5.914197,20.40505792,4.296235172,-0.001522769,0.039437353
301193.SZ,家联科技,浙江,家居用品,20211209,5.7977047,24.44334802,8.259774278,-0.001461386,0.033623779
301195.SZ,北路智控,江苏,软件服务,20220801,5.631536,53.99750951,20.96659509,-0.001597632,0.034898603
301196.SZ,唯科科技,福建,专用机械,20220111,5.9916244,34.72937785,5.345481409,-0.001043098,0.021247631
301197.SZ,工大科雅,河北,软件服务,20220808,5.631536,19.61598848,5.305284687,-0.002076627,0.030000325
301198.SZ,喜悦智行,浙江,塑料,20211202,6.4467297,18.63402332,8.678077648,-0.002785575,0.038042796
301199.SZ,迈赫股份,山东,专用机械,20211207,5.9916244,25.41143485,4.086280097,-0.000804899,0.039265625
301200.SZ,大族数控,深圳,专用机械,20220228,5.9916244,40.90095238,7.901985063,-0.001215519,0.022084138
301201.SZ,诚达药业,浙江,生物制药,20220120,4.419265,44.69266871,26.24960411,-0.002912769,0.043204772
301202.SZ,朗威股份,江苏,机械基件,20230705,5.1280627,31.51298013,5.421977584,-0.001042255,0.047400248
301203.SZ,国泰环保,浙江,环境保护,20230404,5.655056,35.59837017,7.496694292,-0.001088582,0.033950248
301205.SZ,联特科技,湖北,通信设备,20220913,5.876211,87.94649194,48.12329846,0.000507525,0.056501263
301206.SZ,三元生物,山东,食品,20220210,6.0406103,39.13180685,21.45174206,-0.002481965,0.029887177
301207.SZ,华兰疫苗,河南,生物制药,20220218,4.419265,37.51679245,13.53248839,-0.002138528,0.033066993
301208.SZ,中亦科技,北京,软件服务,20220707,5.631536,43.61867403,12.65041105,-0.000988859,0.044478532
301209.SZ,联合化学,山东,染料涂料,20220825,5.8216114,24.1115748,3.596825178,-0.001061376,0.037725924
301210.SZ,金杨股份,江苏,电气设备,20230630,6.2462397,37.914,8.450304635,-0.001530848,0.03711377
301211.SZ,亨迪药业,湖北,化学制药,20211222,5.6343184,23.54684524,6.89833241,-0.001312409,0.040260044
301212.SZ,联盛化学,浙江,化工原料,20220419,5.4360824,30.99567114,7.962162688,-0.001184565,0.035487067
301213.SZ,观想科技,四川,软件服务,20211206,5.631536,41.4577193,10.23587387,-0.000846151,0.041665682
301215.SZ,中汽股份,江苏,汽车服务,20220308,5.5388756,5.976282051,0.737555259,-0.001164102,0.030719909
301216.SZ,万凯新材,浙江,化工原料,20220329,5.4360824,21.11908046,8.609940981,-0.001837194,0.027253747
301217.SZ,铜冠铜箔,安徽,元器件,20220127,-1.3768502,12.79547141,2.269729608,-0.001214826,0.026940579
301218.SZ,华是科技,浙江,软件服务,20220307,5.631536,28.365008,9.869411777,-0.001740887,0.048344473
301219.SZ,腾远钴业,江西,小金属,20220317,-2.8607216,63.12343598,36.01357265,-0.002344532,0.041315017
301220.SZ,亚香股份,江苏,化工原料,20220622,5.4360824,33.78370036,5.94097092,-0.001201751,0.02316671
301221.SZ,光庭信息,湖北,软件服务,20211222,5.631536,52.66008929,14.78013134,-0.001085739,0.041206643
301222.SZ,浙江恒威,浙江,电气设备,20220309,6.2462397,27.51484751,4.269891517,-0.001597493,0.02916972
301223.SZ,中荣股份,广东,广告包装,20221026,6.04935,17.83493617,2.289805509,-0.000999534,0.017526861
301225.SZ,恒勃股份,浙江,汽车配件,20230616,5.914197,31.05853035,5.701064263,-0.001927948,0.03601555
301226.SZ,祥明智能,江苏,电气设备,20220325,6.2462397,26.36433715,7.138954096,-0.001499421,0.046702533
301227.SZ,森鹰窗业,黑龙江,家居用品,20220926,5.7977047,26.72685832,5.263589524,-0.001199049,0.02950794
301228.SZ,实朴检测,上海,电器仪表,20220128,5.9888244,17.34640867,5.887203633,-0.001709668,0.040625348
301229.SZ,纽泰格,江苏,汽车配件,20220222,5.914197,31.22370662,6.058519414,-0.001892833,0.040716421
301230.SZ,泓博医药,上海,生物制药,20221101,4.419265,42.06950644,13.38490064,-0.001816835,0.045641252
301231.SZ,荣信文化,陕西,出版业,20220908,0.7587014,24.7326506,6.958782373,-0.001262934,0.045233354
301232.SZ,飞沃科技,湖南,机械基件,20230615,5.1280627,43.04624204,12.81286042,-0.003314959,0.04662846
301233.SZ,盛帮股份,四川,汽车配件,20220706,5.914197,40.284375,4.207855538,-0.000818027,0.031345444
301234.SZ,五洲医疗,安徽,医疗保健,20220705,6.0711374,29.94666055,5.274763049,-0.001300992,0.031887885
301235.SZ,华康医疗,湖北,医疗保健,20220128,6.0711374,31.9272291,10.75364647,-0.001519114,0.03693932
301236.SZ,软通动力,北京,软件服务,20220315,5.631536,37.55786753,7.94374289,-0.000557806,0.047733675
301237.SZ,和顺科技,浙江,塑料,20220323,6.4467297,30.17376835,6.642665299,-0.001518727,0.030117736
301238.SZ,瑞泰新材,江苏,化工原料,20220617,5.4360824,21.70163375,6.438928959,-0.001517165,0.029492741
301239.SZ,普瑞眼科,四川,医疗保健,20220705,6.0711374,74.66592661,26.91920153,-0.000555992,0.035086576
301246.SZ,宏源药业,湖北,化学制药,20230320,5.6343184,23.97168901,8.223390818,-0.003186753,0.021904117
301248.SZ,杰创智能,广东,软件服务,20220420,5.631536,23.47368067,8.189194062,-0.001933072,0.041325144
301251.SZ,威尔高,江西,元器件,20230906,-1.3768502,33.83463035,7.250821664,-0.003522218,0.042616872
301252.SZ,同星科技,浙江,机械基件,20230525,5.1280627,39.48899696,9.443454529,-0.00271313,0.047710232
301255.SZ,通力科技,浙江,机械基件,20221227,5.1280627,37.99784038,8.396281868,-0.000754185,0.049953765
301256.SZ,华融化学,四川,化工原料,20220322,5.4360824,8.443078176,1.539886271,-0.001334853,0.025126849
301257.SZ,普蕊斯,上海,医疗保健,20220517,6.0711374,52.54373057,13.08318941,-0.001635607,0.035843406
301258.SZ,富士莱,江苏,化学制药,20220329,5.6343184,36.79428571,7.982912932,-0.001719069,0.033733077
301259.SZ,艾布鲁,湖南,环境保护,20220426,5.655056,20.87746193,5.138987731,6.0414E-07,0.032922291
301260.SZ,格力博,江苏,专用机械,20230208,5.9916244,18.76815461,6.663728467,-0.002674472,0.030655367
301261.SZ,恒工精密,河北,机械基件,20230710,5.1280627,43.02334448,5.708641529,-0.001118247,0.04068424
301262.SZ,海看股份,山东,影视音像,20230620,5.3885503,27.3714791,4.480431762,-0.001453356,0.040722224
301263.SZ,泰恩康,广东,医药商业,20220329,5.7104278,23.38032841,8.825821262,-0.001566489,0.040003747
301265.SZ,华新环保,北京,环境保护,20221216,5.655056,10.70558891,1.855585708,-0.001501672,0.026326352
301266.SZ,宇邦新材,江苏,电气设备,20220608,6.2462397,53.31239362,15.42212131,-0.000645495,0.040648188
301267.SZ,华厦眼科,福建,医疗保健,20221107,6.0711374,45.84298701,22.58949715,-0.00267126,0.033217592
301268.SZ,铭利达,深圳,机械基件,20220407,5.1280627,34.54966887,13.97218405,-0.001063398,0.037269727
301269.SZ,华大九天,北京,半导体,20220729,-2.3041902,97.05083491,15.09445824,0.000176584,0.029732872
301270.SZ,汉仪股份,北京,软件服务,20220831,5.631536,36.73220238,10.58356149,-0.00060457,0.045699212
301272.SZ,英华特,江苏,专用机械,20230713,5.9916244,47.49030405,12.8524607,-0.003168774,0.03182968
301273.SZ,瑞晨环保,上海,机械基件,20221025,5.1280627,28.21643312,10.01566067,-0.001998382,0.035350054
301276.SZ,嘉曼服饰,北京,服饰,20220909,3.6204495,23.89927565,3.068013943,-0.001175007,0.021471833
301277.SZ,新天地,河南,化学制药,20221116,5.6343184,21.66723077,6.804858932,-0.002329846,0.043644873
301278.SZ,快可电子,江苏,电气设备,20220804,6.2462397,65.2958891,27.81268153,-0.00248148,0.037890388
301279.SZ,金道科技,浙江,工程机械,20220413,6.1479993,23.60366667,3.988811048,-0.001175771,0.035109766
301280.SZ,珠城科技,浙江,元器件,20221226,-1.3768502,39.25992974,6.716587989,-0.000926708,0.037044329
301281.SZ,科源制药,山东,化学制药,20230404,5.6343184,30.93632597,8.355419595,-0.001613815,0.045240492
301282.SZ,金禄电子,广东,元器件,20220826,-1.3768502,25.12126233,5.593367189,-0.00137682,0.038221748
301283.SZ,聚胶股份,广东,日用化工,20220902,5.286983,38.54555777,11.30321508,-0.001298188,0.027631659
301285.SZ,鸿日达,江苏,元器件,20220928,-1.3768502,17.35445361,4.011354386,0.000193457,0.032338852
301286.SZ,侨源股份,四川,化工原料,20220614,5.4360824,26.38644643,3.371234898,6.00911E-05,0.022758934
301287.SZ,康力源,江苏,文教休闲,20230614,5.1359844,32.97961905,7.088375151,-0.00218856,0.027146923
301288.SZ,清研环境,深圳,环境保护,20220422,5.655056,18.27160202,4.475057107,-0.001660496,0.040675829
301289.SZ,国缆检测,上海,电器仪表,20220622,5.9888244,45.85850181,6.595653242,-0.000332602,0.038917915
301290.SZ,东星医疗,江苏,医疗保健,20221130,6.0711374,29.23408989,7.488734085,-0.002079461,0.023198581
301291.SZ,明阳电气,广东,电气设备,20230630,6.2462397,31.31439344,3.412056368,0.000174877,0.026930193
301292.SZ,海科新源,山东,化工原料,20230707,5.4360824,17.3106,4.511606545,-0.002684386,0.036455852
301293.SZ,三博脑科,北京,医疗保健,20230505,6.0711374,60.70930029,16.97745165,-0.001076518,0.042405499
301295.SZ,美硕科技,浙江,电气设备,20230628,6.2462397,28.38172638,7.722079198,-0.002808471,0.039783611
301296.SZ,新巨丰,山东,广告包装,20220902,6.04935,12.82183267,3.927143557,-0.001843844,0.025734651
301297.SZ,富乐德,安徽,半导体,20221230,-2.3041902,22.14786223,3.583468948,0.000779041,0.040674002
301298.SZ,东利机械,河北,汽车配件,20220606,5.914197,16.65650177,3.650097168,-0.001370412,0.029925108
301299.SZ,卓创资讯,山东,互联网,20221019,1.3198211,52.15833684,11.44426048,3.05417E-05,0.042467499
301300.SZ,远翔新材,福建,化工原料,20220819,5.4360824,29.64619141,5.509334096,-0.001762009,0.033412807
301301.SZ,川宁生物,新疆,化学制药,20221227,5.6343184,9.940352113,1.783735833,0.000423132,0.027678187
301302.SZ,华如科技,北京,软件服务,20220623,5.631536,41.23714286,21.05997301,-0.0026425,0.039793443
301303.SZ,真兰仪表,上海,电器仪表,20230220,5.9888244,19.02203562,4.883582234,-0.002724288,0.027145864
301305.SZ,朗坤环境,深圳,环境保护,20230523,5.655056,18.01682779,2.742490667,-0.000999798,0.02645953
301306.SZ,西测测试,陕西,航空,20220726,6.8991065,39.19845283,6.617342246,-0.000964857,0.041701267
301307.SZ,美利信,重庆,通信设备,20230424,5.876211,28.02,6.9055306,-0.000895231,0.038813548
301308.SZ,江波龙,深圳,半导体,20220805,-2.3041902,83.77431034,15.30658143,-0.000525475,0.038021207
301309.SZ,万得凯,浙江,机械基件,20220919,5.1280627,26.26363821,2.307545926,-0.00080684,0.022261568
301310.SZ,鑫宏业,江苏,汽车配件,20230602,5.914197,42.60182663,15.16809767,-0.003365434,0.037079678
301311.SZ,昆船智能,云南,机械基件,20221130,5.1280627,21.40633708,3.456633891,-0.00018281,0.038294217
301312.SZ,智立方,深圳,专用机械,20220711,5.9916244,84.77935305,29.41657103,-0.001393906,0.049646644
301313.SZ,凡拓数创,广东,文教休闲,20220930,5.1359844,30.6652381,8.334217854,-0.000769126,0.04697812
301314.SZ,科瑞思,广东,元器件,20230328,-1.3768502,43.1719346,12.47528318,-0.002705524,0.042388531
301315.SZ,威士顿,上海,软件服务,20230621,5.631536,52.61477419,13.99108569,-0.000979608,0.048058976
301316.SZ,慧博云通,浙江,软件服务,20221013,5.631536,22.77482255,6.094967188,-0.001011542,0.044108986
301317.SZ,鑫磊股份,浙江,机械基件,20230119,5.1280627,20.46009756,4.101258497,-0.001200458,0.029132261
301318.SZ,维海德,深圳,IT设备,20220810,6.018636,39.3438921,10.85424927,-0.001919406,0.043502982
301319.SZ,唯特偶,深圳,元器件,20220929,-1.3768502,50.2707438,12.48864716,-0.001479729,0.0387896
301320.SZ,豪江智能,山东,电气设备,20230609,6.2462397,17.35144654,3.585170268,-0.0019447,0.036155498
301321.SZ,翰博高新,安徽,元器件,20220818,-1.3768502,16.97826511,4.449532971,-0.00164038,0.039260627
301322.SZ,绿通科技,广东,摩托车,20230306,0.30112803,49.36070496,31.60087211,-0.004952531,0.038992237
301323.SZ,新莱福,广东,橡胶,20230606,6.791621,35.59267913,6.542797064,-0.001810321,0.033036116
301325.SZ,曼恩斯特,深圳,专用机械,20230512,5.9916244,70.17298817,22.86463241,-0.002695841,0.035341443
301326.SZ,捷邦科技,广东,元器件,20220921,-1.3768502,35.54044898,6.088480642,-0.000732326,0.045530967
301327.SZ,华宝新能,深圳,电气设备,20220919,6.2462397,106.4845732,62.54942235,-0.002034521,0.032143359
301328.SZ,维峰电子,广东,元器件,20220908,-1.3768502,56.59797189,19.28391564,-0.001782111,0.039598665
301329.SZ,信音电子,江苏,元器件,20230717,-1.3768502,19.83309524,2.924293143,-0.001722745,0.040845182
301330.SZ,熵基科技,广东,IT设备,20220817,6.018636,32.66108949,8.054822994,-0.001663167,0.034839768
301331.SZ,恩威医药,西藏,中成药,20220921,0.30637786,37.83732653,7.9062599,-0.001250091,0.036358523
301332.SZ,德尔玛,广东,家用电器,20230518,6.388499,11.69949102,2.202593212,-0.00123652,0.029823886
301333.SZ,诺思格,北京,医疗保健,20220802,6.0711374,69.61144762,24.4766609,-0.001376773,0.040975434
301335.SZ,天元宠物,浙江,文教休闲,20221118,5.1359844,25.1581457,8.309600355,-0.001909833,0.025299707
301336.SZ,趣睡科技,四川,家居用品,20220812,5.7977047,42.73487427,10.05090799,-0.002387113,0.031670131
301337.SZ,亚华电子,山东,软件服务,20230526,5.631536,33.22606707,5.995119531,-0.001639377,0.048437756
301338.SZ,凯格精机,广东,专用机械,20220816,5.9916244,42.65384466,11.9819877,-0.002032087,0.041431519
301339.SZ,通行宝,江苏,IT设备,20220909,6.018636,20.25700201,3.319294411,-0.000127335,0.036355864
301345.SZ,涛涛车业,浙江,摩托车,20230321,0.30112803,53.72814516,7.668498804,-0.000166311,0.026829913
301348.SZ,蓝箭电子,广东,半导体,20230810,-2.3041902,37.73481884,10.209832,-0.003094849,0.047174675
301349.SZ,信德新材,辽宁,化工原料,20220909,5.4360824,63.25195171,37.12867313,-0.003672377,0.039428928
301353.SZ,普莱得,浙江,专用机械,20230530,5.9916244,30.08193252,6.045447946,-0.002031869,0.03174046
301355.SZ,南王科技,福建,广告包装,20230612,6.04935,13.8255836,3.270445145,-0.002294351,0.025860697
301356.SZ,天振股份,浙江,家居用品,20221114,5.7977047,26.59341357,14.91579405,-0.003037384,0.03917458
301357.SZ,北方长龙,陕西,专用机械,20230418,5.9916244,42.90903683,11.60263556,-0.002270437,0.045377565
301358.SZ,湖南裕能,湖南,电气设备,20230209,6.2462397,36.47295,6.874180839,-0.001267827,0.027918689
301359.SZ,东南电子,浙江,元器件,20221109,-1.3768502,23.04776087,3.324442127,-0.000907644,0.033216201
301360.SZ,荣旗科技,江苏,专用机械,20230425,5.9916244,64.73712644,20.30364374,-0.000871879,0.045256391
301361.SZ,众智科技,河南,电气设备,20221116,6.2462397,23.92448352,3.532423153,-0.000658187,0.03999671
301362.SZ,民爆光电,深圳,电气设备,20230804,6.2462397,37.26814286,5.573474311,-0.001815645,0.027449557
301363.SZ,美好医疗,深圳,医疗保健,20221012,6.0711374,35.53375,7.229145812,-0.000429931,0.031798176
301365.SZ,矩阵股份,深圳,建筑工程,20221122,6.1645865,17.43523282,6.790637779,-0.002421833,0.037374118
301366.SZ,一博科技,深圳,元器件,20220926,-1.3768502,40.51864476,12.87594375,-0.001281892,0.048994693
301367.SZ,怡和嘉业,北京,医疗保健,20221101,6.0711374,144.820794,69.70120729,-0.003041437,0.035561136
301368.SZ,丰立智能,浙江,机械基件,20221215,5.1280627,39.44013825,11.41809089,0.000868144,0.050627493
301369.SZ,联动科技,广东,半导体,20220922,-2.3041902,72.14985685,27.07855138,-0.002074131,0.044989089
301370.SZ,国科恒泰,北京,医药商业,20230712,5.7104278,14.74373737,3.790708124,-0.003086521,0.036592733
301371.SZ,敷尔佳,黑龙江,日用化工,20230801,5.286983,37.17310954,8.69995106,-0.002678346,0.028100074
301372.SZ,科净源,北京,环境保护,20230811,5.655056,38.72701818,16.77518448,-0.005625866,0.039578722
301373.SZ,凌玮科技,广东,化工原料,20230208,5.4360824,28.75541147,5.109061449,-0.001630605,0.023666004
301376.SZ,致欧科技,河南,家居用品,20230621,5.7977047,22.923,2.845259107,-0.001155692,0.03392188
301377.SZ,鼎泰高科,广东,机械基件,20221122,5.1280627,19.97062084,2.753786817,-0.001557497,0.032957006
301378.SZ,通达海,江苏,软件服务,20230320,5.631536,50.63176944,27.28879616,-0.00396039,0.049900709
301379.SZ,天山电子,广西,元器件,20221101,-1.3768502,26.27871245,5.548937635,-0.001326869,0.034347284
301380.SZ,挖金客,北京,软件服务,20221025,5.631536,41.76144374,7.820421061,-0.000515424,0.037635878
301381.SZ,赛维时代,深圳,互联网,20230712,1.3198211,29.02929293,6.196450202,-0.001932127,0.03694009
301382.SZ,蜂助手,广东,互联网,20230517,1.3198211,32.03002985,9.699430982,-0.001614742,0.039125604
301383.SZ,天键股份,江西,元器件,20230609,-1.3768502,38.41433962,8.295189441,-0.001394473,0.045379591
301386.SZ,未来电器,江苏,电气设备,20230329,6.2462397,23.63172131,3.830876081,-0.000978575,0.036168153
301387.SZ,光大同创,深圳,元器件,20230418,-1.3768502,45.5031728,10.59799186,-0.001590791,0.043958849
301388.SZ,欣灵电气,浙江,电气设备,20221109,6.2462397,23.39195652,3.51355695,-0.001225364,0.035750926
301389.SZ,隆扬电子,江苏,元器件,20221031,-1.3768502,17.20670236,2.719643659,-0.000949962,0.032891525
301390.SZ,经纬股份,浙江,建筑工程,20230508,6.1645865,37.80581871,7.519717019,-0.001141825,0.035407554
301391.SZ,卡莱特,深圳,IT设备,20221201,6.018636,89.19853604,27.24576826,-0.001997624,0.03615718
301392.SZ,汇成真空,广东,专用机械,20240605,5.9916244,52.557625,12.89114555,-0.010838517,0.047316658
301393.SZ,昊帆生物,江苏,化工原料,20230712,5.4360824,57.27929293,18.59065214,-0.00318322,0.039882731
301395.SZ,仁信新材,广东,化工原料,20230703,5.4360824,16.83773026,4.798708687,-0.002735829,0.040816247
301396.SZ,宏景科技,广东,软件服务,20221111,5.631536,30.55141921,8.98428852,-0.001883114,0.040932379
301397.SZ,溯联股份,重庆,汽车配件,20230628,5.914197,37.65218241,9.687064894,-0.002216324,0.035569425
301398.SZ,星源卓镁,浙江,汽车配件,20221215,5.914197,44.889447,11.98798747,-0.000157373,0.045172868
301399.SZ,英特科技,浙江,机械基件,20230523,5.1280627,36.66773414,13.87120691,-0.002245697,0.050538453
301408.SZ,华人健康,安徽,医药商业,20230301,5.7104278,15.21759067,3.671893902,-0.002214493,0.028642394
301413.SZ,安培龙,深圳,电器仪表,20231218,5.9888244,50.13247368,12.47784923,-0.004604872,0.046123289
301418.SZ,协昌科技,江苏,电气设备,20230821,6.2462397,45.59520446,12.9098507,-0.004232766,0.037564792
301419.SZ,阿莱德,上海,通信设备,20230209,5.876211,34.363925,8.006920963,-0.001916408,0.041097597
301421.SZ,波长光电,江苏,元器件,20230823,-1.3768502,51.36520599,12.94731026,-0.000866124,0.050979596
301428.SZ,世纪恒通,贵州,互联网,20230519,1.3198211,33.83066066,7.006255521,-0.001423994,0.039810469
301429.SZ,森泰股份,安徽,其他建材,20230417,5.5222344,19.20056497,4.570397075,-0.002219056,0.039493814
301439.SZ,泓淋电力,山东,电气设备,20230317,6.2462397,14.92160428,2.715648347,-0.001900559,0.027860661
301446.SZ,福事特,江西,机械基件,20230725,5.1280627,26.10274306,6.532952903,-0.002553522,0.039335358
301448.SZ,开创电气,浙江,机械基件,20230619,5.1280627,27.60458333,6.769957882,-0.002349562,0.048301461
301456.SZ,盘古智能,山东,电气设备,20230714,6.2462397,28.66149153,6.707679157,-0.0031052,0.03639332
301459.SZ,丰茂股份,浙江,汽车配件,20231213,5.914197,39.14145078,4.834329492,-0.002553481,0.033567558
301468.SZ,博盈特焊,广东,专用机械,20230724,5.9916244,27.33024221,6.183595031,-0.002153031,0.022366783
301469.SZ,恒达新材,浙江,造纸,20230822,5.979003,30.52458955,8.556696056,-0.003846913,0.038050856
301486.SZ,致尚科技,深圳,元器件,20230707,-1.3768502,44.5458,7.408299763,-0.001812355,0.04411704
301487.SZ,盟固利,天津,化工原料,20230809,5.4360824,36.22259928,14.04980993,-0.005713829,0.064327442
301488.SZ,豪恩汽电,深圳,汽车配件,20230704,5.914197,63.370033,14.4164354,-0.001709058,0.043648633
301489.SZ,思泉新材,广东,元器件,20231024,-1.3768502,69.05449782,10.96423437,-0.000377822,0.056441622
301498.SZ,乖宝宠物,山东,饲料,20230816,6.365519,46.11639706,5.459988331,-0.000338968,0.025734616
301499.SZ,维科精密,上海,汽车配件,20230721,5.914197,28.17689655,7.067896132,-0.001096281,0.049044639
301500.SZ,飞南资源,广东,环境保护,20230921,5.655056,20.06329268,3.248949615,-0.002383544,0.039032453
301502.SZ,华阳智能,江苏,电气设备,20240202,6.2462397,39.44210191,4.011677031,-0.002383154,0.049567582
301503.SZ,智迪科技,广东,IT设备,20230717,6.018636,31.28139456,4.304393631,-0.001034966,0.040736969
301505.SZ,苏州规划,江苏,建筑工程,20230719,6.1645865,34.34773973,10.81588083,-0.001772201,0.046838685
301507.SZ,民生健康,浙江,化学制药,20230905,5.6343184,14.9496124,3.684136759,-0.003766918,0.034878494
301508.SZ,中机认检,北京,电器仪表,20231201,5.9888244,36.38542289,4.463126028,-0.001961026,0.045045662
301509.SZ,金凯生科,辽宁,化学制药,20230803,5.6343184,56.31911032,20.82137551,-0.003214823,0.049050806
301510.SZ,固高科技,深圳,电器仪表,20230815,5.9888244,34.44681319,9.474369901,-0.004035233,0.042087964
301511.SZ,德福科技,江西,电气设备,20230817,6.2462397,21.4802583,6.985511058,-0.004471005,0.050398748
301512.SZ,智信精密,深圳,专用机械,20230720,5.9916244,51.84350515,10.41547553,-0.002852392,0.044395689
301515.SZ,港通医疗,四川,医疗保健,20230725,6.0711374,25.93388889,7.99003143,-0.002982312,0.036769645
301516.SZ,中远通,深圳,电气设备,20231208,6.2462397,19.77744898,3.214355879,-0.00282075,0.044993545
301517.SZ,陕西华达,陕西,元器件,20231017,-1.3768502,52.82252137,8.791525478,-0.002129226,0.046142814
301518.SZ,长华化学,江苏,化工原料,20230803,5.4360824,20.89754448,4.962866901,-0.002936925,0.032478587
301519.SZ,舜禹股份,安徽,专用机械,20230727,5.9916244,18.71608392,5.870417605,-0.003499938,0.036682527
301520.SZ,万邦医药,安徽,生物制药,20230925,4.419265,49.33008197,9.260020665,-0.002450136,0.03514455
301525.SZ,儒竞科技,上海,家用电器,20230830,6.388499,70.85851145,19.35208652,-0.003099389,0.030442471
301526.SZ,国际复材,重庆,玻璃,20231226,6.2391744,4.105,0.798608763,-0.003283403,0.035579124
301528.SZ,多浦乐,广东,电器仪表,20230828,5.9888244,59.25969697,19.72797338,-0.004552522,0.037764653
301529.SZ,福赛科技,安徽,汽车配件,20230911,5.914197,35.58972441,7.448487042,-0.002704197,0.037102002
301533.SZ,威马农机,重庆,农用机械,20230818,6.1171265,32.20266667,8.47116879,-0.004144622,0.040590754
301536.SZ,星宸科技,福建,半导体,20240328,-2.3041902,35.04241935,3.239755429,-0.002943376,0.038085241
301538.SZ,骏鼎达,深圳,塑料,20240320,6.4467297,94.685,25.46209325,-0.00280463,0.053604357
301539.SZ,宏鑫科技,浙江,汽车配件,20240415,5.914197,22.7795614,4.358661277,-0.005939435,0.036704826
301548.SZ,崇德科技,湖南,机械基件,20230920,5.1280627,53.92417004,9.201745461,-0.002336728,0.046261504
301550.SZ,斯菱股份,浙江,汽车配件,20230915,5.914197,42.1228,7.67269195,-0.00114661,0.047007921
301551.SZ,无线传媒,河北,影视音像,20240926,5.3885503,45.005,7.969093424,0.251737673,0
301552.SZ,科力装备,河北,汽车配件,20240722,5.914197,47.27583333,6.658377808,-0.008748714,0.036175653
301555.SZ,惠柏新材,上海,化工原料,20231031,5.4360824,33.5028125,8.489010867,-0.004448073,0.044148381
301558.SZ,三态股份,深圳,互联网,20230928,1.3198211,11.09253112,2.823281746,-0.003495375,0.041092233
301559.SZ,中集环科,江苏,专用机械,20231011,5.9916244,16.81340336,2.19487199,-0.001819683,0.021535628
301565.SZ,中仑新材,福建,塑料,20240620,6.4467297,21.118,3.898003428,-0.010429897,0.041279432
301566.SZ,达利凯普,辽宁,元器件,20231229,-1.3768502,17.85209945,2.779676842,-0.003164831,0.044355966
301567.SZ,贝隆精密,浙江,元器件,20240116,-1.3768502,43.99017647,5.769542707,-0.002155046,0.049811722
301568.SZ,思泰克,福建,专用机械,20231128,5.9916244,34.93916667,7.662102619,-0.004129332,0.044698216
301571.SZ,国科天成,北京,元器件,20240821,-1.3768502,36.88115385,3.922976754,0.001938247,0.064922665
301577.SZ,美信科技,广东,元器件,20240124,-1.3768502,54.84493902,7.835381645,-0.00179317,0.05803248
301578.SZ,辰奕智能,广东,IT设备,20231228,6.018636,47.33714286,10.23303078,-0.003110494,0.056280731
301580.SZ,爱迪特,河北,医疗保健,20240626,6.0711374,59.51121212,8.392135424,-0.006662118,0.026724369
301586.SZ,佳力奇,安徽,航空,20240828,6.8991065,43.39333333,8.157196414,-0.020777475,0.047837003
301587.SZ,中瑞股份,江苏,电气设备,20240408,6.2462397,27.03613445,4.183339253,-0.004107461,0.040182939
301588.SZ,美新科技,广东,家居用品,20240313,5.7977047,23.57059259,4.273519603,-0.004819953,0.038994947
301589.SZ,诺瓦星云,陕西,IT设备,20240208,6.018636,296.1181699,132.2522585,-0.004696939,0.061448266
301591.SZ,肯特股份,江苏,塑料,20240228,6.4467297,40.43165517,8.547575681,-0.005023976,0.046276179
301596.SZ,瑞迪智驱,四川,机械基件,20240513,5.1280627,79.59701031,18.81955195,-0.000117721,0.051607911
301600.SZ,慧翰股份,福建,通信设备,20240911,5.876211,52.87545455,4.54918754,-0.00789817,0.05876891
301603.SZ,乔锋智能,广东,机床制造,20240710,-2.5901217,39.27303571,3.972596092,-0.005447358,0.035279028
301606.SZ,绿联科技,深圳,元器件,20240726,-1.3768502,29.79454545,4.022069035,-0.010047681,0.054985194
301607.SZ,富特科技,浙江,汽车配件,20240904,5.914197,36.97625,6.942492228,-0.029663702,0.080910604
301608.SZ,博实结,深圳,通信设备,20240801,5.876211,55.9445,9.51874317,-0.012447214,0.044290874
301611.SZ,珂玛科技,江苏,半导体,20240816,-2.3041902,30.37068966,2.282288843,-0.002712779,0.061895891
430017.BJ,星昊医药,北京,化学制药,20230531,5.6343184,12.87846457,2.581488647,0.000132354,0.032479418
430047.BJ,诺思兰德,北京,生物制药,20201124,4.419265,13.97602685,3.073818997,0.000298225,0.036922956
430090.BJ,同辉信息,北京,IT设备,20210809,6.018636,3.996364865,1.784764541,0.000402511,0.048365236
430139.BJ,华岭股份,上海,半导体,20221028,-2.3041902,12.57348554,3.484056001,2.0437E-05,0.032250531
430198.BJ,微创光电,湖北,IT设备,20200727,6.018636,6.296810811,2.253232132,-0.000471784,0.040014277
430300.BJ,辰光医疗,上海,医疗保健,20221207,6.0711374,7.980736,1.642669156,0.00053427,0.040130963
430418.BJ,苏轴股份,江苏,汽车配件,20200727,5.914197,14.14587919,4.490240679,0.00026745,0.033999726
430425.BJ,乐创技术,四川,专用机械,20230130,5.9916244,16.06944112,5.264851839,0.000249165,0.061336515
430476.BJ,海能技术,山东,电器仪表,20221014,5.9888244,11.69887692,2.89734225,0.00021535,0.029937689
430478.BJ,峆一药业,安徽,化学制药,20230223,5.6343184,18.93918669,4.489366045,-0.001014967,0.067824365
430489.BJ,佳先股份,安徽,化工原料,20200727,5.4360824,7.889114094,3.50530217,-0.000353071,0.037344283
430510.BJ,丰光精密,山东,机械基件,20201228,5.1280627,12.88849664,5.212113671,-8.01758E-06,0.049067328
430556.BJ,雅达股份,广东,电器仪表,20230317,5.9888244,4.974979839,1.544615411,-0.000884199,0.03618952
430564.BJ,天润科技,陕西,软件服务,20220617,5.631536,8.053180212,2.413656381,0.000673259,0.047196982
430685.BJ,新芝生物,浙江,电器仪表,20221010,5.9888244,13.427344,4.926933174,-0.000891966,0.042854781
430718.BJ,合肥高科,安徽,家用电器,20221222,6.388499,7.305048544,2.386577444,0.002173784,0.047406542
600000.SH,浦发银行,上海,银行,19991110,6.138913,7.677060403,0.719629032,9.74095E-05,0.010629404
600004.SH,白云机场,广东,机场,20030428,6.5832233,12.26389262,2.041886288,-2.74584E-06,0.021813172
600006.SH,东风股份,湖北,汽车整车,19990727,6.560173,6.383054054,0.86104611,-0.00038092,0.027903271
600007.SH,中国国贸,北京,园区开发,19990312,1.556426,17.71026846,3.223843576,0.000381912,0.021819609
600008.SH,首创环保,北京,水务,20000427,5.815092,2.969597315,0.266306576,-0.000287569,0.014057361
600009.SH,上海机场,上海,机场,19980218,6.5832233,45.99775538,9.240290292,-0.000265034,0.020087314
600010.SH,包钢股份,内蒙,普钢,20010309,6.2763343,1.973946309,0.493712889,-0.001188072,0.020806379
600011.SH,华能国际,北京,火力发电,20011206,5.2891226,8.051946309,0.989027217,0.000288831,0.028943889
600012.SH,皖通高速,安徽,路桥,20030107,5.85115,9.627986395,2.851871086,0.001186711,0.020002167
600015.SH,华夏银行,北京,银行,20030912,6.138913,5.688255034,0.498267336,0.000300398,0.011431956
600016.SH,民生银行,北京,银行,20001219,6.138913,3.751865772,0.212873033,-8.23167E-05,0.010947651
600017.SH,日照港,山东,港口,20061017,5.9633217,2.865838926,0.147667804,0.000115692,0.015428505
600018.SH,上港集团,上海,港口,20061026,5.9633217,5.526550336,0.374698865,5.67209E-05,0.016046231
600019.SH,宝钢股份,上海,普钢,20001212,6.2763343,6.447718121,0.910816366,-0.000630939,0.018390024
600020.SH,中原高速,河南,路桥,20030808,5.85115,3.369798658,0.312501333,0.000245056,0.015213649
600021.SH,上海电力,上海,火力发电,20031029,5.2891226,9.881221477,1.280278861,0.000242066,0.029364423
600022.SH,山东钢铁,山东,普钢,20040629,6.2763343,1.539543624,0.228773156,-0.000692425,0.015660442
600023.SH,浙能电力,浙江,火力发电,20131219,5.2891226,4.490805369,1.1463905,0.000802388,0.01952155
600025.SH,华能水电,云南,水力发电,20171215,5.821079,7.720805369,1.562019869,0.000819232,0.017829289
600026.SH,中远海能,上海,水运,20020523,5.862221,12.33702013,3.848793971,0.001350106,0.034558798
600027.SH,华电国际,山东,火力发电,20050203,5.2891226,5.380571429,1.005007463,0.000468666,0.029064496
600028.SH,中国石化,北京,石油加工,20010808,5.969803,5.249651007,0.973425327,0.000597454,0.015335312
600029.SH,南方航空,广东,空运,20030725,6.24253,6.460778523,0.67671422,6.95179E-05,0.019582769
600030.SH,中信证券,深圳,证券,20030106,6.0117035,21.0264276,2.303169187,-0.000113465,0.017064576
600031.SH,三一重工,北京,工程机械,20030703,6.1479993,17.20261745,3.195331818,-0.000647565,0.020474887
600032.SH,浙江新能,浙江,新型电力,20210525,5.62262,11.22561074,2.845283625,-0.000632838,0.025086866
600033.SH,福建高速,福建,路桥,20010209,5.85115,3.065208054,0.263082413,0.000384141,0.014486282
600035.SH,楚天高速,湖北,路桥,20040310,5.85115,3.67347651,0.463919278,0.000419858,0.017144785
600036.SH,招商银行,深圳,银行,20020409,6.138913,37.02484564,7.223398566,-0.000476494,0.017854484
600037.SH,歌华有线,北京,影视音像,20010208,5.3885503,8.001731544,1.048647533,-0.000320689,0.020339359
600038.SH,中直股份,黑龙江,航空,20001218,6.8991065,45.10681633,9.69560649,-0.000591264,0.022974179
600039.SH,四川路桥,四川,建筑工程,20030325,6.1645865,9.897547684,2.266094773,-0.000196352,0.026680683
600048.SH,保利发展,广东,全国地产,20060731,5.7559533,13.33216107,3.001933835,-0.00025662,0.02539589
600050.SH,中国联通,北京,电信运营,20021009,5.8912435,4.401744966,0.672970197,0.00020404,0.019546328
600051.SH,宁波联合,浙江,综合类,19970410,1.0376348,6.927181208,0.890461008,-0.000116201,0.024197862
600052.SH,东望时代,浙江,供气供热,19970415,5.345988,4.551986577,0.55938962,0.00010249,0.026535143
600053.SH,九鼎投资,江西,多元金融,19970418,5.611957,15.15135135,1.965320665,-0.000457381,0.031770657
600054.SH,黄山旅游,安徽,旅游景点,19970506,6.0239387,11.32393289,1.285469966,0.000253396,0.022724605
600055.SH,万东医疗,北京,医疗保健,19970519,6.0711374,19.60581208,4.245551298,-0.000473537,0.026013869
600056.SH,中国医药,北京,医药商业,19970515,5.7104278,13.71442953,4.376419061,-5.7464E-05,0.030737123
600057.SH,厦门象屿,福建,仓储物流,19970604,5.1189384,8.22009396,1.664252913,-0.000399532,0.0216379
600058.SH,五矿发展,北京,商贸代理,19970528,5.821426,8.962134228,1.179514609,-0.000524806,0.023440041
600059.SH,古越龙山,浙江,红黄酒,19970516,0.2814862,9.756483221,1.055374995,-0.000255644,0.018325649
600060.SH,海信视像,山东,家用电器,19970422,6.388499,17.65285906,5.248145449,0.000821458,0.022912013
600061.SH,国投资本,上海,证券,19970519,6.0117035,6.887959732,0.844149616,-0.00032647,0.015984953
600062.SH,华润双鹤,北京,化学制药,19970522,5.6343184,18.35516779,4.126069005,0.000891489,0.029814718
600063.SH,皖维高新,安徽,化纤,19970528,5.6056967,5.634784946,1.461414977,-0.000881415,0.026128353
600064.SH,南京高科,江苏,园区开发,19970506,1.556426,7.409328859,1.566105824,-0.000412044,0.021052299
600066.SH,宇通客车,河南,汽车整车,19970508,6.560173,13.09306452,5.453161679,0.000915606,0.023055198
600067.SH,冠城新材,福建,电气设备,19970508,6.2462397,3.015691275,0.745527407,-0.000804755,0.027083651
600070.SH,*ST富润,浙江,互联网,19970604,1.3198211,4.313337838,2.094892705,-0.002097411,0.030546792
600071.SH,凤凰光学,江西,元器件,19970528,-1.3768502,24.00748309,9.907405152,0.000455785,0.034186482
600072.SH,中船科技,上海,船舶,19970603,6.854024,15.60159184,3.891650994,-0.000169686,0.030145753
600073.SH,光明肉业,上海,食品,19970704,6.0406103,7.310845638,0.842614951,-0.000201271,0.01728677
600075.SH,新疆天业,新疆,化工原料,19970617,5.4360824,5.636134228,1.662690634,-0.001191468,0.020653723
600076.SH,康欣新材,山东,广告包装,19970526,6.04935,2.799785235,0.695029749,-0.001075539,0.023193054
600078.SH,澄星股份,江苏,化工原料,19970627,5.4360824,9.494715447,2.944285266,4.31544E-05,0.0324952
600079.SH,人福医药,湖北,化学制药,19970606,5.6343184,21.32143624,3.345835753,-0.000186402,0.02556511
600080.SH,金花股份,陕西,中成药,19970612,0.30637786,7.487234899,0.750090589,-0.00015855,0.022887405
600081.SH,东风科技,上海,汽车配件,19970703,5.914197,11.14205683,1.505796332,-0.000448993,0.025170086
600082.SH,海泰发展,天津,园区开发,19970620,1.556426,3.13433557,0.579543174,-9.09879E-05,0.028730125
600083.SH,*ST博信,江苏,综合类,19970606,1.0376348,6.974899058,2.354422623,-0.001306902,0.033965482
600084.SH,中信尼雅,新疆,红黄酒,19970711,0.2814862,6.214166667,1.453451678,0.000396551,0.023937341
600085.SH,同仁堂,北京,中成药,19970625,0.30637786,46.01520805,7.085715848,0.000198899,0.023568094
600088.SH,中视传媒,上海,影视音像,19970616,5.3885503,12.52052349,3.965881117,0.000541108,0.031755373
600089.SH,特变电工,新疆,电气设备,19970618,6.2462397,19.17675168,4.41187933,-0.000783913,0.024221168
600094.SH,大名城,上海,区域地产,19970703,5.6866717,3.409073826,0.362814678,9.74664E-05,0.022820989
600095.SH,湘财股份,黑龙江,证券,19970708,6.0117035,7.965852349,1.22708769,-0.000413177,0.026367246
600096.SH,云天化,云南,农药化肥,19970709,4.9359045,21.42979866,4.197458183,-0.000158383,0.029431052
600097.SH,开创国际,上海,渔业,19970619,6.812056,9.825624161,1.145935627,-0.000306833,0.025831162
600098.SH,广州发展,广东,火力发电,19970718,5.2891226,6.249530201,0.73358995,-0.000105109,0.020563611
600099.SH,林海股份,江苏,汽车整车,19970704,6.560173,8.512590604,1.01453529,0.000117553,0.028391834
600100.SH,同方股份,北京,IT设备,19970627,6.018636,5.960201342,1.389307512,-2.32742E-06,0.026510085
600101.SH,明星电力,四川,水力发电,19970627,5.821079,8.616013423,1.573147169,0.000307102,0.032706968
600103.SH,青山纸业,福建,造纸,19970703,5.979003,2.427986577,0.339048677,-0.000430521,0.021056848
600104.SH,上汽集团,上海,汽车整车,19971125,6.560173,15.69067114,2.31008363,-0.000498286,0.014025422
600105.SH,永鼎股份,江苏,通信设备,19970929,5.876211,4.619838926,1.125351069,0.000122433,0.031819411
600106.SH,重庆路桥,重庆,路桥,19970618,5.85115,4.785677852,0.934697555,0.000855425,0.027783774
600107.SH,美尔雅,湖北,服饰,19971106,3.6204495,5.668832215,1.142570251,-0.000396173,0.030650691
600108.SH,亚盛集团,甘肃,种植业,19970818,0.24632932,3.112174497,0.39253429,-0.000273926,0.01925672
600109.SH,国金证券,四川,证券,19970807,6.0117035,9.109785235,1.063061468,-0.000327368,0.017264205
600110.SH,诺德股份,吉林,电气设备,19971007,6.2462397,8.913147897,4.992043465,-0.002190657,0.028279099
600111.SH,北方稀土,内蒙,小金属,19970924,-2.8607216,28.56205369,10.40639991,-0.001411266,0.025092392
600113.SH,浙江东日,浙江,区域地产,19971021,5.6866717,7.401409396,0.799072059,0.000544214,0.025928212
600114.SH,东睦股份,浙江,机械基件,20040511,5.1280627,10.83191946,2.591069639,0.000633878,0.032356547
600115.SH,中国东航,上海,空运,19971105,6.24253,4.641395973,0.612728286,-0.000256943,0.017320231
600116.SH,三峡水利,重庆,水力发电,19970804,5.821079,8.943597315,1.491058457,-0.000553785,0.022102434
600117.SH,西宁特钢,青海,特种钢,19971015,-2.4360137,3.207843666,0.621132732,-0.000799421,0.022970032
600118.SH,中国卫星,北京,航空,19970908,6.8991065,24.43783893,2.978938348,-0.000319551,0.021803319
600119.SH,长江投资,上海,仓储物流,19980115,5.1189384,6.814013423,0.756813051,-0.000185499,0.029388538
600120.SH,浙江东方,浙江,多元金融,19971201,5.611957,3.867114094,0.288092763,-4.22601E-05,0.016718859
600121.SH,郑州煤电,河南,煤炭开采,19980107,-0.62654895,4.566120805,0.85570295,-0.000605703,0.028462435
600123.SH,兰花科创,山西,煤炭开采,19981217,-0.62654895,11.62801342,2.497247964,-0.000253505,0.031630499
600125.SH,铁龙物流,辽宁,铁路,19980511,6.535139,5.64557047,0.467439811,0.00013598,0.019246853
600126.SH,杭钢股份,浙江,普钢,19980311,6.2763343,4.757946309,0.62586237,-0.000577155,0.021022557
600127.SH,金健米业,湖南,农业综合,19980506,5.4254327,7.722416107,0.972197828,-0.000300722,0.022138981
600128.SH,苏豪弘业,江苏,商贸代理,19970901,5.821426,7.927610738,0.992795924,2.01296E-05,0.026291841
600129.SH,太极集团,重庆,中成药,19971118,0.30637786,32.15083221,12.19922292,0.000741615,0.032750547
600130.SH,波导股份,浙江,元器件,20000706,-1.3768502,4.014939597,0.567839972,-7.303E-05,0.028717061
600131.SH,国网信通,四川,通信设备,19980402,5.876211,16.6441745,2.351915005,0.000410564,0.028190583
600132.SH,重庆啤酒,重庆,啤酒,19971030,6.5069966,101.7097181,30.27136053,-0.00101833,0.025499925
600133.SH,东湖高新,湖北,建筑工程,19980212,6.1645865,7.113557047,1.994948012,0.000628239,0.026824858
600135.SH,乐凯胶片,河北,塑料,19980122,6.4467297,7.017557047,0.973932248,-0.000333953,0.023842117
600136.SH,ST明诚,湖北,影视音像,19980303,5.3885503,3.000795148,1.591497581,-0.002019341,0.031359074
600137.SH,浪莎股份,四川,服饰,19980416,3.6204495,14.9604698,1.894392381,-0.000214172,0.024657697
600138.SH,中青旅,北京,旅游景点,19971203,6.0239387,11.60283221,1.76218863,-0.00011186,0.021912701
600141.SH,兴发集团,湖北,农药化肥,19990616,4.9359045,28.62943624,8.948059602,-0.000802864,0.028181131
600143.SH,金发科技,广东,塑料,20040623,6.4467297,9.311355705,2.168267522,-0.000994843,0.019590112
600148.SH,长春一东,吉林,汽车配件,19980520,5.914197,14.41193289,1.693947566,0.000247855,0.02760767
600149.SH,廊坊发展,河北,综合类,19991014,1.0376348,5.207020134,0.986491683,-0.00038145,0.030903102
600150.SH,中国船舶,上海,船舶,19980520,6.854024,27.19017687,6.346262205,0.000516334,0.025843422
600151.SH,航天机电,上海,汽车配件,19980605,5.914197,8.510510067,2.407459623,-0.000536272,0.026714077
600152.SH,维科技术,浙江,电气设备,19980609,6.2462397,8.185288591,3.002740451,-0.000448134,0.036537575
600153.SH,建发股份,福建,仓储物流,19980616,5.1189384,10.7870604,2.006917159,0.000230802,0.025011563
600155.SH,华创云信,北京,证券,19980918,6.0117035,7.841919463,1.25654435,-0.000418399,0.023442044
600156.SH,华升股份,湖南,纺织,19980527,6.4696865,4.378778523,0.613203062,0.000108672,0.029498833
600157.SH,永泰能源,山西,火力发电,19980513,5.2891226,1.536843537,0.221651828,-0.000567214,0.017724365
600158.SH,中体产业,天津,文教休闲,19980327,5.1359844,9.197033557,1.679974456,-0.00056199,0.024162474
600159.SH,大龙地产,北京,区域地产,19980526,5.6866717,2.892926174,0.483582927,0.000147156,0.03424557
600160.SH,巨化股份,浙江,化工原料,19980626,5.4360824,16.20944966,3.263777512,0.000400661,0.027505223
600161.SH,天坛生物,北京,生物制药,19980616,4.419265,25.87281879,3.443467339,-0.000388093,0.022682463
600162.SH,香江控股,深圳,全国地产,19980609,5.7559533,1.87861745,0.275284008,-0.00021929,0.024359771
600163.SH,中闽能源,福建,新型电力,19980602,5.62262,6.006818792,1.5323441,-0.000261963,0.026522303
600165.SH,*ST宁科,宁夏,化工原料,19980529,5.4360824,6.17269179,3.32894328,-0.002093713,0.037016686
600166.SH,福田汽车,北京,汽车整车,19980602,6.560173,3.000765101,0.489600814,-0.000646853,0.023080802
600167.SH,联美控股,辽宁,供气供热,19990128,5.345988,6.726926174,1.032010032,-0.000550619,0.017513998
600168.SH,武汉控股,湖北,水务,19980427,5.815092,6.116013423,0.814296533,-0.000690541,0.021813294
600169.SH,太原重工,山西,工程机械,19980904,6.1479993,2.453033557,0.323856848,-0.000491742,0.018562783
600170.SH,上海建工,上海,建筑工程,19980623,6.1645865,2.752671141,0.395987238,-0.000315504,0.018020053
600171.SH,上海贝岭,上海,半导体,19980924,-2.3041902,19.41677852,4.873127938,-0.000534865,0.030544362
600172.SH,黄河旋风,河南,矿物制品,19981126,5.8976912,5.836216216,2.901309817,-0.001749579,0.031539838
600173.SH,卧龙地产,浙江,全国地产,19990415,5.7559533,5.141449664,0.770173171,-0.00032277,0.025954336
600176.SH,中国巨石,浙江,玻璃,19990422,6.2391744,13.90720805,2.710425361,-0.000721028,0.019984428
600177.SH,雅戈尔,浙江,服饰,19981119,3.6204495,6.791033557,0.39981364,0.000182301,0.011907762
600178.SH,东安动力,黑龙江,汽车配件,19981014,5.914197,8.025288591,2.29253439,0.000150409,0.032059467
600179.SH,安通控股,黑龙江,水运,19981104,5.862221,3.178272109,0.674037719,-0.000642468,0.018945128
600180.SH,瑞茂通,山东,仓储物流,19980703,5.1189384,6.086375839,1.234537491,-0.000501195,0.026723296
600182.SH,S佳通,黑龙江,汽车配件,19990507,5.914197,13.93909825,1.377654309,-0.000134594,0.019350668
600183.SH,生益科技,广东,元器件,19981028,-1.3768502,17.63218792,2.762770333,-0.000261992,0.02138688
600184.SH,光电股份,湖北,专用机械,20031106,5.9916244,11.87209396,1.878381658,-0.000339739,0.024659638
600185.SH,格力地产,广东,区域地产,19990611,5.6866717,6.699190283,1.475277488,-0.000662673,0.029681766
600186.SH,莲花控股,河南,食品,19980825,6.0406103,3.459557047,1.18106986,0.000174065,0.027861459
600187.SH,国中水务,黑龙江,水务,19981111,5.815092,2.549919463,0.334660788,0.000385292,0.032219506
600188.SH,兖矿能源,山东,煤炭开采,19980701,-0.62654895,28.86387919,9.280365046,-0.000656507,0.039825115
600189.SH,泉阳泉,吉林,软饮料,19981007,0.7887329,7.417879195,1.289408701,-0.000129444,0.027834934
600190.SH,ST锦港,辽宁,港口,19990609,5.9633217,2.967906336,0.617249089,-0.000883833,0.026278718
600191.SH,华资实业,内蒙,食品,19981210,6.0406103,5.302096774,0.962138942,0.000782302,0.027589857
600192.SH,长城电工,甘肃,电气设备,19981224,6.2462397,5.324201342,0.731199256,0.00018872,0.033555316
600193.SH,创兴资源,上海,装修装饰,19990527,6.4589305,5.400899329,1.22751667,-0.001504547,0.028386881
600195.SH,中牧股份,北京,农业综合,19990107,5.4254327,11.41210738,2.190552905,-0.000537503,0.021129311
600196.SH,复星医药,上海,化学制药,19980807,5.6343184,34.86040268,10.35436487,-0.001248251,0.022658307
600197.SH,伊力特,新疆,白酒,19990916,6.3949323,23.90244295,3.840000202,-0.000521356,0.024098816
600198.SH,大唐电信,北京,通信设备,19981021,5.876211,6.738263795,1.044213074,-0.000185836,0.026028784
600199.SH,金种子酒,安徽,白酒,19980812,6.3949323,21.30159732,5.676787104,4.10753E-05,0.029641458
600200.SH,江苏吴中,江苏,化学制药,19990401,5.6343184,8.015463087,1.155267428,0.000468037,0.029027904
600201.SH,生物股份,内蒙,农业综合,19990115,5.4254327,10.26222819,2.687935386,-0.001132027,0.021923372
600202.SH,哈空调,黑龙江,专用机械,19990603,5.9916244,5.124832215,0.756368485,-0.000113121,0.030531315
600203.SH,福日电子,福建,元器件,19990514,-1.3768502,7.053060403,1.304347477,-0.000270876,0.031543515
600206.SH,有研新材,北京,半导体,19990319,-2.3041902,13.16959732,2.3788588,-0.000574875,0.023610583
600207.SH,安彩高科,河南,电气设备,19990714,6.2462397,5.754697987,1.196352857,-0.000701269,0.029416254
600208.SH,衢州发展,浙江,全国地产,19990623,5.7559533,2.540630872,0.392440673,-0.00030771,0.018186533
600210.SH,紫江企业,上海,广告包装,19990824,6.04935,5.848161074,1.370861112,-0.000578052,0.025329351
600211.SH,西藏药业,西藏,生物制药,19990721,4.419265,44.20010738,7.697527531,-0.000374842,0.026262638
600212.SH,绿能慧充,山东,电气设备,19990817,6.2462397,6.704,1.798345895,0.000316663,0.032576406
600215.SH,派斯林,吉林,专用机械,19990909,5.9916244,7.734201342,1.222094398,-0.000174003,0.029985749
600216.SH,浙江医药,浙江,化学制药,19991021,5.6343184,12.80202685,2.262453005,1.67385E-05,0.021907196
600217.SH,中再资环,陕西,环境保护,19991216,5.655056,4.923865772,0.578371447,-0.000244613,0.022024224
600218.SH,全柴动力,安徽,汽车配件,19981203,5.914197,9.448013423,2.114561668,-0.000840571,0.027533529
600219.SH,南山铝业,山东,铝,19991223,-2.803478,3.597261745,0.572682349,-0.000323436,0.020203118
600221.SH,海航控股,海南,空运,19991125,6.24253,1.594757412,0.279402936,-0.000828354,0.017480523
600222.SH,太龙药业,河南,中成药,19991105,0.30637786,6.114495289,1.262649306,-0.000808331,0.028989577
600223.SH,福瑞达,山东,日用化工,20000113,5.286983,9.818912752,1.985096291,-0.000708473,0.0275114
600225.SH,退卓朗,天津,软件服务,20000127,5.631536,3.726747312,1.431205352,-0.000371594,0.030602231
600226.SH,亨通股份,浙江,供气供热,19991116,5.345988,2.430282258,0.25870326,-0.000287197,0.018456544
600227.SH,赤天化,贵州,农药化肥,20000221,4.9359045,2.77242953,0.645120126,-0.000927869,0.025270311
600228.SH,返利科技,江西,互联网,19990119,1.3198211,7.409422819,1.989375831,-0.000368181,0.034654439
600229.SH,城市传媒,山东,出版业,20000309,0.7587014,7.153006711,0.872688702,0.0002769,0.024068684
600230.SH,沧州大化,河北,化工原料,20000406,5.4360824,14.93593289,3.137400724,-0.000844474,0.030380846
600231.SH,凌钢股份,辽宁,普钢,20000511,6.2763343,2.248496644,0.46331832,-0.000912085,0.020941108
600232.SH,金鹰股份,浙江,纺织机械,20000602,6.1561155,5.402845638,0.598627201,-0.000120603,0.024056142
600233.SH,圆通速递,辽宁,仓储物流,20000608,5.1189384,16.50260403,2.679646288,0.000702095,0.024099561
600234.SH,*ST科新,山西,装修装饰,20000615,6.4589305,7.191612903,2.321716212,-0.001810412,0.033260045
600235.SH,民丰特纸,浙江,造纸,20000615,5.979003,5.440228188,0.51877811,-3.71905E-05,0.023278732
600236.SH,桂冠电力,广西,水力发电,20000323,5.821079,6.01714094,0.575102855,0.000281273,0.019275076
600237.SH,铜峰电子,安徽,元器件,20000609,-1.3768502,6.77138255,1.097564065,-0.000154504,0.028820639
600238.SH,海南椰岛,海南,红黄酒,20000120,0.2814862,12.0098255,3.360074699,-0.001068181,0.031275197
600239.SH,云南城投,云南,区域地产,19991202,5.6866717,2.177644684,0.34309197,0.000282983,0.028298544
600241.SH,时代万恒,辽宁,电气设备,20001128,6.2462397,7.916962366,1.349900318,-7.56631E-05,0.028879683
600243.SH,青海华鼎,青海,运输设备,20001120,6.052139,4.275852349,0.652280824,-0.000818512,0.032423833
600246.SH,万通发展,北京,区域地产,20000922,5.6866717,7.952295302,2.016930015,-0.00034554,0.035112093
600248.SH,陕建股份,陕西,建筑工程,20000622,6.1645865,4.63157047,0.722857478,-0.000449784,0.023167358
600249.SH,两面针,广西,日用化工,20040130,5.286983,5.015194631,0.595407826,-0.000134073,0.022896991
600250.SH,南京商旅,江苏,商贸代理,20010306,5.821426,6.502217687,1.892303314,0.000827365,0.034080293
600251.SH,冠农股份,新疆,农业综合,20030609,5.4254327,8.984657718,1.052743687,-0.00036057,0.023697219
600252.SH,中恒集团,广西,中成药,20001130,0.30637786,2.712939597,0.381585301,-0.000484303,0.016976914
600255.SH,鑫科材料,安徽,小金属,20001122,-2.8607216,2.278344549,0.380992575,-0.000257186,0.025518313
600256.SH,广汇能源,新疆,石油开采,20000526,-0.41138357,8.274161074,1.84468792,0.000121891,0.029571787
600257.SH,大湖股份,湖南,渔业,20000612,6.812056,5.811302013,0.988654754,-0.000468979,0.031605585
600258.SH,首旅酒店,北京,酒店餐饮,20000601,6.203304,20.00142282,4.416772664,-0.000790581,0.023788307
600259.SH,广晟有色,海南,小金属,20000525,-2.8607216,38.84597315,8.686958331,-0.000829842,0.027631464
600261.SH,阳光照明,浙江,家用电器,20000720,6.388499,3.409100671,0.419993755,-0.000426686,0.016387329
600262.SH,北方股份,内蒙,专用机械,20000630,5.9916244,17.95593289,2.110747452,0.000208085,0.02806022
600265.SH,景谷林业,云南,林业,20000825,6.116855,16.54239569,2.10514699,-0.000594266,0.019855198
600266.SH,城建发展,北京,区域地产,19990203,5.6866717,4.678912752,0.857814035,0.000242619,0.029082901
600267.SH,海正药业,浙江,化学制药,20000725,5.6343184,10.86508725,2.147489726,-0.000577315,0.023344302
600268.SH,国电南自,江苏,电气设备,19991118,6.2462397,7.892456376,1.424769933,-0.00032399,0.029181409
600269.SH,赣粤高速,江西,路桥,20000518,5.85115,3.845234899,0.544752069,0.000476656,0.014478663
600271.SH,航天信息,北京,软件服务,20030711,5.631536,11.28671141,1.952909204,-0.000381186,0.02015662
600272.SH,开开实业,上海,医药商业,20010228,5.7104278,10.02281879,1.796626424,0.000661177,0.036926979
600273.SH,嘉化能源,浙江,化工原料,20030627,5.4360824,9.201288591,1.292917204,-0.000392773,0.018413821
600276.SH,恒瑞医药,江苏,化学制药,20001018,5.6343184,42.33907383,5.378414427,5.89816E-05,0.020799942
600278.SH,东方创业,上海,商贸代理,20000712,5.821426,7.041798658,0.771713627,-0.000297786,0.018924756
600279.SH,重庆港,重庆,港口,20000731,5.9633217,4.093812081,0.289095674,7.43953E-05,0.018990684
600280.SH,中央商场,江苏,百货,20000926,5.693497,3.110738255,0.711119152,4.48777E-06,0.035113075
600281.SH,华阳新材,山西,小金属,20001109,-2.8607216,4.544993289,1.094843501,-0.001201751,0.031411097
600282.SH,南钢股份,江苏,普钢,20000919,6.2763343,3.781916329,0.592456269,0.000129091,0.017754201
600283.SH,钱江水利,浙江,水务,20001018,5.815092,12.78950202,1.752143053,-0.000368007,0.029463185
600284.SH,浦东建设,上海,建筑工程,20040316,6.1645865,6.466684564,0.640816338,-0.000131124,0.020264658
600285.SH,羚锐制药,河南,中成药,20001018,0.30637786,15.96378523,4.032029313,0.001070235,0.024967995
600287.SH,ST舜天,江苏,商贸代理,20000901,5.821426,4.890174731,0.845843831,-0.000365606,0.025346611
600288.SH,大恒科技,北京,元器件,20001129,-1.3768502,11.52358389,2.581759301,-0.000551149,0.025356046
600289.SH,*ST信通,黑龙江,软件服务,20000720,5.631536,2.641938089,0.804303292,-0.001238632,0.022560856
600292.SH,远达环保,重庆,环境保护,20001101,5.655056,6.137463087,0.980053697,-0.000501293,0.020765463
600293.SH,三峡新材,湖北,玻璃,20000919,6.2391744,3.106375839,0.498484821,-0.000650612,0.024679176
600295.SH,鄂尔多斯,内蒙,特种钢,20010426,-2.4360137,16.41961074,7.448194465,-0.001862604,0.034332647
600298.SH,安琪酵母,湖北,食品,20000818,6.0406103,40.05471141,8.040343885,-0.000310332,0.020038347
600299.SH,安迪苏,北京,饲料,20000420,6.365519,9.560536913,1.479434007,-0.000120012,0.01900004
600300.SH,维维股份,江苏,软饮料,20000630,0.7887329,3.251491935,0.483971963,-0.000383361,0.018073499
600301.SH,华锡有色,广西,小金属,20000712,-2.8607216,14.81554509,2.579140759,0.000361606,0.03229103
600302.SH,标准股份,陕西,纺织机械,20001213,6.1561155,4.957919463,0.766227734,-5.65353E-05,0.028965913
600303.SH,ST曙光,辽宁,汽车整车,20001226,6.560173,4.447868852,1.280694641,-0.000646445,0.032174765
600305.SH,恒顺醋业,江苏,食品,20010206,6.0406103,10.94985235,2.415539045,-0.000777278,0.017532878
600307.SH,酒钢宏兴,甘肃,普钢,20001220,6.2763343,1.734,0.410499761,-0.001072274,0.018620811
600308.SH,华泰股份,山东,造纸,20000928,5.979003,4.737892617,1.207953031,-0.000771183,0.022067639
600309.SH,万华化学,山东,化工原料,20010105,5.4360824,88.50697987,9.300982035,-0.000302911,0.017521005
600310.SH,广西能源,广西,水力发电,20010228,5.821079,3.880630872,0.77157342,-0.000122584,0.030485469
600312.SH,平高电气,河南,电气设备,20010221,6.2462397,10.9065906,3.52151699,0.00130271,0.027490557
600313.SH,农发种业,北京,种植业,20010119,0.24632932,8.137154362,2.390762624,0.000305095,0.028867352
600315.SH,上海家化,上海,日用化工,20010315,5.286983,29.06009396,8.203995969,-0.001383897,0.020376891
600316.SH,洪都航空,江西,航空,20001215,6.8991065,25.25502013,6.699306258,-0.000910445,0.024712754
600318.SH,新力金融,安徽,多元金融,20001208,5.611957,7.51537415,1.871910997,0.000119193,0.033259073
600319.SH,亚星化学,山东,化工原料,20010326,5.4360824,5.300819892,0.988201597,-0.000496222,0.025827601
600320.SH,振华重工,上海,专用机械,20001221,5.9916244,3.561785235,0.276733358,-0.000135882,0.01784256
600322.SH,津投城开,天津,区域地产,20010910,5.6866717,2.051194631,0.390043141,-4.45594E-05,0.034120509
600323.SH,瀚蓝环境,广东,环境保护,20001225,5.655056,19.31526174,1.929004971,-0.000157152,0.015207865
600325.SH,华发股份,广东,区域地产,20040225,5.6866717,7.96052349,1.849180906,4.04267E-05,0.02713047
600326.SH,西藏天路,西藏,水泥,20010116,6.8144245,5.35209396,0.945683696,-0.00023416,0.030862209
600327.SH,大东方,江苏,医疗保健,20020625,6.0711374,4.825355705,0.825342329,-0.00060208,0.023201954
600328.SH,中盐化工,内蒙,化工原料,20001222,5.4360824,13.37362416,5.225549955,-0.001235876,0.028455426
600329.SH,达仁堂,天津,中成药,20010606,0.30637786,30.86869799,6.740592293,3.58782E-05,0.02578288
600330.SH,天通股份,浙江,专用机械,20010118,5.9916244,10.49461745,2.666788451,-0.000796399,0.029751001
600331.SH,宏达股份,四川,农药化肥,20011220,4.9359045,4.225677852,1.26475511,0.000500037,0.029773202
600332.SH,白云山,广东,中成药,20010206,0.30637786,30.14867114,1.972880646,-7.23718E-05,0.016299813
600333.SH,长春燃气,吉林,供气供热,20001211,5.345988,5.043342282,0.782867436,-0.000405735,0.022169156
600335.SH,国机汽车,天津,汽车服务,20010305,5.5388756,8.049114094,1.548648568,0.00023153,0.0355352
600336.SH,澳柯玛,山东,家用电器,20001229,6.388499,5.942241611,1.037214889,9.64479E-05,0.026419974
600337.SH,美克家居,江西,家居用品,20001127,5.7977047,2.827114094,0.525746391,-0.000927667,0.022809621
600338.SH,西藏珠峰,西藏,铅锌,20001227,5.7158103,20.8297047,9.006001683,-0.001974043,0.032957312
600339.SH,中油工程,新疆,石油开采,20001225,-0.41138357,3.275852349,0.411653634,0.000141162,0.022659154
600340.SH,华夏幸福,河北,园区开发,20031230,1.556426,2.428567568,0.863165714,-0.001463202,0.02939987
600343.SH,航天动力,陕西,机械基件,20030408,5.1280627,9.676255034,1.220669134,-0.000207834,0.027005969
600345.SH,长江通信,湖北,通信设备,20001222,5.876211,17.70205442,2.326499106,0.000128428,0.02668847
600346.SH,恒力石化,辽宁,石油加工,20010820,5.969803,17.47747651,4.103210921,-0.000833828,0.019384712
600348.SH,华阳股份,山西,煤炭开采,20030821,-0.62654895,11.97621477,3.664412025,-0.000703543,0.034424968
600350.SH,山东高速,山东,路桥,20020318,5.85115,6.582845638,1.309700249,0.000578419,0.016054683
600351.SH,亚宝药业,山西,中成药,20020926,0.30637786,6.767651007,0.89439818,-0.000266367,0.026343929
600352.SH,浙江龙盛,浙江,染料涂料,20030801,5.8216114,10.01028188,1.52623634,-0.000431893,0.014378788
600353.SH,旭光电子,四川,元器件,20021120,-1.3768502,8.560442953,2.887849209,1.41484E-05,0.032777519
600354.SH,敦煌种业,甘肃,种植业,20040115,0.24632932,6.26461745,0.835672992,-0.000109987,0.027988283
600355.SH,精伦电子,湖北,专用机械,20020613,5.9916244,3.564402685,0.714000504,0.000175654,0.0359239
600356.SH,恒丰纸业,黑龙江,造纸,20010419,5.979003,7.300416107,0.690742715,-8.51217E-05,0.020063947
600358.SH,国旅联合,江西,广告包装,20000922,6.04935,5.059442177,1.334629357,-0.00031267,0.035701182
600359.SH,新农开发,新疆,种植业,19990429,0.24632932,7.713865772,1.065258227,-0.000197144,0.024327413
600360.SH,ST华微,吉林,半导体,20010316,-2.3041902,6.854677419,1.670789226,-0.001282123,0.025723846
600361.SH,创新新材,北京,铝,20011129,-2.803478,5.378521505,0.970745696,-0.000608633,0.027417296
600362.SH,江西铜业,江西,铜,20020111,-2.2392933,20.04374497,2.917983693,-0.000128051,0.019354671
600363.SH,联创光电,江西,元器件,20010329,-1.3768502,29.09963758,4.205299205,-0.000247989,0.027695242
600365.SH,ST通葡,吉林,互联网,20010115,1.3198211,3.77295302,0.761522689,-0.000597826,0.024145927
600366.SH,宁波韵升,浙江,矿物制品,20001030,5.8976912,9.22314094,2.622288782,-0.000940363,0.02651853
600367.SH,红星发展,贵州,化工原料,20010320,5.4360824,15.83546309,4.448331218,-0.000806046,0.034489132
600368.SH,五洲交通,广西,路桥,20001221,5.85115,3.925852349,0.303840745,-0.000144589,0.020284875
600369.SH,西南证券,重庆,证券,20010109,6.0117035,4.107355705,0.468134726,-0.000230822,0.017489426
600370.SH,三房巷,江苏,化工原料,20030306,5.4360824,2.661865772,0.633565294,-0.000867121,0.022082266
600371.SH,万向德农,黑龙江,种植业,20020916,0.24632932,11.37307383,2.302686796,-0.000535929,0.025034641
600372.SH,中航机载,北京,航空,20010706,6.8991065,15.78610729,2.967473367,-0.000583787,0.019859979
600373.SH,中文传媒,江西,出版业,20020304,0.7587014,12.14874663,2.304197699,0.000450766,0.026414044
600375.SH,*ST汉马,安徽,汽车整车,20030401,6.560173,7.157343324,1.807684793,-0.000765988,0.03228806
600376.SH,首开股份,北京,区域地产,20010312,5.6866717,4.292348993,1.241275894,-0.000757901,0.026798015
600377.SH,宁沪高速,江苏,路桥,20010116,5.85115,9.612912752,1.765474661,0.000589855,0.013850885
600378.SH,昊华科技,四川,化工原料,20010111,5.4360824,35.50390476,5.652588818,-0.000173131,0.028224468
600379.SH,宝光股份,陕西,电气设备,20020116,6.2462397,10.73291275,2.015219571,-0.000437712,0.030291098
600380.SH,健康元,深圳,化学制药,20010608,5.6343184,11.87538255,0.832123786,-3.63616E-05,0.018348713
600381.SH,ST春天,青海,医疗保健,20010508,6.0711374,8.484018817,3.41216261,-0.001286018,0.035750763
600382.SH,广东明珠,广东,普钢,20010118,6.2763343,4.617213997,0.66404516,7.1324E-05,0.021365155
600383.SH,金地集团,深圳,全国地产,20010412,5.7559533,8.434134228,3.450180934,-0.001125251,0.031881665
600386.SH,北巴传媒,北京,汽车服务,20010216,5.5388756,3.982966443,0.486585293,8.53086E-05,0.029846345
600387.SH,*ST海越,浙江,石油贸易,20040218,6.087737,5.786684636,1.638282668,-0.000809676,0.025152754
600388.SH,龙净环保,福建,环境保护,20001229,5.655056,12.88951286,3.043415574,0.000356077,0.022860052
600389.SH,江山股份,江苏,农药化肥,20010110,4.9359045,34.01809396,16.1843888,-0.00154261,0.032567154
600390.SH,五矿资本,湖南,多元金融,20010115,5.611957,5.033449664,0.50077713,-1.76276E-05,0.018602426
600391.SH,航发科技,四川,航空,20011212,6.8991065,19.38420134,2.63207024,-0.000351087,0.023347793
600392.SH,盛和资源,四川,小金属,20030529,-2.8607216,14.27068456,4.454688474,-0.001362617,0.025670671
600395.SH,盘江股份,贵州,煤炭开采,20010531,-0.62654895,7.19652349,1.213811034,-0.000766645,0.025066398
600396.SH,华电辽能,辽宁,火力发电,20010328,5.2891226,2.725787349,0.391952254,0.000111907,0.029992041
600397.SH,安源煤业,江西,煤炭开采,20020702,-0.62654895,2.948550336,0.522007388,-0.000517613,0.028715641
600398.SH,海澜之家,江苏,服饰,20001228,3.6204495,6.527127517,1.403136297,-2.19746E-05,0.019129908
600399.SH,抚顺特钢,辽宁,特种钢,20001229,-2.4360137,12.78338255,5.540448731,-0.002005088,0.029756672
600400.SH,红豆股份,江苏,服饰,20010108,3.6204495,3.46452349,0.990148284,-0.000311561,0.025613719
600403.SH,大有能源,河南,煤炭开采,20031009,-0.62654895,4.265134409,0.90249183,-0.000391729,0.026027683
600405.SH,动力源,北京,电气设备,20040401,6.2462397,5.618577181,1.12398251,-0.000634321,0.029323577
600406.SH,国电南瑞,江苏,电气设备,20031016,6.2462397,27.51938255,5.422503305,-0.000332058,0.024152328
600408.SH,安泰集团,山西,焦炭加工,20030212,5.859951,2.723454301,0.706149514,-0.001121673,0.026658801
600409.SH,三友化工,河北,化纤,20030618,5.6056967,6.774161074,1.851466108,-0.001346033,0.021583089
600410.SH,华胜天成,北京,软件服务,20040427,5.631536,6.066375839,1.168749455,-0.000517668,0.027958255
600415.SH,小商品城,浙江,商品城,20020509,0.41456166,6.528107383,1.723354378,0.000913964,0.024540475
600416.SH,湘电股份,湖南,电气设备,20020718,6.2462397,16.44946309,3.946500182,-0.000515732,0.028965278
600418.SH,江淮汽车,安徽,汽车整车,20010824,6.560173,15.12688591,2.859783475,0.000448598,0.036804692
600419.SH,天润乳业,新疆,乳制品,20010628,0.12147639,12.95681879,2.920221941,-0.000506145,0.020818218
600420.SH,国药现代,上海,化学制药,20040616,5.6343184,10.10366443,1.105615004,0.00031382,0.021061901
600421.SH,华嵘控股,湖北,专用机械,20040607,5.9916244,9.51702069,1.915418526,-0.000332124,0.035164389
600422.SH,昆药集团,云南,中成药,20001206,0.30637786,15.75162853,4.419195072,0.000619545,0.028111646
600423.SH,柳化股份,广西,农药化肥,20030717,4.9359045,3.389463087,0.562507569,-0.000472505,0.025290683
600425.SH,青松建化,新疆,水泥,20030724,6.8144245,3.959919463,0.468365373,-0.000222466,0.0226607
600426.SH,华鲁恒升,山东,农药化肥,20020620,4.9359045,30.10308725,3.521994543,-0.000582997,0.021556663
600428.SH,中远海特,广东,水运,20020418,5.862221,5.871194631,0.951159194,7.85729E-05,0.028203946
600429.SH,三元股份,北京,乳制品,20030915,0.12147639,4.876550336,0.687105932,-0.000326416,0.01885317
600433.SH,冠豪高新,广东,造纸,20030619,5.979003,3.674067114,0.672129876,-0.000696546,0.020962616
600435.SH,北方导航,北京,专用机械,20030704,5.9916244,9.872134228,1.238036571,0.000110612,0.02579737
600436.SH,片仔癀,福建,中成药,20030616,0.30637786,288.5277315,62.75039481,-0.000524442,0.019293051
600438.SH,通威股份,四川,电气设备,20040302,6.2462397,37.02863087,11.6918939,-0.001342143,0.023987008
600439.SH,瑞贝卡,河南,服饰,20030710,3.6204495,2.643946309,0.248996367,-0.000137976,0.021425954
600444.SH,国机通用,安徽,专用机械,20040219,5.9916244,13.28783893,1.336419959,-4.62992E-05,0.030974327
600446.SH,金证股份,深圳,软件服务,20031224,5.631536,12.20636735,2.061321896,-9.45031E-05,0.028545659
600448.SH,华纺股份,山东,纺织,20010903,6.4696865,3.093932886,0.533606839,-0.000432236,0.024620615
600449.SH,宁夏建材,宁夏,水泥,20030829,6.8144245,13.86324251,2.642812044,-1.58373E-05,0.027354247
600452.SH,涪陵电力,重庆,水力发电,20040303,5.821079,14.7982953,3.202582404,-0.000630724,0.030593857
600455.SH,博通股份,陕西,文教休闲,20040329,5.1359844,20.90163978,2.983204037,-8.40784E-05,0.025849926
600456.SH,宝钛股份,陕西,小金属,20020412,-2.8607216,40.31453691,11.98808385,-0.00088528,0.024055569
600458.SH,时代新材,湖南,塑料,20021219,6.4467297,10.39134228,1.284776694,-0.000101265,0.026488695
600459.SH,贵研铂业,云南,小金属,20030516,-2.8607216,17.06280108,3.963054532,-0.001023136,0.020708562
600460.SH,士兰微,浙江,半导体,20030311,-2.3041902,35.03255034,13.59887187,-0.001313735,0.025833849
600461.SH,洪城环境,江西,水务,20040601,5.815092,8.496344086,1.296695072,0.000199127,0.016790045
600462.SH,*ST九有,湖北,广告包装,20030903,6.04935,2.12422043,0.429436934,-0.000961439,0.024030533
600463.SH,空港股份,北京,园区开发,20040318,1.556426,8.19631935,1.098318491,0.000811783,0.034868796
600467.SH,好当家,山东,渔业,20040405,6.812056,2.429637584,0.407568192,-0.000473415,0.02040496
600468.SH,百利电气,天津,电气设备,20010615,6.2462397,4.787516779,0.621818036,-4.04033E-05,0.026838158
600469.SH,风神股份,河南,汽车配件,20031021,5.914197,5.288805369,0.69398262,0.00036314,0.026256347
600470.SH,六国化工,安徽,农药化肥,20040305,4.9359045,6.098008075,1.357284456,-0.000525272,0.029684907
600475.SH,华光环能,江苏,环境保护,20030721,5.655056,10.1930604,1.170320482,-0.000254307,0.026155954
600476.SH,湘邮科技,湖南,软件服务,20031210,5.631536,14.48555705,2.399338057,0.000406568,0.03284305
600477.SH,杭萧钢构,浙江,钢加工,20031110,-2.7339256,3.81861745,0.886964647,-0.000635704,0.024305339
600478.SH,科力远,湖南,电气设备,20030918,6.2462397,6.513087248,2.038648185,-0.000940604,0.029302791
600479.SH,千金药业,湖南,中成药,20040312,0.30637786,10.58206522,1.192151351,0.000311054,0.023495456
600480.SH,凌云股份,河北,汽车配件,20030815,5.914197,8.821516779,0.880779519,-5.25981E-05,0.022104026
600481.SH,双良节能,江苏,电气设备,20030422,6.2462397,11.06974497,3.738705042,-0.001318718,0.028429261
600482.SH,中国动力,河北,船舶,20040714,6.854024,18.23569128,2.245796991,0.000197969,0.021653567
600483.SH,福能股份,福建,火力发电,20040531,5.2891226,11.44213423,2.337414511,-0.000392178,0.028454624
600486.SH,扬农化工,江苏,农药化肥,20020425,4.9359045,91.63009396,28.81385445,-0.000981393,0.022272193
600487.SH,亨通光电,江苏,通信设备,20030822,5.876211,14.51100671,1.932400015,0.000287885,0.026112539
600488.SH,津药药业,天津,化学制药,20010618,5.6343184,4.476362416,0.544632956,-0.000148806,0.01890093
600489.SH,中金黄金,北京,黄金,20030814,6.2743154,9.99147651,2.490306254,0.000676323,0.019244856
600490.SH,鹏欣资源,上海,铜,20030626,-2.2392933,3.62085906,1.068277084,-0.001228892,0.0296738
600491.SH,龙元建设,浙江,建筑工程,20040524,6.1645865,4.981797297,1.465156755,-0.000836623,0.028407264
600493.SH,凤竹纺织,福建,纺织,20040421,6.4696865,5.653020134,0.673337364,-8.38579E-05,0.027611781
600495.SH,晋西车轴,山西,运输设备,20040526,6.052139,3.807100671,0.339839339,-6.57565E-05,0.021457415
600496.SH,精工钢构,安徽,钢加工,20020605,-2.7339256,3.747677852,0.711846647,-0.00060437,0.017799066
600497.SH,驰宏锌锗,云南,铅锌,20040420,5.7158103,5.276013423,0.316419527,-0.000113789,0.022689911
600498.SH,烽火通信,湖北,通信设备,20010823,5.876211,16.46204027,2.2518778,-0.000206094,0.022745842
600499.SH,科达制造,广东,专用机械,20021010,5.9916244,14.3302953,4.635803096,-0.0011576,0.027848495
600500.SH,中化国际,上海,塑料,20000301,6.4467297,6.136456376,1.753802031,-0.001248704,0.020675672
600501.SH,航天晨光,江苏,专用机械,20010615,5.9916244,12.88558389,2.140938887,0.000782913,0.031881814
600502.SH,安徽建工,安徽,建筑工程,20030415,6.1645865,5.083812081,0.846156374,7.31656E-05,0.024755893
600503.SH,华丽家族,上海,区域地产,20020709,5.6866717,2.728912752,0.460054665,-0.000698065,0.022658127
600505.SH,西昌电力,四川,水力发电,20020530,5.821079,8.553261745,1.099616242,0.000334798,0.031546893
600506.SH,统一股份,新疆,石油加工,20011226,5.969803,11.50583333,1.267891863,0.000227882,0.031765213
600507.SH,方大特钢,江西,特种钢,20030930,-2.4360137,5.862563758,1.559831378,-0.000929989,0.018039525
600508.SH,上海能源,上海,煤炭开采,20010829,-0.62654895,14.07810738,2.230517694,0.000258871,0.027490401
600509.SH,天富能源,新疆,火力发电,20020228,5.2891226,5.98966443,0.833187796,-0.00034106,0.026244415
600510.SH,黑牡丹,江苏,全国地产,20020618,5.7559533,6.749100671,2.023444543,-0.000814167,0.027788575
600511.SH,国药股份,北京,医药商业,20021127,5.7104278,30.68420134,3.512537481,0.000101678,0.02028573
600512.SH,腾达建设,浙江,建筑工程,20021226,6.1645865,2.763302013,0.513392256,-0.000685343,0.021013122
600513.SH,联环药业,江苏,化学制药,20030319,5.6343184,9.508765101,0.948531876,6.36097E-05,0.023162799
600515.SH,海南机场,海南,机场,20020806,6.5832233,4.413454791,1.837253148,-0.001605709,0.026579989
600516.SH,方大炭素,甘肃,矿物制品,20020830,5.8976912,6.790738255,2.07457247,-0.00129981,0.020508973
600517.SH,国网英大,上海,多元金融,20031010,5.611957,5.373852349,0.877544108,-0.000491155,0.019950819
600518.SH,康美药业,广东,中成药,20010319,0.30637786,2.366024259,0.733605125,-0.000772447,0.022457296
600519.SH,贵州茅台,贵州,白酒,20010827,6.3949323,1742.085624,156.3122308,5.94486E-06,0.016981816
600520.SH,文一科技,安徽,半导体,20020108,-2.3041902,14.85308725,6.011965544,0.00114451,0.040871574
600521.SH,华海药业,浙江,化学制药,20030304,5.6343184,18.51218792,2.738217705,9.284E-05,0.024589256
600522.SH,中天科技,江苏,通信设备,20021024,5.876211,15.97438926,3.655069566,0.000772085,0.030295186
600523.SH,贵航股份,贵州,汽车配件,20011227,5.914197,16.30365101,4.71819466,-0.000439263,0.029162537
600525.SH,长园集团,深圳,电气设备,20021202,6.2462397,5.113208054,0.718070549,-0.000533241,0.022424759
600526.SH,菲达环保,浙江,环境保护,20020722,5.655056,5.191680108,0.741958232,-0.000504707,0.021306958
600527.SH,江南高纤,江苏,化纤,20031127,5.6056967,2.010483221,0.273502339,-0.000542086,0.015831259
600528.SH,中铁工业,北京,运输设备,20010528,6.052139,8.242832215,0.853645349,-0.000142487,0.018007006
600529.SH,山东药玻,山东,医疗保健,20020603,6.0711374,28.24451007,4.466429175,-0.000385688,0.022984648
600530.SH,交大昂立,上海,医疗保健,20010702,6.0711374,3.22278174,0.809341775,-0.00022983,0.028845131
600531.SH,豫光金铅,河南,铅锌,20020730,5.7158103,5.926107383,0.643137587,-4.16771E-06,0.023740305
600533.SH,栖霞建设,江苏,区域地产,20020328,5.6866717,3.168161074,0.693487157,-0.000431792,0.028171271
600535.SH,天士力,天津,中成药,20020823,0.30637786,13.5279004,1.964679601,0.000164139,0.021307663
600536.SH,中国软件,北京,软件服务,20020517,5.631536,45.15769128,13.26841492,-0.000345839,0.034006935
600537.SH,亿晶光电,浙江,电气设备,20030123,6.2462397,5.163315436,1.511899801,-0.00072939,0.030537268
600538.SH,国发股份,广西,医药商业,20030114,5.7104278,5.024604027,1.393875963,-0.001146078,0.023020663
600539.SH,狮头股份,山西,互联网,20010824,1.3198211,6.377516779,1.265163461,-0.000650433,0.029039031
600540.SH,新赛股份,新疆,种植业,20040107,0.24632932,4.826177658,0.806202158,-0.00038231,0.027563975
600543.SH,莫高股份,甘肃,红黄酒,20040324,0.2814862,5.753620458,0.729966732,-0.00021101,0.025376702
600545.SH,卓郎智能,新疆,纺织机械,20031203,6.1561155,2.684026846,0.634344891,-0.000678472,0.028107322
600546.SH,山煤国际,山西,煤炭开采,20030731,-0.62654895,14.9030604,2.957980235,0.000195748,0.03267852
600547.SH,山东黄金,山东,黄金,20030828,6.2743154,22.38190604,3.869126922,0.000570058,0.020037798
600548.SH,深高速,深圳,路桥,20011225,5.85115,9.468536913,0.705362053,0.000152644,0.01799052
600549.SH,厦门钨业,福建,小金属,20021107,-2.8607216,20.21561074,3.21489869,-0.000545214,0.023491943
600550.SH,保变电气,河北,电气设备,20010228,6.2462397,5.035369128,0.769285316,0.000880978,0.029410313
600551.SH,时代出版,安徽,出版业,20020905,0.7587014,10.08408054,1.828899426,0.000161651,0.029901723
600552.SH,凯盛科技,安徽,元器件,20021108,-1.3768502,10.78557047,1.311881489,9.87936E-05,0.032128821
600556.SH,天下秀,广西,互联网,20010807,1.3198211,7.147100671,2.359449127,-0.001090327,0.032184054
600557.SH,康缘药业,江苏,中成药,20020918,0.30637786,17.56026846,5.468560723,0.000479805,0.030554622
600558.SH,大西洋,四川,钢加工,20010227,-2.7339256,3.593489933,0.30517562,1.51022E-05,0.020823199
600559.SH,老白干酒,河北,白酒,20021029,6.3949323,24.19977181,4.799033934,7.02208E-06,0.025285655
600560.SH,金自天正,北京,电气设备,20020919,6.2462397,11.82214765,2.235401254,0.000419724,0.028021853
600561.SH,江西长运,江西,公共交通,20020716,2.248381,5.285758389,0.715955258,-4.10231E-05,0.031651214
600562.SH,国睿科技,江苏,通信设备,20030128,5.876211,15.07089933,1.486836912,-4.73613E-05,0.020602291
600563.SH,法拉电子,福建,元器件,20021210,-1.3768502,144.3705638,45.69783223,-0.000703338,0.029382508
600566.SH,济川药业,湖北,中成药,20010822,0.30637786,28.11469799,5.548098647,0.000685178,0.026302809
600567.SH,山鹰国际,安徽,造纸,20011218,5.979003,2.415395973,0.577591994,-0.000927714,0.015762736
600568.SH,ST中珠,湖北,医疗保健,20010518,6.0711374,1.695194631,0.201155255,-0.000506223,0.018861176
600569.SH,安阳钢铁,河南,普钢,20010820,6.2763343,2.294510067,0.572003936,-0.00113072,0.022430182
600570.SH,恒生电子,浙江,软件服务,20031216,5.631536,37.94995973,13.07093828,-0.00118701,0.027931384
600571.SH,信雅达,浙江,软件服务,20021101,5.631536,10.27728859,1.858150139,0.000375704,0.036359182
600572.SH,康恩贝,浙江,中成药,20040412,0.30637786,4.882040268,0.697437417,0.000110283,0.020308397
600573.SH,惠泉啤酒,福建,啤酒,20030226,6.5069966,10.08033557,1.111657689,0.00022736,0.023535397
600575.SH,淮河能源,安徽,火力发电,20030328,5.2891226,2.78629932,0.442191,0.00057751,0.021794934
600576.SH,祥源文旅,浙江,旅游景点,20030220,6.0239387,6.248427419,1.320378356,6.33181E-05,0.027734677
600577.SH,精达股份,安徽,电气设备,20020911,6.2462397,5.034483221,1.325063716,-0.000632077,0.028184984
600578.SH,京能电力,北京,火力发电,20020510,5.2891226,3.220711409,0.266532702,0.000304803,0.021120445
600579.SH,中化装备,山东,化工机械,20020809,6.008067,6.734456376,0.867227076,-0.000188459,0.030939991
600580.SH,卧龙电驱,浙江,电气设备,20020606,6.2462397,13.1977047,1.965577351,-0.000300385,0.026838531
600581.SH,八一钢铁,新疆,普钢,20020816,6.2763343,4.558791946,1.500421407,-0.00123506,0.025815902
600582.SH,天地科技,北京,专用机械,20020515,5.9916244,5.351838926,0.822688012,0.000182291,0.020086008
600583.SH,海油工程,天津,石油开采,20020205,-0.41138357,5.484416107,0.871075817,0.000255493,0.021118089
600584.SH,长电科技,江苏,半导体,20030603,-2.3041902,28.41002703,3.576791299,-5.89418E-05,0.023864474
600585.SH,海螺水泥,安徽,水泥,20020207,6.8144245,29.66398658,6.825508278,-0.000777636,0.018155043
600586.SH,金晶科技,山东,玻璃,20020815,6.2391744,7.913543624,1.816735465,-0.001008679,0.029711945
600587.SH,新华医疗,山东,医疗保健,20020927,6.0711374,24.08578523,4.699086786,-0.000758401,0.031882175
600588.SH,用友网络,北京,软件服务,20010518,5.631536,20.46944966,7.539169016,-0.001559752,0.026687309
600589.SH,大位科技,广东,软件服务,20010612,5.631536,2.795229111,0.868935713,0.000395581,0.031781197
600590.SH,泰豪科技,江西,通信设备,20020703,5.876211,6.233167785,1.204977984,-0.000942884,0.022975014
600592.SH,龙溪股份,福建,机械基件,20020805,5.1280627,8.917691275,1.256291601,-0.000152218,0.026650247
600593.SH,大连圣亚,辽宁,旅游景点,20020711,6.0239387,15.67783602,3.664343673,0.000585693,0.033818114
600594.SH,益佰制药,贵州,中成药,20040323,0.30637786,5.408765101,1.104529083,-0.000561197,0.023716819
600595.SH,中孚实业,河南,铝,20020626,-2.803478,3.450228802,0.621175806,-0.000401025,0.023585581
600596.SH,新安股份,浙江,化工原料,20010906,5.4360824,15.90444295,7.824674767,-0.002155838,0.027005938
600597.SH,光明乳业,上海,乳制品,20020828,0.12147639,10.70916779,1.825884925,-0.000513575,0.015532957
600598.SH,北大荒,黑龙江,种植业,20020329,0.24632932,13.76343624,1.036966992,-6.28762E-05,0.016199744
600599.SH,ST熊猫,湖南,化工原料,20010828,5.4360824,10.75739597,1.923966888,0.00027955,0.028297006
600600.SH,青岛啤酒,山东,啤酒,19930827,6.5069966,90.38314094,14.33710558,-0.000270199,0.022843103
600601.SH,方正科技,上海,元器件,19901219,-1.3768502,2.715552561,0.326607978,5.43507E-05,0.023993021
600602.SH,云赛智联,上海,软件服务,19901219,5.631536,9.636402685,2.87984789,0.000755811,0.034594795
600603.SH,ST广物,四川,区域地产,19920113,5.6866717,6.485564516,1.960466463,0.000408161,0.03357178
600604.SH,市北高新,上海,园区开发,19920327,1.556426,4.883785235,0.647469148,-0.000400994,0.022090518
600605.SH,汇通能源,上海,房产服务,19920327,5.6273594,15.76552703,7.166951394,0.001776081,0.034603933
600606.SH,绿地控股,上海,全国地产,19920327,5.7559533,3.041288591,0.993483582,-0.001183798,0.023394696
600608.SH,ST沪科,上海,商贸代理,19920327,5.821426,4.353355705,0.912236713,-0.000957612,0.021622205
600609.SH,金杯汽车,辽宁,汽车配件,19920724,5.914197,4.852845638,0.781889914,-0.000474308,0.025217993
600610.SH,中毅达,贵州,化工原料,19920805,5.4360824,11.9374094,4.788956789,-0.001873611,0.034659797
600611.SH,大众交通,上海,公共交通,19920807,2.248381,3.497369128,1.466885665,0.000977737,0.024108524
600612.SH,老凤祥,上海,服饰,19920814,3.6204495,53.71928859,12.32122206,0.000269719,0.018613919
600613.SH,神奇制药,上海,中成药,19920820,0.30637786,6.693744966,1.354846861,0.00015658,0.030604201
600615.SH,丰华股份,重庆,铝,19920910,-2.803478,9.185174731,1.289362095,0.000443656,0.029220348
600616.SH,金枫酒业,上海,红黄酒,19920929,0.2814862,6.396577181,0.870156929,-0.000413745,0.023212895
600617.SH,国新能源,山西,供气供热,19921013,5.345988,4.161342282,0.771793277,-0.000882168,0.028099932
600618.SH,氯碱化工,上海,化工原料,19921113,5.4360824,10.34550336,1.974375509,-0.000271308,0.025329917
600619.SH,海立股份,上海,家用电器,19921116,6.388499,6.517731544,0.938296806,-0.000126728,0.025489433
600620.SH,天宸股份,上海,综合类,19921117,1.0376348,9.523248322,2.474857099,-0.000624209,0.026390935
600621.SH,华鑫股份,上海,证券,19921202,6.0117035,12.48373154,1.295445717,-7.15521E-05,0.026537714
600622.SH,光大嘉宝,上海,区域地产,19921203,5.6866717,2.921852349,0.601008834,-0.00016138,0.031573268
600623.SH,华谊集团,上海,化工原料,19921204,5.4360824,7.281409396,1.526302643,-0.000774995,0.019470974
600624.SH,复旦复华,上海,化学制药,19930105,5.6343184,5.702241611,1.115590251,-0.000843165,0.025978386
600626.SH,申达股份,上海,汽车配件,19930107,5.914197,3.545422819,0.43873243,-0.000186679,0.024877346
600628.SH,新世界,上海,百货,19930119,5.693497,7.074362416,0.718198465,-0.0003265,0.019436888
600629.SH,华建集团,上海,建筑工程,19930209,6.1645865,5.932375839,1.254796976,-0.000259998,0.031991414
600630.SH,龙头股份,上海,服饰,19930209,3.6204495,6.917758389,2.353020581,0.000563245,0.03522792
600633.SH,浙数文化,浙江,互联网,19930304,1.3198211,9.832912752,2.865848262,0.000455319,0.033102158
600635.SH,大众公用,上海,供气供热,19930304,5.345988,3.246966443,0.33151036,-0.000193701,0.018536567
600636.SH,国新文化,上海,文教休闲,19930316,5.1359844,9.708362416,1.932179602,-0.000414384,0.033316921
600637.SH,东方明珠,上海,影视音像,19930316,5.3885503,7.335516779,0.80549693,-0.000196871,0.017553342
600638.SH,新黄浦,上海,区域地产,19930326,5.6866717,5.292268456,0.73527742,-0.000139075,0.026159422
600639.SH,浦东金桥,上海,园区开发,19930326,1.556426,11.86167785,1.277986279,-0.00011886,0.022198864
600640.SH,国脉文化,上海,影视音像,19930407,5.3885503,11.17398658,1.609139914,6.99209E-05,0.031760809
600641.SH,万业企业,上海,区域地产,19930407,5.6866717,19.08161074,6.128888372,-0.000953961,0.031285685
600642.SH,申能股份,上海,火力发电,19930416,5.2891226,6.644832215,0.983011751,0.000322316,0.020622738
600643.SH,爱建集团,上海,多元金融,19930426,5.611957,5.493503356,0.878028673,-0.000313204,0.017074536
600644.SH,乐山电力,四川,水力发电,19930426,5.821079,6.783704698,0.760622777,1.61801E-05,0.029541182
600645.SH,中源协和,天津,医疗保健,19930504,6.0711374,18.94848322,2.444895326,-2.18233E-05,0.02382357
600648.SH,外高桥,上海,园区开发,19930504,1.556426,11.62539597,1.560849691,-0.000392656,0.016424112
600649.SH,城投控股,上海,区域地产,19930518,5.6866717,3.999422819,0.3781176,-5.97373E-06,0.021485225
600650.SH,锦江在线,上海,公共交通,19930607,2.248381,9.874161074,1.312617891,0.000313937,0.029611743
600651.SH,飞乐音响,上海,电器仪表,19901219,5.9888244,3.40261745,0.403644346,6.4118E-05,0.022676524
600653.SH,申华控股,辽宁,汽车服务,19901219,5.5388756,1.877624161,0.321571859,-0.000402684,0.02681777
600654.SH,中安科,湖北,仓储物流,19901219,5.1189384,2.369460189,0.295343099,0.000257881,0.024328002
600655.SH,豫园股份,上海,百货,19920902,5.693497,7.676724832,1.581504324,-0.000765472,0.016509565
600657.SH,信达地产,北京,全国地产,19930524,5.7559533,4.378348993,1.067133678,0.000248299,0.032739792
600658.SH,电子城,北京,园区开发,19930524,1.556426,4.438805369,0.733649404,-1.55029E-05,0.029655458
600660.SH,福耀玻璃,福建,汽车配件,19930610,5.914197,40.61691275,5.20885086,0.000161163,0.01790165
600661.SH,昂立教育,上海,文教休闲,19930614,5.1359844,9.904268456,1.237337491,0.000254855,0.037448594
600662.SH,外服控股,上海,文教休闲,19930614,5.1359844,5.748416107,1.01959889,-0.000775346,0.022230372
600663.SH,陆家嘴,上海,园区开发,19930628,1.556426,9.903537415,0.925099157,-0.000192779,0.017666481
600664.SH,哈药股份,黑龙江,化学制药,19930629,5.6343184,3.152161074,0.260167493,8.96389E-05,0.019716042
600665.SH,天地源,陕西,全国地产,19930709,5.7559533,3.408885906,0.645367253,-9.36558E-05,0.0320159
600666.SH,奥瑞德,黑龙江,元器件,19930712,-1.3768502,1.86101626,0.486039204,-0.000238658,0.031362042
600667.SH,太极实业,江苏,半导体,19930728,-2.3041902,6.707530201,0.964765875,-0.000546513,0.022298134
600668.SH,尖峰集团,浙江,水泥,19930728,6.8144245,12.18130201,2.915993172,-0.00040503,0.025918315
600671.SH,ST目药,浙江,中成药,19930823,0.30637786,8.678775236,1.169738945,-0.000362003,0.021308236
600673.SH,东阳光,广东,综合类,19930917,1.0376348,8.168577181,1.399615103,-0.000213577,0.02574118
600674.SH,川投能源,四川,水力发电,19930924,5.821079,14.00830872,2.28438301,0.000580865,0.01631616
600675.SH,中华企业,上海,区域地产,19930924,5.6866717,3.033798658,0.385682174,0.000104669,0.027767267
600676.SH,交运股份,上海,汽车配件,19930928,5.914197,4.018348993,0.422205979,-0.000197715,0.024990119
600678.SH,四川金顶,四川,水泥,19931008,6.8144245,5.889865772,0.758315538,-0.000287156,0.030722095
600679.SH,上海凤凰,上海,文教休闲,19931008,5.1359844,9.608630872,1.027108638,-8.60104E-05,0.024927452
600681.SH,百川能源,湖北,供气供热,19931018,5.345988,4.421087248,0.640571632,-0.000586926,0.017787515
600682.SH,南京新百,江苏,生物制药,19931018,4.419265,8.433020134,1.857220617,-0.000674855,0.022469892
600683.SH,京投发展,浙江,区域地产,19931025,5.6866717,5.060134228,0.968018835,0.000217111,0.037436545
600684.SH,珠江股份,广东,区域地产,19931028,5.6866717,3.466268456,0.472365112,-0.000134126,0.03093736
600685.SH,中船防务,广东,船舶,19931028,6.854024,23.31432215,3.689521213,0.00019497,0.024681153
600686.SH,金龙汽车,福建,汽车整车,19931108,6.560173,7.315651007,2.096919178,0.00077504,0.035921287
600688.SH,上海石化,上海,石油加工,19931108,5.969803,3.237127517,0.504980907,-0.000265771,0.01874106
600689.SH,上海三毛,上海,综合类,19931108,1.0376348,8.623624161,1.439737513,0.000188987,0.030607385
600690.SH,海尔智家,山东,家用电器,19931119,6.388499,25.03033557,2.506760058,5.18946E-05,0.018594686
600691.SH,阳煤化工,山西,农药化肥,19931119,4.9359045,3.428885906,1.038461807,-0.00098283,0.028087496
600692.SH,亚通股份,上海,区域地产,19931119,5.6866717,5.919409396,0.541056985,3.14683E-05,0.028696231
600693.SH,东百集团,福建,百货,19931122,5.693497,3.923087248,0.495365211,-0.000304079,0.024500547
600694.SH,大商股份,辽宁,百货,19931122,5.693497,18.14748993,1.483762113,-0.00012927,0.017308652
600696.SH,岩石股份,上海,白酒,19931206,6.3949323,22.72981208,7.73609267,-0.001874595,0.030929415
600697.SH,欧亚集团,吉林,百货,19931206,5.693497,12.34936913,1.203471683,-0.000216731,0.02361266
600698.SH,湖南天雁,湖南,汽车配件,19931206,5.914197,4.547516779,0.752396624,0.000587467,0.033516699
600699.SH,均胜电子,浙江,汽车配件,19931206,5.914197,16.65362416,2.511855924,-0.000305051,0.027228407
600702.SH,舍得酒业,四川,白酒,19960524,6.3949323,140.4711812,51.33669669,-0.001713097,0.0291125
600703.SH,三安光电,湖北,半导体,19960528,-2.3041902,19.57444295,7.200027422,-0.001472669,0.024466831
600704.SH,物产中大,浙江,仓储物流,19960606,5.1189384,4.957060403,0.623227662,-0.000348233,0.016193079
600705.SH,中航产融,黑龙江,多元金融,19960516,5.611957,3.476174497,0.593452398,-0.000244389,0.022470438
600706.SH,曲江文旅,陕西,旅游景点,19960516,6.0239387,11.86777181,3.331565775,0.000375515,0.03754478
600707.SH,彩虹股份,陕西,元器件,19960520,-1.3768502,5.821127517,1.204951954,-0.000245056,0.025386263
600708.SH,光明地产,上海,全国地产,19960606,5.7559533,2.284134228,0.28439633,2.90311E-05,0.025200525
600710.SH,苏美达,江苏,商贸代理,19960701,5.821426,6.995543624,0.925912515,0.000237031,0.02013313
600711.SH,ST盛屯,福建,小金属,19960531,-2.8607216,6.42733871,2.425430913,-0.001389721,0.026870613
600712.SH,南宁百货,广西,百货,19960626,5.693497,3.991637584,0.424602917,2.78577E-05,0.0272642
600713.SH,南京医药,江苏,医药商业,19960701,5.7104278,4.910187919,0.415235672,5.57062E-05,0.018131926
600714.SH,金瑞矿业,青海,化工原料,19960606,5.4360824,9.962536913,2.23487879,-0.000689405,0.029731844
600715.SH,*ST文投,北京,影视音像,19960701,5.3885503,2.34905914,0.455592941,-0.000632576,0.03638289
600716.SH,凤凰股份,江苏,区域地产,19960702,5.6866717,3.906322148,0.705849906,-0.000299924,0.024822842
600717.SH,天津港,天津,港口,19960614,5.9633217,4.271221477,0.217976978,0.000199027,0.015255445
600718.SH,东软集团,辽宁,软件服务,19960618,5.631536,10.19428188,1.561880863,-7.2671E-05,0.02452537
600719.SH,大连热电,辽宁,供气供热,19960716,5.345988,5.885227586,1.715891553,0.000828283,0.033336525
600720.SH,中交设计,甘肃,建筑工程,19960716,6.1645865,10.65522449,1.144202385,-0.000263998,0.022088803
600721.SH,百花医药,新疆,生物制药,19960626,4.419265,6.848978495,1.008829408,0.000484836,0.03226348
600722.SH,金牛化工,河北,化工原料,19960626,5.4360824,5.070765101,0.831443284,-0.000513146,0.024038955
600724.SH,宁波富达,浙江,综合类,19960716,1.0376348,3.925060403,0.359016021,0.000133616,0.024696282
600725.SH,云维股份,云南,商贸代理,19960702,5.821426,3.271677852,0.550081131,-0.000310303,0.029047395
600726.SH,华电能源,黑龙江,火力发电,19960701,5.2891226,2.453274457,0.292704975,-0.000121017,0.023724736
600727.SH,鲁北化工,山东,化工原料,19960702,5.4360824,7.498241611,1.938791677,-0.0009177,0.026384792
600728.SH,佳都科技,广东,软件服务,19960716,5.631536,6.131422819,1.369366118,-0.000763315,0.022675283
600729.SH,重庆百货,重庆,百货,19960702,5.693497,25.73863574,4.091835139,-9.28288E-05,0.022503376
600730.SH,中国高科,北京,文教休闲,19960726,5.1359844,5.646845638,0.788211777,-0.000318017,0.028262978
600731.SH,湖南海利,湖南,农药化肥,19960802,4.9359045,7.14304698,1.321903149,-0.000537365,0.022532031
600732.SH,爱旭股份,上海,电气设备,19960816,6.2462397,23.516,10.38913587,-0.000668377,0.037553759
600733.SH,北汽蓝谷,北京,汽车整车,19960816,6.560173,7.450201342,2.165084266,-0.000699351,0.031695145
600734.SH,实达集团,福建,软件服务,19960808,5.631536,3.743235294,0.841931949,0.000438546,0.040617663
600735.SH,新华锦,山东,服饰,19960726,3.6204495,6.096241611,1.106412684,-0.000590327,0.027257178
600736.SH,苏州高新,江苏,园区开发,19960815,1.556426,4.844899329,0.49712401,8.07592E-05,0.023795062
600737.SH,中粮糖业,新疆,食品,19960731,6.0406103,8.423583893,0.981859063,9.89863E-06,0.01895084
600738.SH,丽尚国潮,甘肃,百货,19960802,5.693497,5.72061745,1.139469856,-0.000435551,0.026017973
600739.SH,辽宁成大,辽宁,生物制药,19960819,4.419265,13.56467114,3.629339735,-0.001094915,0.017711792
600740.SH,山西焦化,山西,焦炭加工,19960808,5.859951,5.535718121,1.124437996,-0.000803381,0.023063089
600741.SH,华域汽车,上海,汽车配件,19960826,5.914197,19.31578523,3.653731074,-0.000467259,0.018436509
600742.SH,一汽富维,吉林,汽车配件,19960826,5.914197,9.207744966,1.448674409,-0.000122553,0.023993761
600743.SH,华远地产,北京,区域地产,19960909,5.6866717,1.742979866,0.326782096,-0.000340792,0.027399986
600744.SH,华银电力,湖南,火力发电,19960905,5.2891226,4.238456376,1.061252889,-0.001008232,0.025942507
600745.SH,闻泰科技,湖北,半导体,19960828,-2.3041902,60.69632215,28.66361253,-0.001848192,0.027507484
600746.SH,江苏索普,江苏,化工原料,19960918,5.4360824,9.390939597,3.564049124,-0.001680118,0.023671743
600748.SH,上实发展,上海,全国地产,19960925,5.7559533,3.597002688,0.547043216,-0.000366805,0.025227749
600749.SH,西藏旅游,西藏,旅游景点,19961015,6.0239387,11.67453691,1.178274244,3.14845E-05,0.029892776
600750.SH,江中药业,江西,中成药,19960923,0.30637786,17.97138255,4.467006027,0.00080067,0.024325531
600751.SH,海航科技,天津,水运,19960909,5.862221,2.604241611,0.290121861,-0.000411638,0.021895311
600753.SH,庚星股份,福建,商贸代理,19960927,5.821426,11.94828188,4.935965741,-0.002347331,0.035401135
600754.SH,锦江酒店,上海,酒店餐饮,19961011,6.203304,45.23849664,13.25978338,-0.000652855,0.02579371
600755.SH,厦门国贸,福建,仓储物流,19961003,5.1189384,7.430362416,0.75721991,-0.000321628,0.017754936
600756.SH,浪潮软件,山东,软件服务,19960923,5.631536,13.61136913,2.102583857,-1.41697E-05,0.027448569
600757.SH,长江传媒,湖北,出版业,19961003,0.7587014,6.819409396,1.44089202,0.00069779,0.023686266
600758.SH,辽宁能源,辽宁,煤炭开采,19961029,-0.62654895,3.899674355,0.563618841,-0.000308367,0.025841224
600759.SH,洲际油气,海南,石油开采,19961008,-0.41138357,2.54902834,0.308985044,-0.000305209,0.025867966
600760.SH,中航沈飞,山东,航空,19961011,6.8991065,52.78238926,11.47798956,-0.000848066,0.023477985
600761.SH,安徽合力,安徽,工程机械,19961009,6.1479993,15.91798658,4.400930067,0.000838477,0.024650158
600763.SH,通策医疗,浙江,医疗保健,19961030,6.0711374,120.5769262,54.05621316,-0.001988695,0.031419546
600764.SH,中国海防,北京,船舶,19961104,6.854024,24.88922148,4.380177205,-0.00046303,0.025815636
600765.SH,中航重机,贵州,航空,19961106,6.8991065,28.17578523,9.194533042,-0.000891568,0.030507066
600768.SH,宁波富邦,浙江,铝,19961111,-2.803478,9.536939597,1.337355068,-0.000184666,0.02720498
600769.SH,祥龙电业,湖北,水务,19961101,5.815092,7.654228188,1.208291016,0.00042582,0.031127362
600770.SH,综艺股份,江苏,综合类,19961120,1.0376348,5.762912752,1.893943367,-0.000903451,0.027333211
600771.SH,广誉远,山西,中成药,19961105,0.30637786,29.44856376,5.684220301,-0.000455554,0.027091562
600773.SH,西藏城投,西藏,区域地产,19961108,5.6866717,16.57571812,5.575956647,-0.001419767,0.031563374
600774.SH,汉商集团,湖北,化学制药,19961108,5.6343184,11.47770889,3.02468265,-0.001034786,0.028711427
600775.SH,南京熊猫,江苏,通信设备,19961118,5.876211,9.570630872,1.575093189,0.000175825,0.03169256
600776.SH,东方通信,浙江,通信设备,19961126,5.876211,10.57577181,1.153122678,-0.000185558,0.025972136
600777.SH,ST新潮,山东,石油开采,19961121,-0.41138357,2.385789474,0.352208981,-0.000111515,0.028231249
600778.SH,友好集团,新疆,百货,19961203,5.693497,5.69085906,1.212899668,0.000298069,0.031516299
600779.SH,水井坊,四川,白酒,19961206,6.3949323,72.01786577,26.32159366,-0.001478881,0.023883151
600780.SH,通宝能源,山西,火力发电,19961205,5.2891226,6.651288591,2.055384864,0.000579357,0.026440672
600782.SH,新钢股份,江西,普钢,19961225,6.2763343,4.48661745,1.166369975,-0.001269212,0.020489419
600783.SH,鲁信创投,山东,多元金融,19961225,5.611957,12.40934228,1.474510023,-0.000380835,0.02239552
600784.SH,鲁银投资,山东,综合类,19961225,1.0376348,6.195530201,0.840676583,-3.49133E-05,0.022424923
600785.SH,新华百货,宁夏,百货,19970108,5.693497,14.20912752,2.391746149,-0.000324884,0.029752454
600787.SH,中储股份,天津,仓储物流,19970121,5.1189384,5.426604027,0.555479678,-0.000469591,0.020709856
600789.SH,鲁抗医药,山东,化学制药,19970226,5.6343184,6.836483221,0.566326811,0.000127066,0.021778536
600790.SH,轻纺城,浙江,商品城,19970228,0.41456166,3.820939597,0.497981871,0.000231682,0.017708194
600791.SH,京能置业,北京,全国地产,19970130,5.7559533,4.246939597,0.630117354,0.00020886,0.033168405
600792.SH,云煤能源,云南,焦炭加工,19970123,5.859951,3.944697987,0.63466395,-0.000401587,0.030015972
600793.SH,宜宾纸业,四川,造纸,19970220,5.979003,11.95208054,1.715957394,-0.000433641,0.02633345
600794.SH,保税科技,江苏,仓储物流,19970306,5.1189384,3.542590604,0.358925929,8.27132E-06,0.02118233
600795.SH,国电电力,辽宁,火力发电,19970318,5.2891226,3.987355705,0.886636215,0.000939564,0.022120079
600796.SH,钱江生化,浙江,环境保护,19970408,5.655056,5.363521505,0.559408183,-0.000344556,0.023442727
600797.SH,浙大网新,浙江,软件服务,19970418,5.631536,6.242496644,0.889799389,-0.000288803,0.025699448
600798.SH,宁波海运,浙江,水运,19970423,5.862221,3.743114094,0.561177687,-0.000684712,0.023244865
600800.SH,渤海化学,天津,化工原料,19931206,5.4360824,3.660845638,0.813890305,-0.000893117,0.022429228
600801.SH,华新水泥,湖北,水泥,19940103,6.8144245,15.96095302,2.985815711,-0.000665446,0.022893435
600802.SH,福建水泥,福建,水泥,19940103,6.8144245,5.465812081,1.478825699,-0.001171526,0.02177371
600803.SH,新奥股份,河北,供气供热,19940103,5.345988,18.30839189,1.392943159,-4.55895E-05,0.021988965
600804.SH,*ST鹏博,山东,电信运营,19940103,5.8912435,4.080215343,1.549629538,-0.001989857,0.032996338
600805.SH,悦达投资,江苏,综合类,19940103,1.0376348,4.42695302,0.448737751,1.36457E-05,0.024349959
600807.SH,济高发展,山东,医疗保健,19940103,6.0711374,3.417771812,0.511424719,9.05112E-06,0.029791795
600808.SH,马钢股份,安徽,普钢,19940106,6.2763343,3.08233557,0.853191302,-0.001360799,0.020226634
600809.SH,山西汾酒,山西,白酒,19940106,6.3949323,254.7756644,38.80898682,-0.000454195,0.023011029
600810.SH,神马股份,河南,化纤,19940106,5.6056967,8.514134228,2.186324205,-0.001052371,0.020918203
600811.SH,东方集团,黑龙江,农业综合,19940106,5.4254327,2.375516779,0.626646247,-0.000853331,0.028285163
600812.SH,华北制药,河北,化学制药,19940114,5.6343184,6.434255034,1.701964793,-0.000650551,0.023150544
600814.SH,杭州解百,浙江,百货,19940114,5.693497,7.00104698,1.044619203,4.65714E-05,0.024510968
600815.SH,厦工股份,福建,工程机械,19940128,6.1479993,2.694456376,0.35060816,-0.000515345,0.023123134
600816.SH,建元信托,上海,多元金融,19940128,5.611957,3.688413978,0.707189886,-0.00088446,0.023718839
600817.SH,宇通重工,河南,专用机械,19940128,5.9916244,10.45526882,1.872255082,-0.000467933,0.029599191
600818.SH,中路股份,上海,文教休闲,19940128,5.1359844,18.14136913,7.155076475,0.000712839,0.038567367
600819.SH,耀皮玻璃,上海,玻璃,19940128,6.2391744,5.117127517,0.644040351,-0.0004109,0.029632393
600820.SH,隧道股份,上海,建筑工程,19940128,6.1645865,5.808026846,0.497753825,0.000139207,0.01609391
600821.SH,金开新能,天津,新型电力,19940128,5.62262,6.917624161,1.418951176,-4.52437E-05,0.028074419
600822.SH,上海物贸,上海,汽车服务,19940204,5.5388756,9.177637584,1.669355697,-1.24742E-05,0.028787428
600824.SH,益民集团,上海,百货,19940204,5.693497,3.58895302,0.322670275,-0.000115941,0.022160083
600825.SH,新华传媒,上海,出版业,19940204,0.7587014,4.278577181,0.488579645,9.31471E-05,0.027322018
600826.SH,兰生股份,上海,文教休闲,19940204,5.1359844,8.705865772,1.528585186,-0.000439902,0.025931893
600827.SH,百联股份,上海,超市连锁,19940204,5.8787456,11.19273826,1.990538782,-0.000659786,0.022086164
600828.SH,茂业商业,四川,百货,19940224,5.693497,3.506134228,0.486018588,-0.000327192,0.024572301
600829.SH,人民同泰,黑龙江,医药商业,19940224,5.7104278,6.583127517,0.747657285,-2.51238E-05,0.02564017
600830.SH,香溢融通,浙江,多元金融,19940224,5.611957,6.22957047,0.859895798,0.0010409,0.028722466
600831.SH,ST广网,陕西,影视音像,19940224,5.3885503,5.285295699,1.282238293,-0.001196933,0.027391862
600833.SH,第一医药,上海,医药商业,19940224,5.7104278,10.88851007,1.450500306,0.000410626,0.028931983
600834.SH,申通地铁,上海,公共交通,19940224,2.248381,8.466161074,1.020667885,-0.000695893,0.021130748
600835.SH,上海机电,上海,运输设备,19940224,6.052139,13.15758389,1.545410501,-0.000270946,0.018885012
600837.SH,海通证券,上海,证券,19940224,6.0117035,9.715786594,1.239071693,-0.000554911,0.01435498
600838.SH,上海九百,上海,百货,19940224,5.693497,6.72042953,0.731225094,0.000427824,0.027247937
600839.SH,四川长虹,四川,家用电器,19940311,6.388499,3.879436242,1.095411718,0.000814282,0.026947146
600841.SH,动力新科,上海,汽车配件,19940311,5.914197,7.058912752,2.485392815,-0.001218097,0.031311255
600843.SH,上工申贝,上海,纺织机械,19940311,6.1561155,5.836,0.926115485,0.000172972,0.029880925
600844.SH,丹化科技,内蒙,化工原料,19940311,5.4360824,3.09487214,0.446844828,-0.000662834,0.028237937
600845.SH,宝信软件,上海,软件服务,19940311,5.631536,47.35875168,10.23311839,-0.001125083,0.025190771
600846.SH,同济科技,上海,建筑工程,19940311,6.1645865,8.577785235,1.024476555,-0.000162571,0.019292792
600847.SH,万里股份,重庆,电气设备,19940324,6.2462397,12.72532698,4.248434375,-0.000243309,0.034400082
600848.SH,上海临港,上海,园区开发,19940324,1.556426,12.13119463,1.763097316,-0.000545411,0.016353926
600850.SH,电科数字,上海,软件服务,19940324,5.631536,23.42409946,5.377515799,-0.000507114,0.027876088
600851.SH,海欣股份,上海,化学制药,19940404,5.6343184,6.730228188,1.221448583,-0.000737266,0.022486721
600853.SH,龙建股份,黑龙江,建筑工程,19940404,6.1645865,3.676053691,0.777524157,0.000348208,0.029926454
600854.SH,春兰股份,江苏,家用电器,19940425,6.388499,4.844026846,0.828118349,0.000269375,0.028128564
600855.SH,航天长峰,北京,专用机械,19940425,5.9916244,11.47268456,1.763412972,-0.000387988,0.026414028
600857.SH,宁波中百,浙江,百货,19940425,5.693497,9.632979866,2.033108281,-0.000561795,0.026127019
600858.SH,银座股份,山东,百货,19940506,5.693497,5.281637584,0.684854394,-0.000277588,0.024083766
600859.SH,王府井,北京,百货,19940506,5.693497,21.46633288,5.649974694,-0.000956578,0.025393704
600860.SH,京城股份,北京,专用机械,19940506,5.9916244,13.11459677,3.945297639,0.00019913,0.036102844
600861.SH,北京人力,北京,文教休闲,19940520,5.1359844,21.06653951,3.331171479,-0.000118771,0.026142212
600862.SH,中航高科,江苏,航空,19940520,6.8991065,24.0881745,4.448105964,-0.00076579,0.02370421
600863.SH,内蒙华电,内蒙,火力发电,19940520,5.2891226,3.864120805,0.417637765,0.000818634,0.02684947
600864.SH,哈投股份,黑龙江,证券,19940809,6.0117035,5.357409396,0.517477209,-9.05972E-05,0.023061331
600865.SH,百大集团,浙江,百货,19940809,5.693497,8.768642473,1.400247492,-0.000233118,0.023344732
600866.SH,星湖科技,广东,饲料,19940818,6.365519,5.558310627,0.878585078,0.000548388,0.029799206
600867.SH,通化东宝,吉林,生物制药,19940824,4.419265,10.122,1.115116996,-0.000347587,0.018037109
600868.SH,梅雁吉祥,广东,水力发电,19940912,5.821079,2.62633557,0.377826082,-0.000485437,0.018029412
600869.SH,远东股份,青海,电气设备,19950206,6.2462397,5.098966443,1.056307415,-0.000591627,0.028406215
600871.SH,石化油服,北京,石油开采,19950411,-0.41138357,1.998187919,0.181486002,-0.000172385,0.0175998
600872.SH,中炬高新,广东,食品,19950124,6.0406103,31.32272483,5.858001302,-0.000512483,0.02577667
600873.SH,梅花生物,西藏,食品,19950217,6.0406103,9.435087248,1.277012232,0.000565521,0.019506285
600874.SH,创业环保,天津,环境保护,19950630,5.655056,6.172228188,0.56982772,-0.000185607,0.018326517
600875.SH,东方电气,四川,电气设备,19951010,6.2462397,17.49220134,2.885559475,-5.51636E-05,0.026518121
600876.SH,凯盛新能,河南,玻璃,19951031,6.2391744,18.32508725,6.123127827,-0.001137846,0.026587081
600877.SH,电科芯片,重庆,半导体,19951013,-2.3041902,13.46259409,2.003614262,-0.000203284,0.027672557
600879.SH,航天电子,湖北,航空,19951115,6.8991065,7.316469799,0.640366805,1.38567E-05,0.019973086
600880.SH,博瑞传播,四川,广告包装,19951115,6.04935,5.129973154,1.061803345,0.000229187,0.034202463
600881.SH,亚泰集团,吉林,综合类,19951115,1.0376348,2.280805369,0.682869417,-0.000813277,0.025042391
600882.SH,妙可蓝多,上海,乳制品,19951206,0.12147639,28.50527248,13.65326959,-0.001816925,0.027556018
600883.SH,博闻科技,云南,种植业,19951208,0.24632932,7.562308725,0.975526897,-0.000374374,0.023847836
600884.SH,杉杉股份,浙江,电气设备,19960130,6.2462397,19.32147651,8.638477344,-0.001763812,0.026599852
600885.SH,宏发股份,湖北,电气设备,19960205,6.2462397,39.37234899,14.64293359,-0.000984208,0.024889138
600886.SH,国投电力,北京,水力发电,19960118,5.821079,12.25006711,2.396214784,0.000738296,0.017944993
600887.SH,伊利股份,内蒙,乳制品,19960312,0.12147639,31.41938255,5.368512579,-0.000363832,0.015408259
600888.SH,新疆众和,新疆,铝,19960215,-2.803478,8.205946309,0.948737105,-0.000292072,0.023451732
600889.SH,南京化纤,江苏,化纤,19960308,5.6056967,5.186536913,0.66510718,-0.000263767,0.031365794
600892.SH,大晟文化,深圳,互联网,19960315,1.3198211,4.644683715,0.864255519,0.000343912,0.035865987
600893.SH,航发动力,陕西,航空,19960408,6.8991065,43.07158389,7.933914285,-0.000651367,0.020629821
600894.SH,广日股份,广东,运输设备,19960328,6.052139,7.783651007,1.646498023,0.000689964,0.020073391
600895.SH,张江高科,上海,园区开发,19960422,1.556426,15.85593289,3.641372994,0.000286091,0.028260255
600897.SH,厦门空港,福建,机场,19960531,6.5832233,15.21491275,2.109966945,-0.000219895,0.020194322
600898.SH,*ST美讯,山东,元器件,19960418,-1.3768502,4.274245283,1.992877983,-0.001511574,0.031078606
600900.SH,长江电力,北京,水力发电,20031118,5.821079,23.34745232,2.564742723,0.000518771,0.012099251
600901.SH,江苏金租,江苏,多元金融,20180301,5.611957,5.176979866,0.519004559,-3.73381E-05,0.021033687
600903.SH,贵州燃气,贵州,供气供热,20171107,5.345988,8.152389262,1.162456582,-0.000550256,0.021887653
600905.SH,三峡能源,北京,新型电力,20210610,5.62262,5.544657718,0.864464482,-0.00028002,0.016948617
600906.SH,财达证券,河北,证券,20210507,6.0117035,8.463583893,2.01918318,-0.000864644,0.022323194
600908.SH,无锡银行,江苏,银行,20160923,6.138913,5.497087248,0.344602349,-2.56914E-05,0.014456372
600909.SH,华安证券,安徽,证券,20161206,6.0117035,4.811234899,0.336098872,-1.96579E-05,0.017094258
600916.SH,中国黄金,北京,服饰,20210205,3.6204495,11.7950604,1.757451655,-0.000651737,0.021072743
600917.SH,重庆燃气,重庆,供气供热,20140930,5.345988,7.280671141,1.12424662,-0.000610072,0.018955101
600918.SH,中泰证券,山东,证券,20200603,6.0117035,7.349369128,1.201903957,-0.000572941,0.015927281
600919.SH,江苏银行,江苏,银行,20160802,6.138913,7.120308725,0.554451716,0.000291653,0.014735683
600925.SH,苏能股份,江苏,煤炭开采,20230329,-0.62654895,5.595191257,0.461185894,-0.001097096,0.012558846
600926.SH,杭州银行,浙江,银行,20161027,6.138913,12.78825503,1.437400549,-0.000101961,0.016012924
600927.SH,永安期货,浙江,多元金融,20211223,5.611957,17.30555887,4.424588448,-0.000947188,0.021783819
600928.SH,西安银行,陕西,银行,20190301,6.138913,3.662926174,0.368651314,-0.000347794,0.01457434
600929.SH,雪天盐业,湖南,食品,20180326,6.0406103,7.228669355,1.253880213,-0.000420709,0.02220299
600933.SH,爱柯迪,浙江,汽车配件,20171117,5.914197,18.54416107,3.871865833,0.000151579,0.031085447
600935.SH,华塑股份,安徽,化工原料,20211126,5.4360824,4.306086957,1.487370067,-0.001278336,0.021400748
600936.SH,广西广电,广西,影视音像,20160815,5.3885503,3.358348993,0.710907028,-9.23781E-05,0.030189097
600938.SH,中国海油,北京,石油开采,20220421,-0.41138357,20.68296296,5.365966009,0.00118046,0.023806623
600939.SH,重庆建工,重庆,建筑工程,20170221,6.1645865,3.575691275,0.77185563,-0.000450717,0.024729943
600941.SH,中国移动,北京,电信运营,20220105,5.8912435,85.22371041,17.18982144,0.000889431,0.018302431
600955.SH,维远股份,山东,化工原料,20210915,5.4360824,24.6742449,10.07599098,-0.001518035,0.021137859
600956.SH,新天绿能,河北,供气供热,20200629,5.345988,10.68366443,3.130791772,-0.000770396,0.02365021
600958.SH,东方证券,上海,证券,20150323,6.0117035,10.02937754,2.221084757,-0.000612324,0.021353998
600959.SH,江苏有线,江苏,影视音像,20150428,5.3885503,3.146214765,0.246976136,1.76276E-05,0.016573317
600960.SH,渤海汽车,山东,汽车配件,20040407,5.914197,3.630590604,0.464760807,-0.000404182,0.027141827
600961.SH,株冶集团,湖南,铅锌,20040830,5.7158103,8.789264305,1.227956856,-0.000623361,0.028768971
600962.SH,国投中鲁,北京,软饮料,20040622,0.7887329,11.13579866,1.550847215,0.000643921,0.030424856
600963.SH,岳阳林纸,湖南,造纸,20040525,5.979003,5.986496644,1.240975139,-0.00078675,0.026122841
600965.SH,福成股份,河北,农业综合,20040713,5.4254327,6.20347651,1.233011925,-0.000636542,0.026295306
600966.SH,博汇纸业,山东,造纸,20040608,5.979003,7.24790604,1.89250145,-0.001233368,0.021278166
600967.SH,内蒙一机,内蒙,运输设备,20040518,6.052139,8.913624161,1.105127355,-0.000448819,0.015565529
600968.SH,海油发展,北京,石油开采,20190626,-0.41138357,3.143073826,0.476944324,0.00054498,0.021042736
600969.SH,郴电国际,湖南,水力发电,20040408,5.821079,7.129557047,1.182028256,-0.00019234,0.026246217
600970.SH,中材国际,江苏,建筑工程,20050412,6.1645865,10.61095368,1.528271336,-0.000233777,0.023670947
600971.SH,恒源煤电,安徽,煤炭开采,20040817,-0.62654895,8.954241611,1.866478988,0.000461594,0.025098728
600973.SH,宝胜股份,江苏,电气设备,20040802,6.2462397,4.807369128,0.754142363,-0.000236644,0.027074799
600975.SH,新五丰,湖南,农业综合,20040609,5.4254327,8.490503401,1.628693628,-3.35308E-05,0.02862723
600976.SH,健民集团,湖北,中成药,20040419,0.30637786,56.96818792,10.7164466,0.000162149,0.031472255
600977.SH,中国电影,北京,影视音像,20160809,5.3885503,12.24618792,1.596189672,-0.000124963,0.022273382
600979.SH,广安爱众,四川,水力发电,20040906,5.821079,3.385879195,0.216661029,4.62798E-05,0.021782438
600980.SH,北矿科技,北京,专用机械,20040512,5.9916244,15.34527248,1.599193477,-0.000338018,0.02236547
600981.SH,汇鸿集团,江苏,商贸代理,20040630,5.821426,2.726013423,0.450113277,-0.000316081,0.025128644
600982.SH,宁波能源,浙江,供气供热,20040706,5.345988,4.41347651,0.664852534,-2.46219E-18,0.026690464
600983.SH,惠而浦,安徽,家用电器,20040727,6.388499,7.90809396,0.683076033,-5.17684E-05,0.020649893
600984.SH,建设机械,陕西,工程机械,20040707,6.1479993,5.696080537,2.623384899,-0.001937304,0.029783382
600985.SH,淮北矿业,安徽,煤炭开采,20040428,-0.62654895,14.43924832,2.13276298,0.000190585,0.024060073
600986.SH,浙文互联,浙江,互联网,20040426,1.3198211,5.46314094,0.965381039,0.000108307,0.031351571
600987.SH,航民股份,浙江,纺织,20040809,6.4696865,6.940228188,1.185780482,0.000524581,0.020441169
600988.SH,赤峰黄金,内蒙,黄金,20040414,6.2743154,16.842,2.257486208,0.000311807,0.025602422
600989.SH,宝丰能源,宁夏,化工原料,20190516,5.4360824,14.80880537,1.469302664,5.53476E-05,0.022387023
600990.SH,四创电子,安徽,通信设备,20040510,5.876211,30.2833557,11.49325918,-0.001049202,0.032466893
600992.SH,贵绳股份,贵州,钢加工,20040514,-2.7339256,15.7565906,5.011265151,0.00069758,0.037933738
600993.SH,马应龙,湖北,中成药,20040517,0.30637786,24.46249664,2.536378958,-0.000221765,0.022110477
600995.SH,南网储能,云南,水力发电,20040615,5.821079,12.82645777,3.21650692,0.000460151,0.027378334
600996.SH,贵广网络,贵州,影视音像,20161226,5.3885503,9.068120805,2.651044927,0.000796072,0.037003848
600997.SH,开滦股份,河北,焦炭加工,20040602,5.859951,7.274496644,0.873395331,-0.000362061,0.023535217
600998.SH,九州通,湖北,医药商业,20101102,5.7104278,11.06962416,3.456237329,-0.001398448,0.029792447
600999.SH,招商证券,深圳,证券,20091117,6.0117035,14.52746309,1.48712291,-6.9665E-05,0.013642078
601000.SH,唐山港,河北,港口,20100705,5.9633217,3.388107383,0.769731513,0.000880822,0.020088915
601001.SH,晋控煤业,山西,煤炭开采,20060623,-0.62654895,13.19585235,2.644699325,0.000469895,0.031731588
601002.SH,晋亿实业,浙江,机械基件,20070126,5.1280627,4.61757047,0.736511414,-0.000607873,0.020620677
601003.SH,柳钢股份,广西,普钢,20070227,6.2763343,3.992080537,1.05450281,-0.001167179,0.02067278
601005.SH,重庆钢铁,重庆,普钢,20070228,6.2763343,1.633248322,0.388077941,-0.001111816,0.01897946
601006.SH,大秦铁路,山西,铁路,20060801,6.535139,6.887691275,0.451722553,6.77478E-05,0.011219087
601007.SH,金陵饭店,江苏,酒店餐饮,20070406,6.203304,7.977744966,1.567446819,0.000202903,0.03126911
601008.SH,连云港,江苏,港口,20070426,5.9633217,4.110697987,0.440079473,-3.30982E-05,0.021229717
601009.SH,南京银行,江苏,银行,20070719,6.138913,9.48685906,1.064083134,0.000120207,0.013819954
601010.SH,文峰股份,江苏,百货,20110603,5.693497,2.61314094,0.467037751,-0.000639578,0.017243026
601011.SH,宝泰隆,黑龙江,焦炭加工,20110309,5.859951,3.647879195,1.044377708,-0.001451247,0.023309261
601012.SH,隆基绿能,陕西,电气设备,20120411,6.2462397,43.81900671,24.07946103,-0.002248546,0.026843186
601015.SH,陕西黑猫,陕西,焦炭加工,20141105,5.859951,4.976187919,1.433029994,-0.001432228,0.025088168
601016.SH,节能风电,北京,新型电力,20140929,5.62262,4.141718539,1.173463429,-0.00063856,0.022698815
601018.SH,宁波港,浙江,港口,20100928,5.9633217,3.683557047,0.230735948,-0.000115381,0.012594472
601019.SH,山东出版,山东,出版业,20171122,0.7587014,8.224738255,2.210770183,0.00100065,0.02111902
601020.SH,华钰矿业,西藏,铅锌,20160316,5.7158103,12.27951613,2.582752771,-0.000366048,0.033876832
601021.SH,春秋航空,上海,空运,20150121,6.24253,54.88049664,4.796578322,7.20743E-05,0.020091663
601022.SH,宁波远洋,浙江,水运,20221208,5.862221,10.41904328,1.775175725,-0.000852661,0.031619763
601028.SH,玉龙股份,山东,黄金,20111107,6.2743154,15.05024161,4.564244858,-0.000339266,0.027948425
601033.SH,永兴股份,广东,环境保护,20240118,5.655056,14.88702381,1.387957859,-0.002759109,0.02782475
601038.SH,一拖股份,河南,农用机械,20120808,6.1171265,12.8655302,2.089910162,0.000225536,0.023725156
601058.SH,赛轮轮胎,山东,汽车配件,20110630,5.914197,11.81528859,1.845349197,0.000492967,0.027398321
601059.SH,信达证券,北京,证券,20230201,6.0117035,16.01524631,2.147521296,0.00065675,0.031757064
601061.SH,中信金属,北京,商贸代理,20230410,5.821426,8.044456825,0.918472239,-0.00109678,0.026000547
601065.SH,江盐集团,江西,化工原料,20230410,5.4360824,10.78738162,1.64897593,-0.001643576,0.024797197
601066.SH,中信建投,北京,证券,20180620,6.0117035,24.7754094,2.94892041,-0.000311106,0.019441542
601068.SH,中铝国际,北京,建筑工程,20180831,6.1645865,4.837798658,0.642656188,3.11492E-06,0.030822014
601069.SH,西部黄金,新疆,黄金,20150122,6.2743154,12.76603542,1.3093245,3.47287E-06,0.025350607
601077.SH,渝农商行,重庆,银行,20191029,6.138913,4.044939597,0.484370257,0.000386669,0.011420832
601083.SH,锦江航运,上海,水运,20231205,5.862221,10.34497487,1.496704418,-0.003366651,0.028690884
601086.SH,国芳集团,甘肃,百货,20170929,5.693497,4.381744966,0.758082197,-5.73394E-05,0.030482681
601088.SH,中国神华,北京,煤炭开采,20071009,-0.62654895,30.93879195,6.023036725,0.001023097,0.02165794
601089.SH,福元医药,北京,化学制药,20220630,5.6343184,16.18708029,1.354363068,-0.000519858,0.018531462
601096.SH,宏盛华源,山东,钢加工,20231222,-2.7339256,4.849086022,0.859999826,-0.002576765,0.040110299
601098.SH,中南传媒,湖南,出版业,20101028,0.7587014,10.8630604,1.475599761,0.000541407,0.019785651
601099.SH,太平洋,云南,证券,20071228,6.0117035,3.120684564,0.47168132,0.000306309,0.022289213
601100.SH,恒立液压,江苏,工程机械,20111028,6.1479993,60.54225503,11.7950656,-0.000738389,0.024630024
601101.SH,昊华能源,北京,煤炭开采,20100331,-0.62654895,7.658456376,1.564934694,0.000114148,0.030186409
601106.SH,中国一重,黑龙江,工程机械,20100209,6.1479993,3.033369128,0.376840365,-0.000515246,0.017365119
601107.SH,四川成渝,四川,路桥,20090727,5.85115,4.28847619,0.576521909,0.000534117,0.021233035
601108.SH,财通证券,浙江,证券,20171024,6.0117035,8.00608931,1.251270681,-0.000432286,0.017030754
601111.SH,中国国航,北京,空运,20060818,6.24253,8.863637584,1.35798774,1.64472E-05,0.021721165
601113.SH,华鼎股份,浙江,互联网,20110509,1.3198211,3.721948925,0.427390709,-0.000208664,0.018890888
601116.SH,三江购物,浙江,超市连锁,20110302,5.8787456,9.858442953,1.679955514,0.000113879,0.030659923
601117.SH,中国化学,北京,建筑工程,20100107,6.1645865,8.699020134,1.640251663,-0.000693585,0.02433986
601118.SH,海南橡胶,海南,橡胶,20110107,6.791621,4.691355705,0.35956988,0.000120134,0.017645111
601121.SH,宝地矿业,新疆,普钢,20230310,6.2763343,6.995883905,1.098037184,-0.000159859,0.028234406
601126.SH,四方股份,北京,电气设备,20101231,6.2462397,15.7684698,2.342694047,0.000186926,0.030234992
601127.SH,赛力斯,重庆,汽车整车,20160615,6.560173,60.64110067,19.68209723,0.000135631,0.038596326
601128.SH,常熟银行,江苏,银行,20160930,6.138913,7.275489933,0.492039379,0.000121171,0.016086973
601133.SH,柏诚股份,江苏,建筑工程,20230410,6.1645865,12.62537604,2.351571045,-0.002449085,0.032395858
601136.SH,首创证券,北京,证券,20221222,6.0117035,18.87149184,3.377738849,0.001756554,0.034054162
601137.SH,博威合金,浙江,小金属,20110127,-2.8607216,16.21055034,2.550328851,8.01117E-05,0.030418021
601138.SH,工业富联,深圳,通信设备,20180608,5.876211,15.12719463,5.798913557,0.000907327,0.029801524
601139.SH,深圳燃气,深圳,供气供热,20091225,5.345988,7.369691275,1.024535319,-0.00051627,0.017057896
601155.SH,新城控股,江苏,区域地产,20151204,5.6866717,18.79877852,8.285641972,-0.001347734,0.031881344
601156.SH,东航物流,上海,仓储物流,20210609,5.1189384,17.03869799,3.202475445,-0.000150754,0.021911694
601158.SH,重庆水务,重庆,水务,20100329,5.815092,5.501892617,0.427866097,-0.000267886,0.014501933
601162.SH,天风证券,湖北,证券,20181019,6.0117035,3.179221477,0.497303682,-0.000143633,0.021160157
601163.SH,三角轮胎,山东,汽车配件,20160909,5.914197,13.87828188,1.688849739,0.00011172,0.01656575
601166.SH,兴业银行,福建,银行,20070205,6.138913,17.47069799,1.848457886,-5.87907E-05,0.015183593
601168.SH,西部矿业,青海,铜,20070712,-2.2392933,13.53097987,2.698206888,0.000151932,0.02576992
601169.SH,北京银行,北京,银行,20070919,6.138913,4.677838926,0.479896971,0.000324798,0.010459425
601177.SH,杭齿前进,浙江,机械基件,20101011,5.1280627,8.774420485,1.080545609,-0.000203221,0.02213536
601179.SH,中国西电,陕西,电气设备,20100128,6.2462397,5.384791946,0.905881761,0.00048912,0.02421036
601186.SH,中国铁建,北京,建筑工程,20080310,6.1645865,8.327208054,0.993888714,-1.14252E-05,0.019321595
601187.SH,厦门银行,福建,银行,20201027,6.138913,5.784604027,0.763787172,-0.000698323,0.013430395
601188.SH,龙江交通,黑龙江,路桥,20100319,5.85115,3.368348993,0.392392834,-3.64933E-05,0.026289262
601198.SH,东兴证券,北京,证券,20150226,6.0117035,8.837355705,1.23729288,-0.000178126,0.016693447
601199.SH,江南水务,江苏,水务,20110317,5.815092,6.102818792,1.158447979,0.00045907,0.026649227
601200.SH,上海环境,上海,环境保护,20170331,5.655056,9.767530201,1.270175278,-0.000538782,0.015404208
601208.SH,东材科技,四川,化工原料,20110520,5.4360824,12.04413423,2.820561807,-0.001030403,0.027812333
601211.SH,国泰君安,上海,证券,20150626,6.0117035,15.01900137,1.32106141,-0.000288799,0.013032511
601212.SH,白银有色,甘肃,铜,20170215,-2.2392933,2.824657718,0.198883773,-0.000116951,0.019891076
601216.SH,君正集团,内蒙,化工原料,20110222,5.4360824,4.35338255,0.570669381,-0.000412151,0.018823287
601218.SH,吉鑫科技,江苏,电气设备,20110506,6.2462397,4.149583893,0.965584793,-0.000366149,0.027474978
601222.SH,林洋能源,江苏,新型电力,20110808,5.62262,8.106496644,1.779844878,-0.000663297,0.025718629
601225.SH,陕西煤业,陕西,煤炭开采,20140128,-0.62654895,19.54092617,4.018924397,0.000900795,0.024323459
601226.SH,华电科工,北京,建筑工程,20141211,6.1645865,5.996402685,0.955639992,2.35123E-05,0.029778989
601228.SH,广州港,广东,港口,20170329,5.9633217,3.26514094,0.175339188,6.17606E-05,0.015356644
601229.SH,上海银行,上海,银行,20161116,6.138913,6.513812081,0.59937756,5.48234E-06,0.009551856
601231.SH,环旭电子,上海,元器件,20120220,-1.3768502,14.99413423,1.579416349,-1.56451E-05,0.02407546
601233.SH,桐昆股份,浙江,化纤,20110518,5.6056967,15.57312752,3.101838774,-0.000895864,0.020994016
601236.SH,红塔证券,云南,证券,20190705,6.0117035,8.479812081,1.563233558,-0.00064555,0.022127106
601238.SH,广汽集团,广东,汽车整车,20120329,6.560173,11.60602685,2.92170719,-0.001049074,0.020841754
601279.SH,英利汽车,吉林,汽车配件,20210415,5.914197,5.713087248,1.186073704,-0.001051473,0.027771495
601288.SH,农业银行,北京,银行,20100715,6.138913,3.426845638,0.599053338,0.000607915,0.01110076
601298.SH,青岛港,山东,港口,20190121,5.9633217,6.45826793,1.168900871,0.000553333,0.015553059
601311.SH,骆驼股份,湖北,电气设备,20110602,6.2462397,9.766161074,2.431153489,-0.000737979,0.022407009
601318.SH,中国平安,深圳,保险,20070301,6.1577587,45.68653691,4.162081821,1.06602E-05,0.016845519
601319.SH,中国人保,北京,保险,20181116,6.1577587,5.229127517,0.504778421,0.000339778,0.014628607
601326.SH,秦港股份,河北,港口,20170816,5.9633217,2.999879195,0.276448505,0.000356958,0.018039768
601328.SH,交通银行,上海,银行,20070515,6.138913,5.488563758,0.914002896,0.000648162,0.011856765
601330.SH,绿色动力,深圳,环境保护,20180611,5.655056,7.52114094,1.289311066,-0.000634256,0.017079275
601333.SH,广深铁路,深圳,铁路,20061222,6.535139,2.64009396,0.558194687,0.000634819,0.020166352
601336.SH,新华保险,北京,保险,20111216,6.1577587,33.50548993,4.877704164,-1.11017E-05,0.020813575
601339.SH,百隆东方,浙江,纺织,20120612,6.4696865,5.65261745,0.588237064,-0.000230554,0.021858954
601360.SH,三六零,天津,互联网,20120116,1.3198211,9.700067114,2.607539703,-0.000550555,0.027721842
601366.SH,利群股份,山东,百货,20170412,5.693497,5.71861745,0.585370111,-0.000242941,0.013697618
601368.SH,绿城水务,广西,水务,20150612,5.815092,5.194845638,0.576896367,-0.000170863,0.020680292
601369.SH,陕鼓动力,陕西,机械基件,20100428,5.1280627,9.783315436,1.920700376,-0.000436032,0.025195591
601375.SH,中原证券,河南,证券,20170103,6.0117035,4.014013423,0.479152618,-0.000187583,0.016723243
601377.SH,兴业证券,福建,证券,20101013,6.0117035,6.643545332,1.38056443,-0.000712565,0.017353648
601388.SH,怡球资源,江苏,铝,20120423,-2.803478,3.402563758,0.951802057,-0.001220231,0.028216166
601390.SH,中国中铁,北京,建筑工程,20071203,6.1645865,6.326630872,0.819425155,-2.63555E-05,0.02077552
601398.SH,工商银行,北京,银行,20061027,6.138913,4.825342282,0.478581486,0.000336192,0.01046657
601399.SH,国机重装,四川,工程机械,20200608,6.1479993,3.177409396,0.373397472,-0.000415625,0.017649575
601456.SH,国联证券,江苏,证券,20200731,6.0117035,11.24778231,1.489620439,-0.000264378,0.025059679
601500.SH,通用股份,江苏,汽车配件,20160919,5.914197,4.490550336,0.671346619,-0.000154663,0.021850276
601512.SH,中新集团,江苏,园区开发,20191220,1.556426,8.597932886,0.794455092,-0.000286579,0.019092083
601515.SH,东峰集团,广东,广告包装,20120216,6.04935,4.769039242,1.437124886,-0.001143252,0.026691713
601518.SH,吉林高速,吉林,路桥,20100319,5.85115,2.698604027,0.277735535,4.84893E-05,0.024422609
601519.SH,大智慧,上海,软件服务,20110128,5.631536,6.813530201,0.891174934,-8.56395E-05,0.02617862
601528.SH,瑞丰银行,浙江,银行,20210625,6.138913,6.968845638,2.158629844,-0.001002201,0.022422249
601555.SH,东吴证券,江苏,证券,20111212,6.0117035,7.303477673,0.967044615,-0.000327284,0.017797693
601566.SH,九牧王,福建,服饰,20110530,3.6204495,9.965557047,2.057204425,-0.000993407,0.026464154
601567.SH,三星医疗,浙江,电气设备,20110615,6.2462397,17.64261745,7.495248441,0.001122186,0.02942205
601568.SH,北元集团,陕西,化工原料,20201020,5.4360824,5.87557047,1.45871518,-0.001091758,0.014030614
601577.SH,长沙银行,湖南,银行,20180926,6.138913,7.639744966,0.593412144,-0.000153917,0.014060607
601579.SH,会稽山,浙江,红黄酒,20140825,0.2814862,11.32951678,1.421301854,-1.15153E-05,0.027076977
601588.SH,北辰实业,北京,区域地产,20061016,5.6866717,2.069798658,0.339345254,-0.00042371,0.021863885
601595.SH,上海电影,上海,影视音像,20160817,5.3885503,17.31621477,8.05444769,0.001082802,0.035166197
601598.SH,中国外运,北京,仓储物流,20190118,5.1189384,4.620295302,0.740923515,3.40293E-05,0.021722196
601599.SH,浙文影业,浙江,纺织,20110527,6.4696865,3.395422819,0.416609929,0.000141162,0.029397992
601600.SH,中国铝业,北京,铝,20070430,-2.803478,5.892805369,1.094135416,0.000112,0.025878159
601601.SH,中国太保,上海,保险,20071225,6.1577587,25.8205906,3.285837674,0.000354859,0.021038771
601606.SH,长城军工,安徽,专用机械,20180806,5.9916244,11.66955705,1.352532448,-0.000279169,0.024144574
601607.SH,上海医药,上海,医药商业,19940324,5.7104278,18.85841611,1.630334145,4.11487E-05,0.018053703
601608.SH,中信重工,河南,专用机械,20120706,5.9916244,3.946644295,0.429654166,-0.00032162,0.021793669
601609.SH,金田股份,浙江,铜,20200422,-2.2392933,7.030899329,1.068180607,-0.000743547,0.016749355
601611.SH,中国核建,上海,建筑工程,20160606,6.1645865,8.098979866,0.828826597,-0.000179696,0.020833585
601615.SH,明阳智能,广东,电气设备,20190123,6.2462397,19.97092617,7.539304436,-0.001021001,0.026280135
601616.SH,广电电气,上海,电气设备,20110201,6.2462397,3.317020134,0.301441395,-9.12331E-05,0.021537236
601618.SH,中国中冶,北京,建筑工程,20090921,6.1645865,3.556577181,0.481008645,-0.000639963,0.019582081
601619.SH,嘉泽新能,宁夏,新型电力,20170720,5.62262,4.080483221,0.713091507,-0.000581447,0.021598909
601628.SH,中国人寿,北京,保险,20070109,6.1577587,31.47747651,3.707861065,0.000350424,0.019626405
601633.SH,长城汽车,河北,汽车整车,20110928,6.560173,31.7858255,10.62029874,-0.001152088,0.026528118
601636.SH,旗滨集团,湖南,玻璃,20110812,6.2391744,10.45414765,3.894484155,-0.002037252,0.02671475
601658.SH,邮储银行,北京,银行,20191210,6.138913,4.924174497,0.399445714,-7.75649E-05,0.015385441
601665.SH,齐鲁银行,山东,银行,20210618,6.138913,4.607879195,0.633957795,-0.000310501,0.017263903
601666.SH,平煤股份,河南,煤炭开采,20061123,-0.62654895,11.2306443,2.129702037,0.000198314,0.032200096
601668.SH,中国建筑,北京,建筑工程,20090729,6.1645865,5.392161074,0.44320864,0.000167612,0.017621825
601669.SH,中国电建,北京,建筑工程,20111018,6.1645865,6.550322148,1.254704975,-0.000271604,0.024058655
601677.SH,明泰铝业,河南,铝,20110919,-2.803478,20.31048322,10.31031758,-0.001310804,0.031590476
601678.SH,滨化股份,山东,化工原料,20100223,5.4360824,5.436483221,1.732996576,-0.001474244,0.021195869
601686.SH,友发集团,天津,钢加工,20201204,-2.7339256,7.007087248,1.507660804,-0.000821182,0.017960777
601688.SH,华泰证券,江苏,证券,20100226,6.0117035,14.29774497,1.650767747,-8.22751E-05,0.016670613
601689.SH,拓普集团,浙江,汽车配件,20150319,5.914197,60.90468456,12.53140934,0.000269896,0.03539408
601696.SH,中银证券,上海,证券,20200226,6.0117035,11.41830872,1.543502628,-0.000386963,0.020899016
601698.SH,中国卫通,北京,电信运营,20190628,5.8912435,14.852,3.088001259,-0.000101276,0.026973458
601699.SH,潞安环能,山西,煤炭开采,20060922,-0.62654895,17.54249664,3.585714367,0.000133795,0.030310878
601700.SH,风范股份,江苏,电气设备,20110118,6.2462397,4.997428571,0.62664567,-0.000105964,0.02770882
601702.SH,华峰铝业,上海,铝,20200907,-2.803478,14.89418792,2.928274735,0.000568644,0.030685719
601717.SH,郑煤机,河南,专用机械,20100803,5.9916244,13.17777181,1.537894761,3.85689E-05,0.02548546
601718.SH,际华集团,北京,服饰,20100816,3.6204495,2.909328859,0.227055321,-0.000100316,0.016005757
601727.SH,上海电气,上海,电气设备,20081205,6.2462397,4.31590604,0.356982224,-0.00018757,0.017006055
601728.SH,中国电信,北京,电信运营,20210820,5.8912435,5.065100671,0.98069951,0.000434948,0.017822024
601766.SH,中国中车,北京,运输设备,20080818,6.052139,5.982630872,0.830999563,0.000148464,0.015400164
601777.SH,力帆科技,重庆,摩托车,20101125,0.30112803,4.382966443,1.109405988,-0.000706683,0.025461435
601778.SH,晶科科技,江西,新型电力,20200519,5.62262,4.954174497,1.902138693,-0.001675131,0.025964502
601788.SH,光大证券,上海,证券,20090818,6.0117035,15.3085906,1.447852052,6.28927E-05,0.020887585
601789.SH,宁波建工,浙江,建筑工程,20110816,6.1645865,4.602456376,0.956804722,-4.56858E-05,0.028472644
601798.SH,蓝科高新,甘肃,化工机械,20110622,6.008067,6.93766443,1.15568158,-2.88029E-05,0.034171308
601799.SH,星宇股份,江苏,汽车配件,20110201,5.914197,145.5007248,27.97581419,-0.000468288,0.026273297
601800.SH,中国交建,北京,建筑工程,20120309,6.1645865,8.943610738,1.280650764,0.000121546,0.025184112
601801.SH,皖新传媒,安徽,出版业,20100118,0.7587014,6.188469799,1.419649101,0.000542061,0.025517505
601808.SH,中海油服,天津,石油开采,20070928,-0.41138357,15.27456376,1.436975095,7.1714E-05,0.022362774
601811.SH,新华文轩,四川,出版业,20160808,0.7587014,11.77114094,2.573226744,0.000677036,0.023561041
601816.SH,京沪高铁,北京,铁路,20200116,6.535139,5.008738255,0.336224719,0.000184622,0.013786647
601818.SH,光大银行,北京,银行,20100818,6.138913,3.125758389,0.182467395,1.17047E-05,0.010990492
601825.SH,沪农商行,上海,银行,20210819,6.138913,6.306456376,0.594566397,-0.000146904,0.012661089
601827.SH,三峰环境,重庆,环境保护,20200605,5.655056,7.74242953,0.833304652,-0.000127083,0.01599253
601828.SH,美凯龙,上海,其他商业,20180117,5.4766254,5.263527027,2.049699306,-0.001626562,0.022942851
601838.SH,成都银行,四川,银行,20180131,6.138913,13.93244295,1.456041804,0.000225939,0.018028008
601857.SH,中国石油,北京,石油开采,20071105,-0.41138357,6.785731544,1.736727482,0.00071305,0.020580166
601858.SH,中国科传,北京,出版业,20170118,0.7587014,17.66002685,10.09099539,0.001072577,0.035434821
601860.SH,紫金银行,江苏,银行,20190103,6.138913,2.777288591,0.266065324,-0.00025572,0.013358079
601865.SH,福莱特,浙江,玻璃,20190215,6.2391744,34.20324832,9.708896689,-0.001455996,0.029227704
601866.SH,中远海发,上海,水运,20071212,5.862221,2.720362903,0.445439886,-0.000654731,0.018867404
601868.SH,中国能建,北京,建筑工程,20210928,6.1645865,2.33543956,0.191154673,-0.000282153,0.017280367
601869.SH,长飞光纤,湖北,通信设备,20180720,5.876211,31.39739597,5.427476139,-6.79428E-05,0.027644974
601872.SH,招商轮船,上海,水运,20061201,5.862221,6.38957047,1.321642359,0.000746421,0.028412294
601877.SH,正泰电器,浙江,电气设备,20100121,6.2462397,30.70557047,11.00428729,-0.00134551,0.02379394
601878.SH,浙商证券,浙江,证券,20170626,6.0117035,10.80550336,0.986743338,-5.42936E-05,0.020193915
601880.SH,辽港股份,辽宁,港口,20101206,5.9633217,1.577449664,0.154204315,-0.00031359,0.011916208
601881.SH,中国银河,北京,证券,20170123,6.0117035,10.72281879,1.191443103,0.00034909,0.0219929
601882.SH,海天精工,浙江,机床制造,20161107,-2.5901217,25.36558389,4.494487928,-0.000407433,0.027164542
601886.SH,江河集团,北京,装修装饰,20110818,6.4589305,7.073852349,1.364499221,-0.000431277,0.026620102
601888.SH,中国中免,北京,旅游服务,20091015,5.9413686,150.4412752,60.80299124,-0.001631716,0.025777192
601890.SH,亚星锚链,江苏,船舶,20101228,6.854024,8.728550336,1.259891633,6.16576E-05,0.029456566
601898.SH,中煤能源,北京,煤炭开采,20080201,-0.62654895,9.503892617,1.89441607,0.000737135,0.025614116
601899.SH,紫金矿业,福建,铜,20080425,-2.2392933,12.06037584,2.675510024,0.000663257,0.022108133
601900.SH,南方传媒,广东,出版业,20160215,0.7587014,11.57530201,4.465027929,0.000817331,0.031323464
601901.SH,方正证券,湖南,证券,20110810,6.0117035,7.314684564,0.750972265,-2.50945E-05,0.020248554
601908.SH,京运通,北京,电气设备,20110908,6.2462397,6.323731544,2.563899402,-0.001991176,0.027421713
601916.SH,浙商银行,浙江,银行,20191126,6.138913,2.995520974,0.326935086,-0.000338909,0.011168448
601918.SH,新集能源,安徽,煤炭开采,20071219,-0.62654895,5.60747651,1.735072609,0.000563688,0.02544113
601919.SH,中远海控,天津,水运,20070626,5.862221,12.84547651,2.90277339,-0.000439507,0.023656072
601921.SH,浙版传媒,浙江,出版业,20210723,0.7587014,8.245087248,0.821741708,-0.000196903,0.022287238
601928.SH,凤凰传媒,江苏,出版业,20111130,0.7587014,9.243328859,1.838533099,0.000648542,0.024913848
601929.SH,吉视传媒,吉林,影视音像,20120223,5.3885503,1.860644295,0.381864573,-0.000393954,0.027771913
601933.SH,永辉超市,福建,超市连锁,20101215,5.8787456,3.319865772,0.644165488,-0.000234835,0.023266252
601939.SH,建设银行,北京,银行,20070925,6.138913,6.263369128,0.632391182,0.000337788,0.011265637
601949.SH,中国出版,北京,出版业,20170821,0.7587014,6.784939597,2.405594516,0.00022619,0.028993984
601952.SH,苏垦农发,江苏,种植业,20170515,0.24632932,11.71296644,1.639904905,-3.96125E-05,0.020479754
601956.SH,东贝集团,湖北,家用电器,20201225,6.388499,5.846080537,0.734753228,-0.00052741,0.019829742
601958.SH,金钼股份,陕西,小金属,20080417,-2.8607216,9.689677852,1.83630426,0.000260788,0.024894734
601963.SH,重庆银行,重庆,银行,20210205,6.138913,7.736013423,0.725490435,-0.000234486,0.013219609
601965.SH,中国汽研,重庆,汽车服务,20120611,5.5388756,18.57198658,2.785566596,6.33902E-05,0.025008683
601966.SH,玲珑轮胎,山东,汽车配件,20160706,5.914197,23.16520805,5.925646917,-0.000658626,0.024935478
601968.SH,宝钢包装,上海,广告包装,20150611,6.04935,6.763208054,1.519962344,-0.000894935,0.023720358
601969.SH,海南矿业,海南,普钢,20141209,6.2763343,8.183315436,3.01643449,-0.001709633,0.026750537
601975.SH,招商南油,江苏,水运,20190108,5.862221,3.241610738,0.878565292,0.000616595,0.029823344
601985.SH,中国核电,北京,新型电力,20150610,5.62262,7.557610738,1.431869007,0.000868663,0.019575234
601988.SH,中国银行,北京,银行,20060705,6.138913,3.656805369,0.601534548,0.000624569,0.011639919
601989.SH,中国重工,北京,船舶,20091216,6.854024,4.20107483,0.523757971,0.000170522,0.017056149
601990.SH,南京证券,江苏,证券,20180613,6.0117035,8.415597315,0.743193631,-0.000262758,0.017614108
601991.SH,大唐发电,北京,火力发电,20061220,5.2891226,2.861020134,0.345192063,9.77521E-06,0.023820528
601992.SH,金隅集团,北京,水泥,20110301,6.8144245,2.333422819,0.468579086,-0.000686594,0.015595733
601995.SH,中金公司,北京,证券,20201102,6.0117035,39.24515436,6.439067004,-0.000625488,0.020660923
601996.SH,丰林集团,广西,家居用品,20110929,5.7977047,2.675355705,0.446921264,-0.000744147,0.019433417
601997.SH,贵阳银行,贵州,银行,20160816,6.138913,5.702899329,0.512043053,-0.00022526,0.01079022
601998.SH,中信银行,北京,银行,20070427,6.138913,5.41295302,0.824855236,0.000469334,0.016720455
601999.SH,出版传媒,辽宁,出版业,20071221,0.7587014,6.29114094,0.77356573,-3.99263E-05,0.02852362
603000.SH,人民网,北京,互联网,20120427,1.3198211,19.39604027,8.159224134,0.000613203,0.034358485
603001.SH,奥康国际,浙江,服饰,20120426,3.6204495,6.380915209,1.373121347,-0.000946087,0.020112816
603002.SH,宏昌电子,广东,化工原料,20120518,5.4360824,5.735677852,0.94414899,-0.000620454,0.028320431
603003.SH,*ST龙宇,上海,石油贸易,20120817,6.087737,7.943427419,1.948019998,-0.000631404,0.032746134
603004.SH,鼎龙科技,浙江,化工原料,20231227,5.4360824,20.64377049,4.630667895,-0.002730546,0.042700462
603005.SH,晶方科技,江苏,半导体,20140210,-2.3041902,26.38514094,10.55706406,-0.001216245,0.034351987
603006.SH,联明股份,上海,汽车配件,20140630,5.914197,10.20210738,1.489725561,0.000151148,0.03277297
603007.SH,ST花王,江苏,建筑工程,20160826,6.1645865,4.509973118,0.991989721,0.001020158,0.027035897
603008.SH,喜临门,浙江,家居用品,20120717,5.7977047,25.1957047,6.717373184,-0.000625324,0.027548727
603009.SH,北特科技,上海,汽车配件,20140718,5.914197,9.375463087,4.169211728,0.001504819,0.033513504
603010.SH,万盛股份,浙江,化工原料,20141010,5.4360824,14.19855795,5.382577101,-0.001048894,0.021903538
603011.SH,合锻智能,安徽,专用机械,20141107,5.9916244,7.115342282,1.253242857,3.11042E-05,0.032767426
603012.SH,创力集团,上海,专用机械,20150320,5.9916244,5.684818792,0.557864111,-0.000327838,0.017420708
603013.SH,亚普股份,江苏,汽车配件,20180509,5.914197,15.06413423,1.397524918,-0.000222657,0.023988296
603015.SH,弘讯科技,浙江,电气设备,20150303,6.2462397,7.803194631,1.137825575,-0.000223535,0.031721945
603016.SH,新宏泰,江苏,电气设备,20160701,6.2462397,19.9572349,2.678024896,-0.00013861,0.024977896
603017.SH,中衡设计,江苏,建筑工程,20141231,6.1645865,9.633328859,1.073329124,-0.000176872,0.02816812
603018.SH,华设集团,江苏,建筑工程,20141013,6.1645865,8.423771812,0.877621803,-0.000215303,0.023340302
603019.SH,中科曙光,天津,IT设备,20141106,6.018636,34.86777181,8.719810832,0.000561816,0.030400132
603020.SH,爱普股份,上海,食品,20150325,6.0406103,9.805691275,2.29018032,-0.00090932,0.022361903
603021.SH,山东华鹏,山东,家居用品,20150423,5.7977047,4.961115646,1.097736019,-0.000490954,0.029665218
603022.SH,新通联,上海,广告包装,20150518,6.04935,9.454657718,1.537009708,-0.000835783,0.023393307
603023.SH,*ST威帝,黑龙江,汽车配件,20150527,5.914197,3.983535912,1.016028765,-0.000857247,0.033855552
603025.SH,大豪科技,北京,纺织机械,20150422,6.1561155,17.33260403,5.558421968,-0.001045944,0.028514495
603026.SH,石大胜华,山东,化工原料,20150529,5.4360824,97.93569128,66.4342174,-0.002889725,0.030609021
603027.SH,千禾味业,四川,食品,20160307,6.0406103,18.29162416,3.597886203,-0.000418983,0.025451818
603028.SH,赛福天,江苏,钢加工,20160331,-2.7339256,9.756053691,2.221103752,-0.000280731,0.030053238
603029.SH,天鹅股份,山东,农用机械,20160427,6.1171265,17.58157823,4.722169491,-6.05026E-19,0.035314636
603030.SH,全筑股份,上海,装修装饰,20150320,6.4589305,2.822051282,0.621856725,-0.000788491,0.029981334
603031.SH,安孚科技,安徽,电气设备,20160822,6.2462397,42.08525745,8.255023897,-0.000355776,0.027393302
603032.SH,德新科技,新疆,专用机械,20170105,5.9916244,48.80018817,27.66022244,-0.001022511,0.037740907
603033.SH,三维股份,浙江,橡胶,20161207,6.791621,18.86734228,5.479411187,-0.000605937,0.029796246
603035.SH,常熟汽饰,江苏,汽车配件,20170105,5.914197,17.29344966,3.248040318,2.65774E-05,0.029566329
603036.SH,如通股份,江苏,专用机械,20161209,5.9916244,10.56409459,1.715404888,0.000305683,0.028212801
603037.SH,凯众股份,上海,汽车配件,20170120,5.914197,17.37881879,2.818193427,-0.000427085,0.036930732
603038.SH,华立股份,广东,家居用品,20170116,5.7977047,9.590067295,2.176881686,-0.00042051,0.032474195
603039.SH,泛微网络,上海,软件服务,20170113,5.631536,51.52189771,15.72348454,-0.0010556,0.027478329
603040.SH,新坐标,浙江,汽车配件,20170209,5.914197,20.40798658,2.869916679,-9.29022E-05,0.02625441
603041.SH,美思德,江苏,化工原料,20170330,5.4360824,11.68216107,1.046787855,-0.000259998,0.019608018
603042.SH,华脉科技,江苏,通信设备,20170602,5.876211,12.20244953,2.623270099,-0.000242852,0.034229526
603043.SH,广州酒家,广东,食品,20170627,6.0406103,22.26444295,3.947228304,-0.000512241,0.020409272
603045.SH,福达合金,浙江,小金属,20180517,-2.8607216,14.8276158,2.690402965,-0.00036478,0.028651239
603048.SH,浙江黎明,浙江,汽车配件,20211116,5.914197,17.74084527,4.094298482,-0.000895296,0.029542013
603050.SH,科林电气,河北,电气设备,20170414,6.2462397,18.70594086,4.347403232,0.000619322,0.035677387
603051.SH,鹿山新材,广东,塑料,20220325,6.4467297,44.54869067,18.25827408,-0.000486687,0.039613203
603052.SH,可川科技,江苏,元器件,20221011,-1.3768502,37.42927235,9.418707608,-0.001167118,0.04131728
603053.SH,成都燃气,四川,供气供热,20191217,5.345988,9.821060403,0.651889997,-0.000260962,0.017837588
603055.SH,台华新材,浙江,纺织,20170921,6.4696865,11.88131544,2.382274403,-0.000183213,0.030493631
603056.SH,德邦股份,上海,仓储物流,20180116,5.1189384,14.82288828,2.829675591,0.000493428,0.025090372
603057.SH,紫燕食品,上海,食品,20220926,6.0406103,23.04946612,5.146012092,-0.000456316,0.024371784
603058.SH,永吉股份,贵州,广告包装,20161223,6.04935,8.197865772,1.014090584,8.14847E-05,0.028715008
603059.SH,倍加洁,江苏,日用化工,20180302,5.286983,21.34351678,2.078870075,-3.40128E-05,0.023861843
603060.SH,国检集团,北京,建筑工程,20161109,6.1645865,11.70495302,4.015493318,-0.001547842,0.023001756
603061.SH,金海通,天津,半导体,20230303,-2.3041902,87.94361979,25.03556902,-0.00083926,0.032861186
603062.SH,麦加芯彩,上海,染料涂料,20231107,5.8216114,43.08525114,12.08494785,-0.003667107,0.030562271
603063.SH,禾望电气,深圳,电气设备,20170728,6.2462397,27.42808054,7.311313294,-0.000686392,0.032925673
603065.SH,宿迁联盛,江苏,化工原料,20230321,5.4360824,12.12674731,3.159867429,-0.002303808,0.029734945
603066.SH,音飞储存,江苏,仓储物流,20150611,5.1189384,10.02754076,1.285516942,0.000200616,0.030349456
603067.SH,振华股份,湖北,化工原料,20160913,5.4360824,12.39013423,2.498765928,1.87332E-05,0.030475191
603068.SH,博通集成,上海,半导体,20190415,-2.3041902,32.77918121,11.58522224,-0.001676388,0.028327515
603069.SH,海汽集团,海南,公共交通,20160712,2.248381,19.72557084,5.718398553,-0.000112742,0.033539362
603070.SH,万控智造,浙江,电气设备,20220310,6.2462397,17.02434084,3.99216533,-0.000280819,0.032684396
603071.SH,物产环能,浙江,批发业,20211216,0.13268599,16.6641568,3.055451284,-0.000932524,0.020589721
603073.SH,彩蝶实业,浙江,纺织,20230316,6.4696865,17.88066667,2.913857511,-0.001911977,0.025795034
603075.SH,热威股份,浙江,家用电器,20230911,6.388499,21.51216535,4.023579075,-0.003016023,0.028729671
603076.SH,乐惠国际,浙江,专用机械,20171113,5.9916244,33.93148993,8.374319973,-0.000811023,0.031112844
603077.SH,和邦生物,四川,化工原料,20120731,5.4360824,2.897557047,0.732214708,-0.000631725,0.022931269
603078.SH,江化微,江苏,半导体,20170410,-2.3041902,20.42896366,5.79288595,-0.000979054,0.031335133
603079.SH,圣达生物,浙江,食品,20170823,6.0406103,13.27063087,1.883814908,-0.000390202,0.027917327
603080.SH,新疆火炬,新疆,供气供热,20180103,5.345988,14.8901745,1.411578121,-5.4943E-05,0.026673414
603081.SH,大丰实业,浙江,专用机械,20170420,5.9916244,12.28430872,2.211485072,-0.000321635,0.025721936
603082.SH,北自科技,北京,运输设备,20240130,6.052139,33.1815,4.591342852,-0.002638822,0.044646026
603083.SH,剑桥科技,上海,通信设备,20171110,5.876211,27.67507383,17.36892801,0.001019752,0.035730936
603085.SH,天成自控,浙江,汽车配件,20150630,5.914197,9.353610738,1.814769079,0.000348003,0.031373525
603086.SH,先达股份,山东,农药化肥,20170511,4.9359045,9.061087248,3.767425752,-0.000991396,0.033249575
603087.SH,甘李药业,北京,生物制药,20200629,4.419265,46.49328859,11.62155927,-0.00080966,0.023435583
603088.SH,宁波精达,浙江,机床制造,20141111,-2.5901217,8.550337838,1.508380475,9.56562E-05,0.033905947
603089.SH,正裕工业,浙江,汽车配件,20170126,5.914197,8.996845638,1.111266404,-0.000131195,0.02639888
603090.SH,宏盛股份,江苏,专用机械,20160831,5.9916244,22.72969128,4.693755293,-3.65578E-05,0.029068506
603091.SH,众鑫股份,浙江,家居用品,20240920,5.7977047,38.76833333,1.646334312,-0.013280634,0.054025696
603093.SH,南华期货,浙江,多元金融,20190830,5.611957,11.23115436,1.574087211,-0.000241884,0.022835739
603095.SH,越剑智能,浙江,纺织机械,20200415,6.1561155,20.13738255,4.5581467,-0.000609768,0.027466674
603096.SH,新经典,天津,出版业,20170425,0.7587014,20.20225503,3.642797063,-0.000645084,0.026549248
603097.SH,江苏华辰,江苏,电气设备,20220512,6.2462397,22.15381443,3.22356185,0.000922675,0.038201955
603098.SH,森特股份,北京,装修装饰,20161216,6.4589305,25.23789262,12.42111001,-0.00207138,0.026778288
603099.SH,长白山,吉林,旅游景点,20140822,6.0239387,13.80842953,6.197665367,0.0012911,0.035342694
603100.SH,川仪股份,重庆,电器仪表,20140805,5.9888244,25.81432215,7.743149581,-0.000155065,0.030087698
603101.SH,汇嘉时代,新疆,百货,20160506,5.693497,6.000510067,0.718111141,-6.41435E-05,0.028261576
603102.SH,百合股份,山东,医疗保健,20220125,6.0711374,40.17260401,6.156818049,-0.00099278,0.024464911
603103.SH,横店影视,浙江,影视音像,20171012,5.3885503,14.30142282,2.30140592,-0.000161979,0.028638866
603105.SH,芯能科技,浙江,电气设备,20180709,6.2462397,12.93390604,3.041524345,-0.000749105,0.032050081
603106.SH,恒银科技,天津,IT设备,20170920,6.018636,5.775758389,1.077700158,0.000566064,0.037172255
603107.SH,上海汽配,上海,汽车配件,20231101,5.914197,19.58161435,4.495081105,-0.003963195,0.03278592
603108.SH,润达医疗,上海,医药商业,20150527,5.7104278,13.76512752,3.652934307,0.000612295,0.033809004
603109.SH,神驰机电,重庆,电气设备,20191231,6.2462397,18.51802685,5.371719004,-0.000715221,0.034590504
603110.SH,东方材料,安徽,染料涂料,20171013,5.8216114,28.82787919,9.826177899,-0.001179097,0.030687481
603111.SH,康尼机电,江苏,运输设备,20140801,6.052139,5.037744966,0.593436787,-7.35694E-05,0.02020029
603112.SH,华翔股份,山西,机械基件,20200917,5.1280627,12.50257718,1.687021637,-1.79068E-18,0.022803977
603113.SH,金能科技,山东,焦炭加工,20170511,5.859951,9.815114094,3.430340553,-0.001699053,0.02225871
603115.SH,海星股份,江苏,铝,20190809,-2.803478,17.03985235,4.876134123,-0.000797098,0.025709844
603116.SH,红蜻蜓,浙江,服饰,20150629,3.6204495,5.498389262,0.627316853,-0.000349227,0.022990522
603117.SH,万林物流,江苏,仓储物流,20150629,5.1189384,3.364374159,0.600713731,0.000326375,0.023445377
603118.SH,共进股份,深圳,通信设备,20150225,5.876211,8.684,1.576233465,-0.000261715,0.029350485
603119.SH,浙江荣泰,浙江,汽车配件,20230801,5.914197,22.61855124,4.794329284,-0.002985604,0.029610886
603121.SH,华培动力,上海,汽车配件,20190111,5.914197,8.328845638,1.542358987,-0.000540948,0.02924221
603122.SH,合富中国,上海,医药商业,20220216,5.7104278,9.820141066,3.49786831,3.85734E-05,0.036937526
603123.SH,翠微股份,北京,多元金融,20120503,5.611957,10.77695302,3.748620137,0.000144346,0.035360843
603125.SH,常青科技,江苏,化工原料,20230410,5.4360824,26.85880223,5.906924396,-0.002720606,0.035538032
603126.SH,中材节能,天津,环境保护,20140731,5.655056,7.17009396,1.09113023,-0.000653502,0.025450527
603127.SH,昭衍新药,北京,医疗保健,20170825,6.0711374,61.43834899,43.0515472,-0.002885987,0.035427846
603128.SH,华贸物流,上海,仓储物流,20120529,5.1189384,9.417718121,2.501138537,-0.001230662,0.02338422
603129.SH,春风动力,浙江,摩托车,20170818,0.30112803,134.0230604,21.83556619,0.000209973,0.029372656
603130.SH,云中马,浙江,纺织,20221118,6.4696865,22.50986755,4.302745211,-0.000963872,0.027742029
603131.SH,上海沪工,上海,专用机械,20160607,5.9916244,15.15966443,3.898173341,-0.000538795,0.033358994
603132.SH,金徽股份,甘肃,铅锌,20220222,5.7158103,12.87466877,1.382626333,-0.000449403,0.025672568
603135.SH,中重科技,天津,专用机械,20230410,5.9916244,15.55058496,3.678394027,-0.003227141,0.033935057
603136.SH,天目湖,江苏,旅游景点,20170927,6.0239387,21.33856376,5.801264735,-0.000769884,0.034142859
603137.SH,恒尚节能,江苏,装修装饰,20230419,6.4589305,16.71096591,3.866666325,-0.002573623,0.032600688
603138.SH,海量数据,北京,软件服务,20170306,5.631536,17.6414094,4.682483204,4.95298E-05,0.038314552
603139.SH,康惠制药,陕西,中成药,20170421,0.30637786,17.79280537,3.297875912,-0.000384021,0.031173595
603150.SH,万朗磁塑,安徽,塑料,20220124,6.4467297,27.9588,3.077869729,-0.001040416,0.023565194
603151.SH,邦基科技,山东,饲料,20221019,6.365519,15.61690526,3.895565734,-0.001988681,0.027037967
603153.SH,上海建科,上海,建筑工程,20230313,6.1645865,17.98142857,1.867253354,8.99781E-05,0.036036469
603155.SH,新亚强,江苏,化工原料,20200901,5.4360824,31.45626846,15.55864991,-0.002017003,0.033650787
603156.SH,养元饮品,河北,软饮料,20180212,0.7887329,23.66434899,3.439130983,-0.000519619,0.018614374
603158.SH,腾龙股份,江苏,汽车配件,20150320,5.914197,9.192711409,2.8118033,-0.000871691,0.03097093
603159.SH,上海亚虹,上海,专用机械,20160812,5.9916244,14.01754362,2.148952422,-0.000549846,0.026962919
603160.SH,汇顶科技,深圳,半导体,20161017,-2.3041902,66.50324832,18.11935236,-0.000701097,0.023330217
603161.SH,科华控股,江苏,汽车配件,20180105,5.914197,13.94134694,2.235375715,-0.000585463,0.030899412
603162.SH,海通发展,福建,水运,20230329,5.862221,15.55043716,5.566380967,-0.003605656,0.039998592
603163.SH,圣晖集成,江苏,建筑工程,20221013,6.1645865,32.82810021,6.868243576,-0.001088672,0.031631561
603165.SH,荣晟环保,浙江,造纸,20170117,5.979003,13.42416107,2.469277652,-0.000154342,0.023629582
603166.SH,福达股份,广西,汽车配件,20141127,5.914197,6.727879195,1.174506674,-0.000838075,0.028004081
603167.SH,渤海轮渡,山东,水运,20120906,5.862221,7.761597315,0.841874668,-5.07881E-05,0.018193982
603168.SH,莎普爱思,浙江,化学制药,20140702,5.6343184,8.823167785,1.32157242,-0.000440776,0.029576809
603169.SH,兰石重装,甘肃,专用机械,20141009,5.9916244,6.509436242,1.23400648,-0.000388084,0.029689569
603170.SH,宝立食品,上海,食品,20220715,6.0406103,20.1698324,5.840454785,-0.000189847,0.028717246
603171.SH,税友股份,浙江,软件服务,20210630,5.631536,32.4558255,6.435343617,-0.000619924,0.031476824
603172.SH,万丰股份,浙江,染料涂料,20230510,5.8216114,16.16670588,1.925085839,-0.000753291,0.032732179
603173.SH,福斯达,浙江,机械基件,20230130,5.1280627,24.48553922,4.219954027,-0.000857087,0.027816684
603176.SH,汇通集团,河北,建筑工程,20211231,6.1645865,6.878511278,2.196856882,0.000898819,0.034409281
603177.SH,德创环保,浙江,环境保护,20170207,5.655056,13.73830872,4.14150242,-0.000841949,0.029704083
603178.SH,圣龙股份,浙江,汽车配件,20170328,5.914197,17.1795302,9.818544114,0.000819265,0.03822406
603179.SH,新泉股份,江苏,汽车配件,20170317,5.914197,40.54641611,6.298944861,0.000517389,0.03263026
603180.SH,金牌家居,福建,家居用品,20170512,5.7977047,28.20538255,6.075003818,-0.000694338,0.026511938
603181.SH,皇马科技,浙江,化工原料,20170824,5.4360824,13.01558389,3.019420646,-0.001007486,0.025222267
603182.SH,嘉华股份,山东,食品,20220909,6.0406103,14.62179074,2.956846793,-0.00058399,0.025447022
603183.SH,建研院,江苏,建筑工程,20170905,6.1645865,4.791543624,0.945144158,-0.000720545,0.025840047
603185.SH,弘元绿能,江苏,电气设备,20181228,6.2462397,99.47245638,73.21155316,-0.004067174,0.036496973
603186.SH,华正新材,浙江,元器件,20170103,-1.3768502,28.90907383,6.658139297,-0.000565965,0.033486398
603187.SH,海容冷链,山东,机械基件,20181129,5.1280627,25.25272483,10.22749593,-0.001765128,0.026249155
603188.SH,亚邦股份,江苏,染料涂料,20140909,5.8216114,3.900872483,0.905396851,-0.000720425,0.026495115
603189.SH,网达软件,上海,软件服务,20160914,5.631536,14.77616107,2.826818432,-0.000260811,0.033215695
603190.SH,亚通精工,山东,汽车配件,20230217,5.914197,27.93680203,4.659806582,-0.001770424,0.030413114
603191.SH,望变电气,重庆,电气设备,20220428,6.2462397,18.9734635,4.6387753,-0.000516017,0.031423065
603192.SH,汇得科技,上海,化工原料,20180828,5.4360824,22.81334228,9.061476103,-0.000802518,0.031967448
603193.SH,润本股份,广东,日用化工,20231017,5.286983,17.50888889,1.505899288,-0.000152342,0.033588757
603195.SH,公牛集团,浙江,家用电器,20200206,6.388499,126.1985638,30.44713528,-0.001101027,0.027839879
603196.SH,日播时尚,上海,服饰,20170531,3.6204495,10.08821769,4.515219882,0.000422184,0.034560592
603197.SH,保隆科技,上海,汽车配件,20170519,5.914197,46.7405906,10.18727465,0.000147134,0.033607341
603198.SH,迎驾贡酒,安徽,白酒,20150528,6.3949323,61.81675168,7.926198235,0.000406482,0.027459292
603199.SH,九华旅游,安徽,旅游景点,20150326,6.0239387,27.39621477,4.947911872,0.000661488,0.027432398
603200.SH,上海洗霸,上海,环境保护,20170601,5.655056,19.90107383,2.553412207,4.8131E-05,0.033921553
603201.SH,常润股份,江苏,汽车配件,20220729,5.914197,27.10225806,6.960955724,-0.002029919,0.03255139
603203.SH,快克智能,江苏,专用机械,20161108,5.9916244,27.89374497,5.466032851,-0.000852905,0.026233091
603206.SH,嘉环科技,江苏,通信设备,20220506,5.876211,16.47653584,2.540288249,-0.000651531,0.028160508
603207.SH,小方制药,上海,化学制药,20240826,5.6343184,24.91956522,4.113836385,-0.015038294,0.061766424
603208.SH,江山欧派,浙江,家居用品,20170210,5.7977047,45.02053691,17.30340905,-0.00180781,0.03688876
603209.SH,兴通股份,福建,水运,20220324,5.862221,23.21753268,8.396227874,-0.001139207,0.033745114
603211.SH,晋拓股份,上海,汽车配件,20220725,5.914197,15.5705838,2.219445162,0.000796117,0.038673394
603212.SH,赛伍技术,江苏,塑料,20200430,6.4467297,21.52574497,7.594194303,-0.001682454,0.032111321
603213.SH,镇洋发展,浙江,化工原料,20211111,5.4360824,13.09586305,3.880829072,-7.30148E-05,0.031989249
603214.SH,爱婴室,上海,百货,20180330,5.693497,17.21757047,3.642783428,-0.000686784,0.026428968
603215.SH,比依股份,浙江,家用电器,20220218,6.388499,16.95679245,2.312018192,-0.000354691,0.030218756
603216.SH,梦天家居,浙江,家居用品,20211215,5.7977047,14.08695716,4.052566929,-0.001298977,0.027032589
603217.SH,元利科技,山东,化工原料,20190620,5.4360824,28.14936913,10.50218693,-0.001545572,0.033928906
603218.SH,日月股份,浙江,电气设备,20161228,6.2462397,20.13151678,7.788452835,-0.001230411,0.027595497
603219.SH,富佳股份,浙江,家用电器,20211122,6.388499,16.32537464,3.063493194,-6.10036E-05,0.035314982
603220.SH,中贝通信,湖北,通信设备,20181115,5.876211,19.12543624,8.828093147,0.000407149,0.033685414
603221.SH,爱丽家居,江苏,家居用品,20200323,5.7977047,8.745892617,0.871742501,-6.20569E-05,0.026689503
603222.SH,济民健康,浙江,医疗保健,20150217,6.0711374,10.62849664,3.618811239,-0.001121998,0.031903062
603223.SH,恒通股份,山东,公路,20150630,6.996125,19.27649194,9.407869515,-0.002035202,0.028862022
603225.SH,新凤鸣,浙江,化纤,20170418,5.6056967,12.46272483,2.220417405,-0.000633878,0.023848913
603226.SH,菲林格尔,上海,家居用品,20170615,5.7977047,5.451261745,1.239816483,-0.000964552,0.027311011
603227.SH,雪峰科技,新疆,化工原料,20150515,5.4360824,7.835901639,1.353682976,0.000310955,0.027695575
603228.SH,景旺电子,深圳,元器件,20170106,-1.3768502,23.9317047,3.577446778,5.4508E-05,0.025899783
603229.SH,奥翔药业,浙江,化学制药,20170509,5.6343184,25.02386577,15.46822361,-0.001724244,0.041812289
603230.SH,内蒙新华,内蒙,出版业,20211224,0.7587014,12.73864179,2.125278233,-0.000517539,0.029894858
603231.SH,索宝蛋白,浙江,食品,20231215,6.0406103,18.58125654,2.996686678,-0.003084006,0.036249037
603232.SH,格尔软件,上海,软件服务,20170421,5.631536,13.47685906,2.511550588,-0.000294504,0.032743785
603233.SH,大参林,广东,医药商业,20170731,5.7104278,29.89538255,8.508034826,-0.001558203,0.026138561
603235.SH,天新药业,江西,化学制药,20220712,5.6343184,28.41727778,3.842228524,-0.001231259,0.019075051
603236.SH,移远通信,上海,通信设备,20190716,5.876211,102.5245369,54.72810355,-0.001734888,0.032649632
603237.SH,五芳斋,浙江,食品,20220831,6.0406103,34.09996032,11.68765395,-0.002092531,0.034171047
603238.SH,诺邦股份,浙江,纺织,20170222,6.4696865,11.76389262,1.439651294,-0.000235328,0.023421741
603239.SH,浙江仙通,浙江,汽车配件,20161230,5.914197,14.85205369,1.690680479,-0.000173174,0.028041393
603255.SH,鼎际得,辽宁,化工原料,20220818,5.4360824,38.26389864,10.24704422,-0.00021054,0.031631913
603256.SH,宏和科技,上海,玻璃,20190719,6.2391744,7.59190604,0.887148153,-0.000466063,0.030722542
603258.SH,电魂网络,浙江,互联网,20161026,1.3198211,24.68132886,7.866541044,-0.000226329,0.031782922
603259.SH,药明康德,江苏,化学制药,20180508,5.6343184,81.90877852,27.60831692,-0.001378845,0.028472571
603260.SH,合盛硅业,浙江,化工原料,20171030,5.4360824,88.62040268,39.96242311,-0.001863117,0.029521571
603261.SH,立航科技,四川,航空,20220315,6.8991065,36.68274637,7.505042591,-6.93379E-05,0.037904335
603266.SH,天龙股份,浙江,汽车配件,20170110,5.914197,15.89922148,5.139892831,0.000438244,0.036542088
603267.SH,鸿远电子,北京,元器件,20190515,-1.3768502,89.50986577,45.16284648,-0.001939886,0.027494673
603268.SH,松发股份,广东,家居用品,20150319,5.7977047,17.4804698,3.60613641,-0.000122559,0.029133879
603269.SH,海鸥股份,江苏,机械基件,20170517,5.1280627,12.84021477,2.17417002,-0.000495151,0.034788288
603270.SH,金帝股份,山东,机械基件,20230901,5.1280627,25.23753846,6.509795656,-0.003795794,0.034025593
603272.SH,联翔股份,浙江,家居用品,20220520,5.7977047,16.01845486,4.142040985,-0.00126859,0.027373032
603273.SH,天元智能,江苏,专用机械,20231023,5.9916244,21.96778261,5.365230034,-0.001140736,0.066156583
603275.SH,众辰科技,上海,电器仪表,20230823,5.9888244,36.3617603,7.195625309,-0.003185718,0.025977194
603276.SH,恒兴新材,江苏,化工原料,20230925,5.4360824,19.4307377,4.605582526,-0.003417785,0.038610399
603277.SH,银都股份,浙江,专用机械,20170911,5.9916244,22.45402685,4.360016789,0.000186229,0.022068744
603278.SH,大业股份,山东,钢加工,20171113,-2.7339256,9.103087248,1.951050344,-0.000669629,0.029217961
603279.SH,景津装备,山东,环境保护,20190729,5.655056,29.10169128,7.265566628,-0.000962453,0.027065796
603280.SH,南方路机,福建,工程机械,20221108,6.1479993,23.09941432,3.051718953,-0.001207992,0.027599204
603281.SH,江瀚新材,湖北,化工原料,20230131,5.4360824,31.82493857,11.21329686,-0.001740645,0.028462127
603282.SH,亚光股份,浙江,专用机械,20230315,5.9916244,24.77553191,6.993726921,-0.001530649,0.027555821
603283.SH,赛腾股份,江苏,专用机械,20171225,5.9916244,42.97139597,19.11960437,0.001348843,0.036195381
603285.SH,键邦股份,山东,化工原料,20240705,5.4360824,22.50474576,4.137273947,-0.012954499,0.040555099
603286.SH,日盈电子,江苏,汽车配件,20170627,5.914197,18.12863087,3.187139649,3.95458E-05,0.035012759
603288.SH,海天味业,广东,食品,20140211,6.0406103,65.67479195,26.37516958,-0.001012773,0.021087954
603289.SH,泰瑞机器,浙江,专用机械,20171031,5.9916244,9.612026846,1.163381034,-0.000309442,0.027695581
603290.SH,斯达半导,浙江,半导体,20200204,-2.3041902,264.0745235,112.8434057,-0.001887228,0.032519359
603291.SH,联合水务,江苏,水务,20230327,5.815092,14.0775,2.566401174,0.000579461,0.036239559
603296.SH,华勤技术,上海,元器件,20230808,-1.3768502,66.92514388,11.78167888,-0.001332455,0.032563205
603297.SH,永新光学,浙江,元器件,20180910,-1.3768502,86.64330201,17.44722374,0.00010704,0.034156723
603298.SH,杭叉集团,浙江,工程机械,20161227,6.1479993,19.50604027,4.674530713,9.29683E-05,0.02680703
603299.SH,苏盐井神,江苏,食品,20151231,6.0406103,9.897530201,1.256558095,0.000332284,0.025603621
603300.SH,海南华铁,浙江,多元金融,20150529,5.611957,7.73294751,2.469208884,-0.000767493,0.030022604
603301.SH,振德医疗,浙江,医疗保健,20180412,6.0711374,33.0815302,9.282441473,-0.000487644,0.024585743
603303.SH,得邦照明,浙江,家用电器,20170330,6.388499,14.48371812,2.522663137,-0.000640329,0.024536516
603305.SH,旭升集团,浙江,汽车配件,20170710,5.914197,28.20641611,11.75052634,-0.001754421,0.035599738
603306.SH,华懋科技,福建,汽车配件,20140926,5.914197,30.154,7.2268027,-0.000856667,0.029811586
603307.SH,扬州金泉,江苏,文教休闲,20230216,5.1359844,43.78817722,9.232445283,-0.001036776,0.026820789
603308.SH,应流股份,安徽,机械基件,20140122,5.1280627,16.55979866,3.720191287,-0.000950415,0.02763942
603309.SH,维力医疗,广东,医疗保健,20150302,6.0711374,14.89020134,3.281023655,-5.75538E-05,0.026917308
603310.SH,巍华新材,浙江,化工原料,20240814,5.4360824,16.84870968,1.918968025,-0.011275141,0.029991486
603311.SH,金海高科,浙江,家用电器,20150518,6.388499,11.33409396,2.046349035,-0.00025409,0.029942514
603312.SH,西典新能,江苏,电气设备,20240111,6.2462397,29.1817341,3.584538892,-0.001916495,0.037420715
603313.SH,梦百合,江苏,家居用品,20161013,5.7977047,11.17183893,2.887497005,-0.001202685,0.024320619
603315.SH,福鞍股份,辽宁,环境保护,20150424,5.655056,17.1196594,6.288422938,-0.00114182,0.028765241
603316.SH,诚邦股份,浙江,建筑工程,20170619,6.1645865,5.752147651,1.115331671,-0.000163783,0.030780376
603317.SH,天味食品,四川,食品,20190416,6.0406103,19.03613423,6.217050184,-0.000879176,0.028483656
603318.SH,水发燃气,辽宁,供气供热,20150424,5.345988,7.935722071,1.411674171,-0.000134851,0.028899989
603319.SH,湘油泵,湖南,汽车配件,20161130,5.914197,17.74277852,3.041549625,-0.000264366,0.029846083
603320.SH,迪贝电气,浙江,电气设备,20170502,6.2462397,13.23947651,1.282213568,2.5428E-05,0.028565752
603321.SH,梅轮电梯,浙江,运输设备,20170915,6.052139,7.113865772,0.671752309,-0.000202891,0.021257618
603322.SH,超讯通信,广东,通信设备,20160728,5.876211,22.2845283,8.963198276,0.001021134,0.036213883
603323.SH,苏农银行,江苏,银行,20161129,6.138913,4.810362416,0.38512706,3.24544E-05,0.015373274
603324.SH,盛剑科技,上海,环境保护,20210407,5.655056,37.55979866,11.12210987,-0.001340357,0.034180344
603325.SH,博隆技术,上海,化工机械,20240110,6.008067,67.8262069,7.152190778,-0.001460273,0.028556544
603326.SH,我乐家居,江苏,家居用品,20170616,5.7977047,8.272885906,1.585896636,-0.000531123,0.028212125
603327.SH,福蓉科技,四川,元器件,20190523,-1.3768502,14.51593289,2.392561832,-0.000403938,0.034355631
603328.SH,依顿电子,广东,元器件,20140701,-1.3768502,7.208228188,0.632380786,0.000106783,0.021325339
603329.SH,上海雅仕,上海,仓储物流,20171229,5.1189384,14.72814614,2.270631623,-0.000151677,0.029459598
603330.SH,天洋新材,上海,塑料,20170213,6.4467297,11.22371812,4.438786615,-0.00176069,0.03393043
603331.SH,百达精工,浙江,专用机械,20170705,5.9916244,12.1529396,1.792350855,-0.000365922,0.025371241
603332.SH,苏州龙杰,江苏,化纤,20190117,5.6056967,12.5210604,5.081367617,-0.001032653,0.030839878
603333.SH,尚纬股份,四川,电气设备,20120507,6.2462397,5.944510067,1.976180757,-0.000853448,0.032202744
603335.SH,迪生力,广东,汽车配件,20170620,5.914197,5.847409396,1.084442836,-3.48379E-05,0.033872188
603336.SH,宏辉果蔬,广东,农业综合,20161124,5.4254327,5.83052349,1.489934642,-0.000764152,0.028357592
603337.SH,杰克股份,浙江,纺织机械,20170119,6.1561155,22.1206443,2.913938484,0.000256503,0.020966858
603338.SH,浙江鼎力,浙江,工程机械,20150325,6.1479993,54.68895302,10.65234196,-0.000424611,0.025580193
603339.SH,四方科技,江苏,专用机械,20160519,5.9916244,12.11860403,1.809578215,-8.39532E-05,0.021809965
603341.SH,龙旗科技,上海,通信设备,20240301,5.876211,41.18923077,5.802089361,-0.00202593,0.032203477
603344.SH,星德胜,江苏,电气设备,20240320,6.2462397,24.49915385,4.260429071,-0.0038791,0.029951647
603345.SH,安井食品,福建,食品,20170222,6.0406103,132.4819732,34.1790553,-0.000743191,0.026836153
603348.SH,文灿股份,广东,汽车配件,20180426,5.914197,45.76932886,16.98069628,-0.000546128,0.035658134
603350.SH,安乃达,上海,电气设备,20240703,6.2462397,30.82213115,5.026014364,-0.006226141,0.058053778
603351.SH,威尔药业,江苏,化学制药,20190130,5.6343184,24.72448322,3.725395055,0.000155578,0.028170581
603353.SH,和顺石油,湖南,石油贸易,20200407,6.087737,19.47099329,4.245585953,-0.000801161,0.028060851
603355.SH,莱克电气,江苏,家用电器,20150513,6.388499,26.07061745,4.086844998,-0.000243531,0.024346492
603356.SH,华菱精工,安徽,运输设备,20180124,6.052139,13.23731081,1.279180402,0.000256676,0.027964197
603357.SH,设计总院,安徽,建筑工程,20170801,6.1645865,9.886214765,1.394011349,-6.53557E-05,0.02760677
603358.SH,华达科技,江苏,汽车配件,20170125,5.914197,20.90536486,3.902902012,0.000782432,0.026065721
603359.SH,东珠生态,江苏,建筑工程,20170901,6.1645865,9.54790604,3.261168719,-0.00131282,0.026125266
603360.SH,百傲化学,辽宁,农药化肥,20170206,4.9359045,13.59857718,2.452616688,0.000112319,0.03182062
603363.SH,*ST傲农,福建,饲料,20170926,6.365519,11.25813172,5.811559338,-0.001174044,0.037432915
603365.SH,水星家纺,上海,纺织,20171120,6.4696865,14.87104698,1.591456687,-0.000258386,0.018145885
603366.SH,日出东方,江苏,家用电器,20120521,6.388499,5.525181208,1.35902232,-0.000105595,0.030171942
603367.SH,辰欣药业,山东,化学制药,20170929,5.6343184,13.55308725,1.310922426,6.57285E-05,0.018496408
603368.SH,柳药集团,广西,医药商业,20141204,5.7104278,18.99684564,2.726141836,6.97971E-05,0.022954878
603369.SH,今世缘,江苏,白酒,20140703,6.3949323,51.19159732,7.043748086,8.61908E-05,0.02254493
603373.SH,安邦护卫,浙江,仓储物流,20231220,5.1189384,31.43590426,5.618788452,-0.002588925,0.042863686
603375.SH,盛景微,江苏,半导体,20240124,-2.3041902,41.7570122,6.774125183,-0.003215968,0.040734142
603377.SH,ST东时,北京,汽车服务,20160205,5.5388756,5.764959677,2.232917386,-0.002330216,0.031001284
603378.SH,亚士创能,上海,染料涂料,20170928,5.8216114,11.84947651,6.018139414,-0.002027432,0.035727466
603379.SH,三美股份,浙江,化工原料,20190402,5.4360824,29.17465772,6.470432102,0.000256017,0.030091355
603380.SH,易德龙,江苏,元器件,20170622,-1.3768502,27.19263087,6.406270035,-0.000395704,0.027227487
603381.SH,永臻股份,江苏,电气设备,20240626,6.2462397,23.12681818,2.585775384,-0.006741491,0.030677687
603383.SH,顶点软件,福建,软件服务,20170522,5.631536,40.57320805,12.03256297,0.000168596,0.033720703
603385.SH,惠达卫浴,河北,家居用品,20170405,5.7977047,7.622026846,1.344184927,-0.000585105,0.022636275
603386.SH,骏亚科技,广东,元器件,20170912,-1.3768502,13.2967651,3.550153886,-0.000638429,0.030653944
603387.SH,基蛋生物,江苏,医疗保健,20170717,6.0711374,13.30608054,3.894460664,-0.001167747,0.025725363
603388.SH,ST元成,浙江,建筑工程,20170324,6.1645865,7.547258065,2.654060199,-0.00167473,0.036291719
603389.SH,亚振家居,江苏,家居用品,20161215,5.7977047,5.468402685,0.674962364,0.000369276,0.037337315
603390.SH,通达电气,广东,汽车配件,20191125,5.914197,8.158134228,1.111694499,-4.9371E-05,0.03210634
603391.SH,力聚热能,浙江,专用机械,20240731,5.9916244,40.65146341,4.958085599,-0.010205472,0.028815369
603392.SH,万泰生物,北京,生物制药,20200429,4.419265,122.7354094,66.37799618,-0.001435617,0.035736206
603393.SH,新天然气,新疆,供气供热,20160912,5.345988,26.99134228,4.536105581,0.000409501,0.026123062
603396.SH,金辰股份,辽宁,专用机械,20171018,5.9916244,71.95936913,33.03986636,-0.002307403,0.036914018
603398.SH,沐邦高科,江西,电气设备,20151209,6.2462397,22.97361074,7.697725225,0.000666502,0.035245997
603399.SH,永杉锂业,辽宁,小金属,20120824,-2.8607216,12.50155705,5.698652972,1.30044E-05,0.037067571
603408.SH,建霖家居,福建,家居用品,20200730,5.7977047,12.142,1.418845946,-0.000223219,0.019662314
603416.SH,信捷电气,江苏,电器仪表,20161221,5.9888244,38.49751678,7.42250024,-0.00047337,0.028435107
603421.SH,鼎信通讯,山东,通信设备,20161011,5.876211,8.086885906,1.84454433,-0.000347074,0.027667752
603429.SH,集友股份,安徽,广告包装,20170124,6.04935,12.29731544,6.940419426,-0.002289225,0.030253264
603439.SH,贵州三力,贵州,中成药,20200428,0.30637786,15.07178523,2.26599207,1.25752E-05,0.03022373
603444.SH,吉比特,福建,互联网,20170104,1.3198211,323.2712483,97.60958663,-0.000802324,0.027806888
603456.SH,九洲药业,浙江,医疗保健,20141010,6.0711374,34.16613423,13.36457134,-0.00144179,0.028148329
603458.SH,勘设股份,贵州,建筑工程,20170809,6.1645865,9.535720054,2.366114273,-0.000851069,0.026104413
603466.SH,风语筑,上海,文教休闲,20171020,5.1359844,14.54942282,4.902956488,-0.000907369,0.036009004
603477.SH,巨星农牧,四川,农业综合,20171218,5.4254327,25.9517047,6.930480279,0.000685909,0.034250033
603486.SH,科沃斯,江苏,家用电器,20180528,6.388499,81.25787919,39.2005309,-0.001583882,0.029254915
603488.SH,展鹏科技,江苏,运输设备,20170516,6.052139,7.899863946,1.040128101,7.49462E-05,0.027093662
603489.SH,八方股份,江苏,电气设备,20191111,6.2462397,112.8160268,73.97599238,-0.003225908,0.034072855
603496.SH,恒为科技,上海,IT设备,20170607,6.018636,19.22601342,6.84136673,0.000465641,0.038117414
603499.SH,翔港科技,上海,广告包装,20171016,6.04935,10.17534228,3.471520409,0.001311141,0.031817856
603500.SH,祥和实业,浙江,运输设备,20170904,6.052139,11.16483221,2.489379269,-0.000608515,0.027995213
603501.SH,韦尔股份,上海,半导体,20170504,-2.3041902,132.0300403,65.58227798,-0.001292985,0.027490969
603505.SH,金石资源,浙江,化工原料,20170503,5.4360824,33.53786577,7.210081624,-0.000610871,0.03470325
603506.SH,南都物业,浙江,房产服务,20180201,5.6273594,12.18881879,2.441051455,-0.000723668,0.025207503
603507.SH,振江股份,江苏,电气设备,20171106,6.2462397,31.22919463,6.872851758,-0.000352686,0.035397391
603508.SH,思维列控,河南,IT设备,20151224,6.018636,17.64292617,3.312743321,-0.000224067,0.030353129
603511.SH,爱慕股份,北京,服饰,20210531,3.6204495,16.81787919,3.759942599,-0.001157312,0.022082516
603515.SH,欧普照明,上海,家用电器,20160819,6.388499,18.11336913,2.078844361,-0.000367795,0.019273638
603516.SH,淳中科技,北京,IT设备,20180202,6.018636,19.59251007,6.539507479,0.000610318,0.03554916
603517.SH,绝味食品,湖南,食品,20170317,6.0406103,40.83766443,16.05902541,-0.001888459,0.026043147
603518.SH,锦泓集团,江苏,服饰,20141203,3.6204495,9.320053691,2.117170712,-0.001066388,0.027470301
603519.SH,立霸股份,江苏,家用电器,20150319,6.388499,12.6666443,1.544258187,-0.000303159,0.022802017
603520.SH,司太立,浙江,化学制药,20160309,5.6343184,25.30765101,17.19894637,-0.001999364,0.030929022
603527.SH,众源新材,安徽,铜,20170907,-2.2392933,11.54255034,3.070727199,-0.000346855,0.031137519
603528.SH,多伦科技,江苏,软件服务,20160503,5.631536,7.079919463,1.139392757,-0.000178223,0.031307467
603529.SH,爱玛科技,天津,摩托车,20210615,0.30112803,41.80437584,12.67848394,-0.000204492,0.034537482
603530.SH,神马电力,江苏,电气设备,20190805,6.2462397,17.07994631,3.624232992,0.000528904,0.033273478
603533.SH,掌阅科技,北京,互联网,20170921,1.3198211,19.55692617,4.341563761,-0.000190558,0.034714673
603535.SH,嘉诚国际,广东,仓储物流,20170808,5.1189384,20.56073826,6.199935732,-0.001828522,0.029749191
603536.SH,惠发食品,山东,食品,20170613,6.0406103,8.736630872,2.245020309,-5.89512E-06,0.036328025
603538.SH,美诺华,浙江,化学制药,20170407,5.6343184,24.74557047,11.18846046,-0.001374866,0.033371093
603551.SH,奥普科技,浙江,家居用品,20200115,5.7977047,10.11814765,1.297240062,-0.000102261,0.022715158
603556.SH,海兴电力,浙江,电器仪表,20161110,5.9888244,24.0915302,11.14130844,0.001606799,0.025388547
603557.SH,ST起步,浙江,服饰,20170818,3.6204495,3.147704698,1.206138519,-0.001172799,0.023007389
603558.SH,健盛集团,浙江,纺织,20150127,6.4696865,9.862362416,1.357521878,0.000166254,0.022894753
603559.SH,*ST通脉,吉林,通信设备,20161202,5.876211,9.304183536,3.026080337,-0.000615144,0.030032407
603565.SH,中谷物流,上海,水运,20200925,5.862221,16.05757047,8.249891829,-0.001950565,0.032593911
603566.SH,普莱柯,河南,农业综合,20150518,5.4254327,22.66543624,5.542218909,-0.000490342,0.027063199
603567.SH,珍宝岛,黑龙江,中成药,20150424,0.30637786,13.22002685,1.902964015,-0.000528164,0.022820162
603568.SH,伟明环保,浙江,环境保护,20150528,5.655056,22.46844295,5.648521168,-0.000541122,0.022930466
603569.SH,长久物流,北京,公路,20160810,6.996125,9.325865772,2.238837624,7.91435E-05,0.033369958
603577.SH,汇金通,山东,电气设备,20161222,6.2462397,9.514604027,1.579802419,-0.000238103,0.028031701
603578.SH,三星新材,浙江,家用电器,20170306,6.388499,13.8992973,1.834582111,-0.000355829,0.025841718
603579.SH,荣泰健康,上海,家用电器,20170111,6.388499,22.47057718,4.641119519,-0.001003332,0.023905931
603580.SH,艾艾精工,上海,塑料,20170525,6.4467297,14.32754362,4.044215869,0.000792286,0.033429801
603583.SH,捷昌驱动,浙江,电气设备,20180921,6.2462397,26.88143624,10.18737018,-0.001392646,0.027102649
603585.SH,苏利股份,江苏,农药化肥,20161214,4.9359045,16.07177181,3.357906306,-0.000472442,0.021795261
603586.SH,金麒麟,山东,汽车配件,20170406,5.914197,13.82057718,1.828676681,3.9278E-05,0.028790319
603587.SH,地素时尚,上海,服饰,20180622,3.6204495,15.04810738,2.466526777,-0.000865187,0.017192636
603588.SH,高能环境,北京,环境保护,20141229,5.655056,10.51848322,3.895100622,-0.001557167,0.021416781
603589.SH,口子窖,安徽,白酒,20150629,6.3949323,52.7367651,10.80247893,-0.000224014,0.022910721
603590.SH,康辰药业,北京,生物制药,20180827,4.419265,30.08134228,4.739759059,-0.000468744,0.022813146
603595.SH,东尼电子,浙江,元器件,20170712,-1.3768502,38.03081879,15.48424571,-0.000864693,0.035604697
603596.SH,伯特利,安徽,汽车配件,20180427,5.914197,68.07531544,16.34032511,-4.98416E-05,0.03612969
603598.SH,引力传媒,北京,互联网,20150527,1.3198211,11.36089933,3.342576934,0.000522696,0.0394675
603599.SH,广信股份,安徽,农药化肥,20150513,4.9359045,25.11888591,9.040632782,-0.001371801,0.028167719
603600.SH,永艺股份,浙江,家居用品,20150123,5.7977047,10.2037047,1.028627188,-7.44648E-06,0.023820157
603601.SH,再升科技,重庆,玻璃,20150122,6.2391744,5.900630872,2.905041734,-0.001949551,0.026529914
603602.SH,纵横通信,浙江,通信设备,20170810,5.876211,12.0925906,1.712123713,0.000292132,0.026523704
603605.SH,珀莱雅,浙江,日用化工,20171115,5.286983,143.2563221,39.05609485,-0.000616378,0.029013018
603606.SH,东方电缆,浙江,电气设备,20141015,6.2462397,51.88688591,13.19673512,0.000991251,0.031883554
603607.SH,京华激光,浙江,造纸,20171025,5.979003,14.37193289,1.413520645,-3.09769E-05,0.027702871
603608.SH,*ST天创,广东,服饰,20160218,3.6204495,4.610147849,0.986937487,-0.000873076,0.028769487
603609.SH,禾丰股份,辽宁,饲料,20140808,6.365519,9.386107383,1.811745101,-0.000292995,0.020670291
603610.SH,麒盛科技,浙江,家居用品,20191029,5.7977047,14.51350336,5.474104748,-0.00093603,0.027475961
603611.SH,诺力股份,浙江,专用机械,20150128,5.9916244,18.79497987,2.646680774,-0.000176658,0.027011407
603612.SH,索通发展,山东,矿物制品,20170718,5.8976912,20.89993188,7.687888199,-0.001080111,0.032395672
603613.SH,国联股份,北京,互联网,20190730,1.3198211,68.14711409,38.33685528,-0.002079481,0.036124085
603615.SH,茶花股份,福建,家居用品,20170213,5.7977047,10.03812081,3.178479883,0.000669291,0.027719028
603616.SH,韩建河山,北京,水泥,20150611,6.8144245,5.60252349,1.646268204,-0.000825482,0.032468037
603617.SH,君禾股份,浙江,机械基件,20170703,5.1280627,9.307087248,2.42823102,-0.000812096,0.030841547
603618.SH,杭电股份,浙江,电气设备,20150217,6.2462397,5.907744966,0.884850552,-0.000388111,0.026232135
603619.SH,中曼石油,上海,石油开采,20171117,-0.41138357,18.91085906,3.305048852,0.000738243,0.032944677
603626.SH,科森科技,江苏,元器件,20170209,-1.3768502,7.865127517,1.993954038,-0.000327014,0.033819752
603628.SH,清源股份,福建,电气设备,20170112,6.2462397,14.51158389,2.635439031,1.09885E-05,0.036363321
603629.SH,利通电子,江苏,元器件,20181224,-1.3768502,21.10190604,4.301969087,-0.000186244,0.037396177
603630.SH,拉芳家化,广东,日用化工,20170313,5.286983,14.94324832,2.988108902,-0.000691207,0.024115097
603633.SH,徕木股份,上海,汽车配件,20161117,5.914197,11.65869799,3.094527696,-0.000769357,0.031146269
603636.SH,南威软件,福建,软件服务,20141230,5.631536,11.91635135,2.903462016,5.2728E-05,0.032862973
603637.SH,镇海股份,浙江,建筑工程,20170208,6.1645865,8.044375839,1.101847992,-0.00026231,0.025222714
603638.SH,艾迪精密,山东,专用机械,20170120,5.9916244,19.73715436,6.459638186,-0.001197152,0.021171984
603639.SH,海利尔,山东,农药化肥,20170112,4.9359045,19.50310067,4.589750904,-0.000485749,0.022888964
603648.SH,畅联股份,上海,仓储物流,20170913,5.1189384,9.064067114,0.920836004,5.39341E-05,0.025772231
603650.SH,彤程新材,上海,化工原料,20180627,5.4360824,34.34261745,8.036803097,-0.000867151,0.030897713
603655.SH,朗博科技,江苏,汽车配件,20171229,5.914197,21.04216216,4.902970454,-0.000703252,0.031022691
603656.SH,泰禾智能,安徽,专用机械,20170321,5.9916244,12.42528859,1.417986306,-0.000236616,0.028669324
603657.SH,春光科技,浙江,家用电器,20180730,6.388499,15.92295302,3.643168726,-0.000896357,0.027746727
603658.SH,安图生物,河南,医疗保健,20160901,6.0711374,52.64502013,7.731286114,-0.000158651,0.024145528
603659.SH,璞泰来,上海,化工原料,20171103,5.4360824,65.12830872,52.77171772,-0.003192607,0.039086464
603660.SH,苏州科达,江苏,IT设备,20161201,6.018636,6.312550336,0.96570713,-0.000236568,0.031490437
603661.SH,恒林股份,浙江,家居用品,20171121,5.7977047,36.52773406,5.487109934,-0.000243705,0.025523638
603662.SH,柯力传感,浙江,电器仪表,20190806,5.9888244,23.32449664,5.965349952,0.000141259,0.03244765
603663.SH,三祥新材,福建,小金属,20160801,-2.8607216,15.30242953,4.09056663,-0.000659183,0.03771413
603665.SH,康隆达,浙江,服饰,20170313,3.6204495,30.90616107,10.72705421,0.000388177,0.030266405
603666.SH,亿嘉和,江苏,专用机械,20180612,5.9916244,40.9024698,17.03841344,-0.001447171,0.033626743
603667.SH,五洲新春,浙江,机械基件,20161025,5.1280627,15.64444295,2.706149159,0.000284796,0.036869235
603668.SH,天马科技,福建,饲料,20170117,6.365519,14.97910067,3.583686435,0.000761134,0.029153571
603669.SH,灵康药业,西藏,化学制药,20150528,5.6343184,5.973771812,1.515321793,-0.000876905,0.023956245
603676.SH,卫信康,西藏,化学制药,20170721,5.6343184,10.87418792,2.624120778,-4.8204E-06,0.028168326
603677.SH,奇精机械,浙江,家用电器,20170206,6.388499,12.14225503,1.23567687,-0.000111298,0.022657507
603678.SH,火炬电子,福建,元器件,20150126,-1.3768502,40.43508725,16.42484316,-0.001599132,0.026432674
603679.SH,华体科技,四川,电气设备,20170621,6.2462397,12.93633557,1.752846646,-0.00043707,0.033294307
603680.SH,今创集团,江苏,运输设备,20180227,6.052139,8.465919463,0.949696468,-0.000364584,0.022912658
603681.SH,永冠新材,上海,化工原料,20190326,5.4360824,20.81869799,8.199701266,-0.001463632,0.024819777
603682.SH,锦和商管,上海,房产服务,20200421,5.6273594,5.444979866,0.75945264,-0.000440769,0.025155203
603683.SH,晶华新材,上海,化工原料,20171020,5.4360824,9.956241611,1.887461556,-0.000740462,0.030043324
603685.SH,晨丰科技,浙江,电气设备,20171127,6.2462397,12.03079408,1.922385027,-0.000214164,0.0237138
603686.SH,福龙马,福建,环境保护,20150126,5.655056,10.17405369,1.658189662,-0.000679397,0.020997649
603687.SH,大胜达,浙江,广告包装,20190726,6.04935,9.574348993,1.446532798,-0.000419758,0.024990392
603688.SH,石英股份,江苏,矿物制品,20141031,5.8976912,87.44918121,36.05291198,-0.000594811,0.038291367
603689.SH,皖天然气,安徽,供气供热,20170110,5.345988,8.854563758,1.058818501,-0.000259874,0.023956352
603690.SH,至纯科技,上海,半导体,20170113,-2.3041902,34.78887248,9.31595448,-0.001211843,0.029334098
603693.SH,江苏新能,江苏,新型电力,20180703,5.62262,15.0884698,5.395643361,-0.00073021,0.030205444
603696.SH,安记食品,福建,食品,20151209,6.0406103,9.079865772,1.149178872,-0.000292243,0.028211627
603697.SH,有友食品,重庆,食品,20190508,6.0406103,10.98285906,3.576964347,-0.001288604,0.026389129
603698.SH,航天工程,北京,专用机械,20150128,5.9916244,13.99122148,1.62522347,-0.000251698,0.023079933
603699.SH,纽威股份,江苏,机械基件,20140117,5.1280627,12.74504698,3.441758979,0.000791963,0.023717082
603700.SH,宁水集团,浙江,电器仪表,20190122,5.9888244,14.33834899,2.894161919,-0.000881262,0.022646402
603701.SH,德宏股份,浙江,汽车配件,20160412,5.914197,12.41112752,3.520463651,0.00041054,0.03216058
603703.SH,盛洋科技,浙江,元器件,20150423,-1.3768502,14.38968707,4.158601543,-0.000247186,0.032046577
603706.SH,东方环宇,新疆,供气供热,20180709,5.345988,15.1084698,1.250510141,3.48418E-05,0.024686649
603707.SH,健友股份,江苏,生物制药,20170719,4.419265,19.84542282,9.124780384,-0.000984613,0.025022105
603708.SH,家家悦,山东,超市连锁,20161213,5.8787456,12.10919463,2.080162873,-0.000704975,0.021348291
603709.SH,中源家居,浙江,家居用品,20180208,5.7977047,15.52632215,2.393293026,-0.000786264,0.02871613
603711.SH,香飘飘,浙江,软饮料,20171130,0.7887329,15.14958389,2.905487571,-0.000195137,0.026770174
603712.SH,七一二,天津,通信设备,20180226,5.876211,30.10049664,6.51122991,-0.001226273,0.024378879
603713.SH,密尔克卫,上海,仓储物流,20180713,5.1189384,94.46790604,32.37221712,-0.000870193,0.025125921
603716.SH,塞力医疗,湖北,医药商业,20161031,5.7104278,10.97863087,2.864043405,-0.000711741,0.035487959
603717.SH,天域生物,重庆,农业综合,20170327,5.4254327,8.288107383,2.560573071,-0.00114372,0.02899069
603718.SH,海利生物,上海,农业综合,20150515,5.4254327,10.58881879,2.306517869,-0.001113359,0.023191676
603719.SH,良品铺子,湖北,食品,20200224,6.0406103,26.51150336,9.484139131,-0.001326101,0.02747503
603721.SH,中广天择,湖南,影视音像,20170811,5.3885503,18.37672483,5.892138991,0.000841764,0.042862602
603722.SH,阿科力,江苏,化工原料,20171025,5.4360824,46.07292617,5.373851593,-0.000414688,0.02668693
603725.SH,天安新材,广东,塑料,20170906,6.4467297,7.939100671,1.350530112,-0.000405356,0.029971408
603726.SH,朗迪集团,浙江,家用电器,20160421,6.388499,13.34131544,1.223525946,-5.26035E-05,0.026971429
603727.SH,博迈科,天津,石油开采,20161122,-0.41138357,13.85357047,3.62629834,-0.000895226,0.028576545
603728.SH,鸣志电器,上海,电气设备,20170509,6.2462397,40.09178523,17.81289217,0.001194747,0.039926062
603729.SH,龙韵股份,上海,广告包装,20150324,6.04935,15.46844086,4.789845527,0.000186522,0.032148343
603730.SH,岱美股份,上海,汽车配件,20170728,5.914197,15.37946309,3.522225322,-0.000819811,0.034330097
603733.SH,仙鹤股份,浙江,造纸,20180420,5.979003,24.17657718,6.963238626,-0.000984759,0.022569608
603737.SH,三棵树,福建,染料涂料,20160603,5.8216114,82.23067114,33.54610718,-0.0018831,0.033201742
603738.SH,泰晶科技,湖北,元器件,20160928,-1.3768502,25.65351678,13.93668701,-0.00157724,0.035938308
603739.SH,蔚蓝生物,山东,农业综合,20190116,5.4254327,14.45139597,2.291128798,-0.000461352,0.024756259
603755.SH,日辰股份,山东,食品,20190828,6.0406103,33.69526174,8.69108434,-0.000704727,0.027998836
603757.SH,大元泵业,浙江,机械基件,20170711,5.1280627,21.51942282,4.612812196,1.99567E-06,0.026535205
603758.SH,秦安股份,重庆,汽车配件,20170517,5.914197,9.192751678,1.487679084,-0.000277731,0.028788164
603759.SH,海天股份,四川,水务,20210326,5.815092,10.29161074,3.668505612,-0.001411495,0.02430179
603766.SH,隆鑫通用,重庆,摩托车,20120810,0.30112803,5.335355705,0.761826409,0.000926277,0.025537176
603767.SH,中马传动,浙江,汽车配件,20170613,5.914197,10.41162416,3.535490402,0.000592233,0.034111472
603768.SH,常青股份,安徽,汽车配件,20170324,5.914197,16.35100671,3.248369886,-0.000358524,0.029918266
603773.SH,沃格光电,江西,元器件,20180417,-1.3768502,22.28750336,6.01201791,-5.37407E-05,0.03727462
603776.SH,永安行,江苏,公共交通,20170817,2.248381,13.97004027,2.524509347,-0.000698065,0.026516148
603777.SH,来伊份,上海,食品,20161012,6.0406103,13.93425503,3.137268522,-0.000508255,0.028865075
603778.SH,国晟科技,北京,电气设备,20151231,6.2462397,4.625695007,1.226414554,-0.000275022,0.036510532
603779.SH,威龙股份,山东,红黄酒,20160516,0.2814862,7.937516779,1.497841774,3.0104E-05,0.031584881
603786.SH,科博达,上海,汽车配件,20191015,5.914197,64.3086443,10.22960294,-0.000101743,0.029927323
603787.SH,新日股份,江苏,摩托车,20170427,0.30112803,15.51424161,3.859065712,-0.000610619,0.028056911
603788.SH,宁波高发,浙江,汽车配件,20150120,5.914197,12.57632215,1.459293596,-6.18441E-05,0.025710006
603789.SH,星光农机,浙江,农用机械,20150427,6.1171265,9.100818792,1.675999541,-0.000762856,0.030925934
603790.SH,雅运股份,上海,染料涂料,20180912,5.8216114,11.10430518,1.736826619,-0.00015875,0.025394218
603797.SH,联泰环保,广东,环境保护,20170413,5.655056,5.5,1.052762878,-0.000941216,0.017877038
603798.SH,康普顿,山东,石油加工,20160406,5.969803,10.26496644,1.353122645,-0.000335518,0.030639696
603799.SH,华友钴业,浙江,小金属,20150129,-2.8607216,61.29840268,31.24842896,-0.002081005,0.030291845
603800.SH,洪田股份,江苏,专用机械,20151210,5.9916244,26.04911171,5.636602441,0.000333108,0.032841733
603801.SH,志邦家居,安徽,家居用品,20170630,5.7977047,22.50526174,6.587112292,-0.000945341,0.033605144
603803.SH,瑞斯康达,北京,通信设备,20170420,5.876211,7.299758389,1.047333119,-4.48777E-06,0.032806147
603806.SH,福斯特,浙江,塑料,20140905,6.4467297,59.50127517,37.91233917,-0.002974491,0.038085626
603808.SH,歌力思,深圳,服饰,20150422,3.6204495,10.44754362,2.562881969,-0.001159662,0.020896007
603809.SH,豪能股份,四川,汽车配件,20171128,5.914197,12.54761074,3.695747219,-0.001100467,0.031996479
603810.SH,丰山集团,江苏,农药化肥,20180917,4.9359045,13.31880537,2.706842891,-0.000567297,0.03037205
603811.SH,诚意药业,浙江,化学制药,20170315,5.6343184,12.73107383,3.709030527,-0.000782322,0.030642569
603813.SH,原尚股份,广东,公路,20170918,6.996125,14.25844295,2.29167732,-0.000419466,0.027619795
603815.SH,交建股份,安徽,建筑工程,20191021,6.1645865,7.66014966,1.081990851,-0.000641774,0.023949044
603816.SH,顾家家居,浙江,家居用品,20161014,5.7977047,45.42253711,13.97678974,-0.001092452,0.0268978
603817.SH,海峡环保,福建,环境保护,20170220,5.655056,6.016255034,0.650809929,-0.000181445,0.0196103
603818.SH,曲美家居,北京,家居用品,20150422,5.7977047,6.834107383,2.9399371,-0.001717704,0.02690763
603819.SH,神力股份,江苏,电气设备,20161125,6.2462397,13.65009459,2.449359667,-6.66875E-05,0.026665551
603822.SH,嘉澳环保,浙江,化工原料,20160428,5.4360824,36.00969128,11.07620603,-0.000655672,0.031069587
603823.SH,百合花,浙江,染料涂料,20161220,5.8216114,13.05285906,3.430305288,-0.000855999,0.028961134
603825.SH,华扬联众,湖南,互联网,20170802,1.3198211,14.36899329,4.145553607,-0.000750988,0.037246554
603826.SH,坤彩科技,福建,染料涂料,20170414,5.8216114,49.85330201,10.03166515,-0.000425842,0.027508287
603828.SH,ST柯利达,江苏,装修装饰,20150226,6.4589305,3.246008065,0.779036092,-0.001080643,0.027768133
603829.SH,洛凯股份,江苏,电气设备,20171017,6.2462397,12.47734228,1.818495973,0.000340284,0.028493831
603833.SH,欧派家居,广东,家居用品,20170328,5.7977047,101.5330201,29.90763625,-0.001302139,0.026723656
603836.SH,海程邦达,山东,仓储物流,20210526,5.1189384,16.91013423,3.934854519,-0.00063901,0.026978806
603838.SH,四通股份,广东,家居用品,20150701,5.7977047,6.228040268,1.013506594,-0.000909794,0.027084117
603839.SH,安正时尚,浙江,服饰,20170214,3.6204495,6.978174497,1.281775229,-0.000751774,0.027465266
603843.SH,正平股份,青海,建筑工程,20160905,6.1645865,3.988402685,0.873339591,-0.000501129,0.0328063
603848.SH,好太太,广东,家居用品,20171201,5.7977047,14.18530201,1.335166091,3.07857E-05,0.02657628
603855.SH,华荣股份,上海,专用机械,20170524,5.9916244,22.64287248,2.96166925,-0.000424195,0.023203972
603856.SH,东宏股份,山东,塑料,20171106,6.4467297,12.24075168,1.449817461,-9.48302E-05,0.022864611
603858.SH,步长制药,山东,中成药,20161118,0.30637786,18.77434899,2.301715556,-0.000137626,0.021263127
603859.SH,能科科技,北京,软件服务,20161021,5.631536,34.19896644,8.34358561,-0.000992995,0.031178845
603860.SH,中公高科,北京,建筑工程,20170802,6.1645865,25.67118121,4.106978908,0.00040868,0.030799448
603861.SH,白云电器,广东,电气设备,20160322,6.2462397,8.824187919,1.20210922,-7.70055E-05,0.027664243
603863.SH,松炀资源,广东,造纸,20190621,5.979003,18.77875,11.18957243,0.001565584,0.03170358
603866.SH,桃李面包,辽宁,食品,20151222,6.0406103,13.9466443,7.68484079,-0.002040088,0.027405995
603867.SH,新化股份,浙江,化工原料,20190627,5.4360824,31.00328859,4.874207386,-0.000328849,0.030407518
603868.SH,飞科电器,上海,家用电器,20160418,6.388499,58.58942282,15.62205135,-7.10348E-05,0.025946055
603869.SH,ST智知,广西,软件服务,20150326,5.631536,8.773790323,1.916139678,-0.000922093,0.027834297
603871.SH,嘉友国际,北京,仓储物流,20180206,5.1189384,20.28434899,3.528164123,0.000346659,0.036105232
603876.SH,鼎胜新材,江苏,铝,20180418,-2.803478,29.95805369,17.11086255,-0.001792467,0.039519598
603877.SH,太平鸟,浙江,服饰,20170109,3.6204495,20.50272483,6.831895545,-0.00168016,0.024684503
603878.SH,武进不锈,江苏,钢加工,20161219,-2.7339256,8.112711409,2.10504084,-0.00026423,0.027330262
603879.SH,ST永悦,江苏,化工原料,20170614,5.4360824,6.028736559,1.650758385,-0.001328511,0.033381134
603880.SH,南卫股份,江苏,医疗保健,20170807,6.0711374,5.283509485,1.10873148,-0.000722476,0.023602529
603881.SH,数据港,上海,软件服务,20170208,5.631536,25.19467114,7.529570375,-0.001247294,0.031679694
603882.SH,金域医学,广东,医疗保健,20170908,6.0711374,69.18410738,21.12454779,-0.001489509,0.026807764
603883.SH,老百姓,湖南,医药商业,20150423,5.7104278,33.6727651,8.631091343,-0.001610907,0.030147875
603885.SH,吉祥航空,上海,空运,20150527,6.24253,14.64575839,2.158894828,-0.00020005,0.024388252
603886.SH,元祖股份,上海,食品,20161228,6.0406103,18.19558389,2.365241801,-0.000416875,0.021966057
603887.SH,城地香江,上海,软件服务,20161010,5.631536,7.465932886,1.354201634,-0.000305061,0.032873755
603888.SH,新华网,北京,互联网,20161028,1.3198211,22.06585235,5.478207054,0.000264657,0.033110401
603889.SH,新澳股份,浙江,纺织,20141231,6.4696865,7.080228188,0.795995574,-8.26235E-05,0.028452649
603890.SH,春秋电子,江苏,元器件,20171212,-1.3768502,9.871651007,1.522458957,-0.000313422,0.029453329
603893.SH,瑞芯微,福建,半导体,20200207,-2.3041902,80.04014765,24.19462044,-0.001119591,0.030030321
603895.SH,天永智能,上海,专用机械,20180122,5.9916244,23.2204698,4.198921958,3.74248E-05,0.034486623
603896.SH,寿仙谷,浙江,中成药,20170510,0.30637786,38.61195973,9.649194472,-0.000723258,0.024500525
603897.SH,长城科技,浙江,电气设备,20180410,6.2462397,26.13930201,11.38551986,-0.000915595,0.031272784
603898.SH,好莱客,广东,家居用品,20150217,5.7977047,10.37707383,1.498239119,-0.000590992,0.023974905
603899.SH,晨光股份,上海,文教休闲,20150127,5.1359844,45.24061745,10.2643644,-0.001078034,0.020350062
603900.SH,莱绅通灵,江苏,服饰,20161123,3.6204495,6.577876344,0.964043641,-0.000307942,0.031455238
603901.SH,永创智能,浙江,专用机械,20150529,5.9916244,12.59497987,3.032698421,-0.001187556,0.024047552
603903.SH,中持股份,北京,环境保护,20170314,5.655056,9.368107383,1.47159742,-0.000734029,0.021842832
603906.SH,龙蟠科技,江苏,电气设备,20170410,6.2462397,23.13907383,13.02994682,-0.002111893,0.030682327
603908.SH,牧高笛,浙江,纺织,20170307,6.4696865,49.7718255,22.54185954,-0.000870118,0.035238886
603909.SH,建发合诚,福建,建筑工程,20160628,6.1645865,12.54379866,2.565827789,-0.001034161,0.02691587
603912.SH,佳力图,江苏,专用机械,20171101,5.9916244,11.47127517,3.98158356,-0.001357762,0.037970996
603915.SH,国茂股份,江苏,机械基件,20190614,5.1280627,21.02979866,9.112763726,-0.001967905,0.030431107
603916.SH,苏博特,江苏,化工原料,20171110,5.4360824,15.48507383,5.824124423,-0.001459355,0.025767981
603917.SH,合力科技,浙江,汽车配件,20171204,5.914197,20.1264698,7.85973814,0.000200907,0.037931964
603918.SH,金桥信息,上海,软件服务,20150528,5.631536,13.13821477,7.001813333,0.000567731,0.038536599
603919.SH,金徽酒,甘肃,白酒,20160310,6.3949323,26.54336913,5.539217275,-0.000781342,0.023563792
603920.SH,世运电路,广东,元器件,20170426,-1.3768502,17.67048518,2.332533223,0.000821986,0.033344724
603922.SH,金鸿顺,江苏,汽车配件,20171023,5.914197,23.02024259,3.398418374,-0.000125555,0.02954244
603926.SH,铁流股份,浙江,汽车配件,20170510,5.914197,11.04899329,2.589929822,-0.000825471,0.027314811
603927.SH,中科软,北京,软件服务,20190909,5.631536,27.74856376,6.215455498,-0.000434059,0.028075212
603928.SH,兴业股份,江苏,化工原料,20161212,5.4360824,11.28757047,1.575970559,-0.000497606,0.027689005
603929.SH,亚翔集成,江苏,装修装饰,20161230,6.4589305,16.35330201,5.070785087,0.000976496,0.031861056
603931.SH,格林达,浙江,化工原料,20200819,5.4360824,26.45703356,4.935532369,-0.000846906,0.031348185
603933.SH,睿能科技,福建,元器件,20170706,-1.3768502,13.51284564,2.697160237,-0.000163405,0.032816245
603936.SH,博敏电子,广东,元器件,20151209,-1.3768502,11.5645906,2.710584366,-0.00082553,0.030204285
603937.SH,丽岛新材,江苏,铝,20171102,-2.803478,11.08832215,1.696080793,-0.000400581,0.027439355
603938.SH,三孚股份,河北,化工原料,20170628,5.4360824,30.42648322,14.834579,-0.002488063,0.035598533
603939.SH,益丰药房,湖南,医药商业,20150217,5.7104278,44.59526174,11.30433851,-0.001184408,0.029320579
603948.SH,建业股份,浙江,化工原料,20200302,5.4360824,23.56663087,4.442229903,-0.000201688,0.029073523
603949.SH,雪龙集团,浙江,汽车配件,20200310,5.914197,19.5386443,5.73737374,-0.00065018,0.029163314
603950.SH,长源东谷,湖北,汽车配件,20200526,5.914197,15.38883221,2.294268538,-0.000546744,0.02806545
603955.SH,大千生态,江苏,建筑工程,20170310,6.1645865,14.56341892,3.402256684,-0.000582927,0.030461551
603956.SH,威派格,上海,专用机械,20190222,5.9916244,9.599288591,3.730549724,-0.001669522,0.024867722
603958.SH,哈森股份,江苏,服饰,20160629,3.6204495,7.772410959,2.036043177,0.000493702,0.033007619
603959.SH,ST百利,湖南,建筑工程,20160517,6.1645865,10.31704301,4.670866739,-0.002862307,0.031804579
603960.SH,克来机电,上海,汽车配件,20170314,5.914197,21.622,6.806315746,-0.00060246,0.032086809
603963.SH,*ST大药,云南,中成药,20170922,0.30637786,10.3991779,3.898706419,-0.00121694,0.042430308
603966.SH,法兰泰克,江苏,专用机械,20170125,5.9916244,9.844912752,2.254608965,-0.000313152,0.027412619
603967.SH,中创物流,山东,仓储物流,20190429,5.1189384,10.36879195,1.554535989,-0.00032709,0.027557553
603968.SH,醋化股份,江苏,化工原料,20150518,5.4360824,16.80359732,4.209414781,-0.00057915,0.026060199
603969.SH,银龙股份,天津,其他建材,20150227,5.5222344,4.926120805,0.560141698,3.22479E-05,0.027204542
603970.SH,中农立华,北京,农药化肥,20171116,4.9359045,22.67747651,6.051334237,-0.000456745,0.026388562
603976.SH,正川股份,重庆,医疗保健,20170822,6.0711374,21.93804027,5.839677104,-0.001138325,0.023466246
603977.SH,国泰集团,江西,化工原料,20161111,5.4360824,9.431557047,1.094020523,3.0176E-05,0.025826029
603978.SH,深圳新星,深圳,小金属,20170807,-2.8607216,19.11872483,6.260952671,-0.000698013,0.033603612
603979.SH,金诚信,北京,铜,20150630,-2.2392933,31.2872349,10.61382035,0.001069633,0.026622361
603980.SH,吉华集团,浙江,染料涂料,20170615,5.8216114,4.836791946,0.913148306,-0.000809376,0.018463646
603982.SH,泉峰汽车,江苏,汽车配件,20190522,5.914197,19.80115436,9.108964184,-0.001288338,0.03560472
603983.SH,丸美生物,广东,日用化工,20190725,5.286983,29.36610738,5.044494672,-0.000273693,0.026198558
603985.SH,恒润股份,江苏,电气设备,20170505,6.2462397,27.06824161,10.77940369,-0.000775268,0.040594834
603986.SH,兆易创新,北京,半导体,20160818,-2.3041902,111.2674228,28.46723174,-0.000870515,0.028429766
603987.SH,康德莱,上海,医疗保健,20161121,6.0711374,13.64387919,4.888858918,-0.001399804,0.023954342
603988.SH,中电电机,江苏,电气设备,20141104,6.2462397,11.09433378,2.66973929,-5.9582E-05,0.034694527
603989.SH,艾华集团,湖南,元器件,20150515,-1.3768502,24.33295302,7.315862636,-0.001072876,0.022570195
603990.SH,麦迪科技,江苏,软件服务,20161208,5.631536,17.03702703,5.249325063,-0.000971161,0.034553989
603991.SH,至正股份,深圳,塑料,20170308,6.4467297,39.13312752,4.853005223,1.70593E-05,0.028088203
603992.SH,松霖科技,福建,家居用品,20190826,5.7977047,16.55920805,1.82119283,-0.000248053,0.024346797
603993.SH,洛阳钼业,河南,小金属,20121009,-2.8607216,5.966496644,1.188354987,0.000187531,0.024716619
603995.SH,甬金股份,浙江,特种钢,20191224,-2.4360137,31.04488591,13.30254286,-0.001279467,0.029327477
603997.SH,继峰股份,浙江,汽车配件,20150302,5.914197,12.74244295,2.138220467,0.000350955,0.03330349
603998.SH,方盛制药,湖南,中成药,20141205,0.30637786,8.973557047,2.510209924,0.00091819,0.030404128
603999.SH,读者传媒,甘肃,出版业,20151210,0.7587014,5.668120805,0.791824293,8.7076E-05,0.02694922
605001.SH,威奥股份,山东,运输设备,20200522,6.052139,6.834536913,1.20291462,-0.000488917,0.028187309
605003.SH,众望布艺,浙江,纺织,20200908,6.4696865,19.83875168,2.889975662,-0.000515158,0.020682159
605005.SH,合兴股份,浙江,汽车配件,20210119,5.914197,17.4467651,2.611342943,-0.000293452,0.025522972
605006.SH,山东玻纤,山东,玻璃,20200903,6.2391744,8.819449664,3.099773811,-0.001568842,0.023131308
605007.SH,五洲特纸,浙江,造纸,20201110,5.979003,16.13653691,2.820080755,-0.00052728,0.025504427
605008.SH,长鸿高科,浙江,橡胶,20200821,6.791621,14.56187919,1.812569157,-0.000248312,0.021381145
605009.SH,豪悦护理,浙江,造纸,20200911,5.979003,44.00718121,6.580602205,-0.000506919,0.022250452
605011.SH,杭州热电,浙江,供气供热,20210630,5.345988,21.90197315,5.977169242,0.000112341,0.035384221
605016.SH,百龙创园,山东,食品,20210421,6.0406103,26.66342282,4.819339731,-0.000709901,0.033740733
605018.SH,长华集团,浙江,汽车配件,20200929,5.914197,12.01595973,3.016187096,-0.000720614,0.02582417
605020.SH,永和股份,浙江,化工原料,20210709,5.4360824,30.42320805,8.945592523,-0.001343907,0.033293572
605028.SH,世茂能源,浙江,供气供热,20210712,5.345988,18.60042953,3.333700449,-0.000749184,0.027128865
605033.SH,美邦股份,陕西,农药化肥,20210916,4.9359045,17.5946049,3.238117292,-0.000654261,0.027242043
605050.SH,福然德,上海,仓储物流,20200924,5.1189384,12.10322148,2.065213893,-0.000363173,0.02801936
605055.SH,迎丰股份,浙江,纺织,20210129,6.4696865,6.319503356,1.151863098,-0.000774082,0.025594042
605056.SH,咸亨国际,浙江,电器仪表,20210720,5.9888244,13.7375302,2.439429869,-0.000777745,0.027128069
605058.SH,澳弘电子,江苏,元器件,20201021,-1.3768502,20.61167785,2.434421782,-0.000370443,0.022840317
605060.SH,联德股份,浙江,机械基件,20210301,5.1280627,20.66261745,5.050382291,-0.000173043,0.025395726
605066.SH,天正电气,浙江,电气设备,20200807,6.2462397,8.633248322,1.982147926,-0.001409939,0.02351037
605068.SH,明新旭腾,浙江,汽车配件,20201123,5.914197,24.19684564,6.606579086,-0.00115537,0.030476644
605069.SH,正和生态,北京,环境保护,20210816,5.655056,11.71165101,4.764916938,-0.001614781,0.032181377
605077.SH,华康股份,浙江,食品,20210209,6.0406103,27.08049664,8.296674042,-0.0014877,0.026735569
605080.SH,浙江自然,浙江,文教休闲,20210506,5.1359844,42.05636242,19.73400978,-0.00198077,0.028265395
605081.SH,太和水,上海,环境保护,20210209,5.655056,18.62081879,7.412570423,-0.001384132,0.031086398
605086.SH,龙高股份,福建,矿物制品,20210416,5.8976912,21.25371812,3.392254658,-0.000374597,0.031114417
605088.SH,冠盛股份,浙江,汽车配件,20200817,5.914197,17.76636242,3.225667065,0.000398567,0.026885829
605089.SH,味知香,江苏,食品,20210427,6.0406103,51.57904698,19.92368517,-0.001723808,0.030119753
605090.SH,九丰能源,江西,供气供热,20210525,5.345988,26.34935967,4.407089074,-0.000236892,0.030080833
605098.SH,行动教育,上海,文教休闲,20210421,5.1359844,38.77225503,8.429591695,-0.00016383,0.030602493
605099.SH,共创草坪,江苏,文教休闲,20200930,5.1359844,24.35813423,4.90593462,-0.000703216,0.021570731
605100.SH,华丰股份,山东,机械基件,20200811,5.1280627,16.80550336,5.67046821,-0.001709139,0.031753751
605108.SH,同庆楼,安徽,酒店餐饮,20200716,6.203304,26.16924832,7.05558758,0.000176087,0.030016187
605111.SH,新洁能,江苏,半导体,20200928,-2.3041902,82.38793289,51.15256616,-0.002008549,0.037677408
605116.SH,奥锐特,浙江,化学制药,20200921,5.6343184,22.9437047,3.479373432,0.000668807,0.028865396
605117.SH,德业股份,浙江,电气设备,20210420,6.2462397,202.1656913,110.6893725,-0.001008107,0.047411784
605118.SH,力鼎光电,福建,元器件,20200730,-1.3768502,15.00668456,2.142421286,-5.4028E-05,0.032270365
605122.SH,四方新材,重庆,水泥,20210310,6.8144245,15.99052349,3.971645419,-0.001139434,0.023430814
605123.SH,派克新材,江苏,航空,20200825,6.8991065,103.3286846,29.81728043,-0.000868437,0.028054135
605128.SH,上海沿浦,上海,汽车配件,20200915,5.914197,41.56742282,10.84884762,-0.000482815,0.035538278
605133.SH,嵘泰股份,江苏,汽车配件,20210224,5.914197,25.95285906,6.389691632,6.82209E-05,0.036162729
605136.SH,丽人丽妆,上海,其他商业,20200929,5.4766254,13.43280537,5.55393407,-0.001855755,0.029122436
605138.SH,盛泰集团,浙江,服饰,20211027,3.6204495,9.252331461,2.563654633,-0.001434095,0.028750319
605151.SH,西上海,上海,汽车配件,20201215,5.914197,18.20699329,2.058016017,-9.93698E-05,0.02766167
605155.SH,西大门,浙江,家居用品,20201231,5.7977047,15.10241611,3.696661501,-0.00112384,0.028562216
605158.SH,华达新材,浙江,钢加工,20200805,-2.7339256,7.124751678,0.610469785,-0.000166999,0.023245454
605162.SH,新中港,浙江,供气供热,20210707,5.345988,9.365208054,1.949295638,-0.00068819,0.02971108
605166.SH,聚合顺,浙江,化纤,20200618,5.6056967,11.42943624,1.971749593,-0.000308534,0.023362825
605167.SH,利柏特,江苏,建筑工程,20210726,6.1645865,8.765718121,0.897158328,-0.000265127,0.027306725
605168.SH,三人行,陕西,互联网,20200528,1.3198211,94.12536913,43.47524055,-0.001922374,0.042550309
605169.SH,洪通燃气,新疆,供气供热,20201030,5.345988,12.02096644,3.213394787,-0.000658862,0.029154892
605177.SH,东亚药业,浙江,化学制药,20201125,5.6343184,23.81758389,3.336163459,-0.000628107,0.024217515
605178.SH,时空科技,北京,装修装饰,20200821,6.4589305,22.5654094,7.189725728,-0.001223282,0.033635874
605179.SH,一鸣食品,浙江,乳制品,20201228,0.12147639,11.9110604,1.801862187,-0.00053139,0.025957501
605180.SH,华生科技,浙江,纺织,20210430,6.4696865,18.88024161,8.604746795,-0.001824944,0.033058773
605183.SH,确成股份,江苏,化工原料,20201207,5.4360824,17.25524832,2.220867728,-0.000227078,0.023543486
605186.SH,健麾信息,上海,专用机械,20201222,5.9916244,34.53150336,7.140145675,-0.000833729,0.033431157
605188.SH,国光连锁,江西,超市连锁,20200728,5.8787456,8.156926174,1.152327974,-0.000170503,0.032913561
605189.SH,富春染织,安徽,纺织,20210528,6.4696865,18.13809396,4.232124186,-0.000842886,0.022921744
605196.SH,华通线缆,河北,电气设备,20210511,6.2462397,8.669825503,1.604928346,-0.0001976,0.02702871
605198.SH,安德利,山东,软饮料,20200918,0.7887329,21.1490604,5.255372973,0.000476223,0.030177485
605199.SH,葫芦娃,海南,中成药,20200710,0.30637786,16.22644295,3.829609647,-0.000634051,0.028282232
605208.SH,永茂泰,上海,铝,20210308,-2.803478,13.37727517,5.412972243,-0.00171578,0.033354333
605218.SH,伟时电子,江苏,元器件,20200928,-1.3768502,15.82746309,3.407062144,0.000396022,0.035260909
605222.SH,起帆电缆,上海,电气设备,20200731,6.2462397,20.916,3.892623034,-0.000456224,0.025321509
605228.SH,神通科技,浙江,汽车配件,20210120,5.914197,9.307932886,1.373687652,-9.58394E-05,0.030370872
605255.SH,天普股份,浙江,汽车配件,20200825,5.914197,15.35414765,1.967756037,-0.000436039,0.028337201
605258.SH,协和电子,江苏,元器件,20201203,-1.3768502,25.55881879,3.723990655,-0.000182829,0.030900351
605259.SH,绿田机械,浙江,农用机械,20210615,6.1171265,28.00841611,7.272244178,-0.001109705,0.028823292
605266.SH,健之佳,云南,医药商业,20201201,5.7104278,59.39798658,18.53925448,-0.001651937,0.031771297
605268.SH,王力安防,浙江,家居用品,20210224,5.7977047,9.816255034,1.665175348,-0.000669278,0.024045197
605277.SH,新亚电子,浙江,元器件,20210106,-1.3768502,18.70175839,5.85048601,-0.000940701,0.038627927
605286.SH,同力日升,江苏,运输设备,20210322,6.052139,30.89077551,9.503007659,0.000324483,0.036674451
605287.SH,德才股份,山东,装修装饰,20210706,6.4589305,21.27497987,6.036355674,-0.001248481,0.027111544
605288.SH,凯迪股份,江苏,电气设备,20200601,6.2462397,41.89832215,9.912877554,-0.000712257,0.027005478
605289.SH,罗曼股份,上海,建筑工程,20210426,6.1645865,28.99614765,7.60458869,1.18565E-05,0.037313442
605296.SH,神农集团,云南,农业综合,20210528,5.4254327,29.96108725,6.47384903,-0.00039898,0.024467393
605298.SH,必得科技,江苏,运输设备,20210301,6.052139,14.50432215,3.101063745,-0.001200552,0.029725222
605299.SH,舒华体育,福建,文教休闲,20201215,5.1359844,11.6654094,3.556434329,-0.001346956,0.028558632
605300.SH,佳禾食品,江苏,乳制品,20210430,0.12147639,16.45977181,3.286095475,-0.000623673,0.027751226
605303.SH,园林股份,浙江,建筑工程,20210301,6.1645865,11.36927517,2.608189751,-0.001131997,0.026342993
605305.SH,中际联合,北京,工程机械,20210506,6.1479993,46.8049396,22.64769095,-0.00118502,0.036746042
605318.SH,法狮龙,浙江,其他建材,20200803,5.5222344,15.18833557,1.284395038,0.000228033,0.024071425
605319.SH,无锡振华,江苏,汽车配件,20210607,5.914197,16.58162602,2.802797267,0.000229875,0.028423301
605333.SH,沪光股份,江苏,汽车配件,20200818,5.914197,21.20789262,4.759879651,0.001014141,0.034697892
605336.SH,帅丰电器,浙江,家用电器,20201019,6.388499,19.06903356,6.780470781,-0.001397618,0.02503728
605337.SH,李子园,浙江,乳制品,20210208,0.12147639,22.73997315,10.77317018,-0.001939673,0.031744562
605338.SH,巴比食品,上海,食品,20201012,6.0406103,25.45390604,6.645284015,-0.001146394,0.023190824
605339.SH,南侨食品,上海,食品,20210518,6.0406103,21.76743624,5.520640255,-0.000977538,0.02063765
605358.SH,立昂微,浙江,半导体,20200911,-2.3041902,54.13510067,34.21132165,-0.002328105,0.031795035
605365.SH,立达信,福建,家用电器,20210720,6.388499,16.90249664,1.783968467,-0.000432661,0.025886021
605366.SH,宏柏新材,江西,化工原料,20200812,5.4360824,12.71271141,5.972895581,-0.00133367,0.035323753
605368.SH,蓝天燃气,河南,供气供热,20210129,5.345988,12.57340054,1.614553218,-0.000163759,0.02428314
605369.SH,拱东医疗,浙江,医疗保健,20200916,6.0711374,83.00969128,36.23347081,-0.001527404,0.030794535
605376.SH,博迁新材,江苏,小金属,20201208,-2.8607216,42.62944966,18.66813073,-0.001830597,0.030793143
605377.SH,华旺科技,浙江,造纸,20201228,5.979003,18.86644295,3.119763327,-0.000420724,0.025688665
605378.SH,野马电池,浙江,电气设备,20210412,6.2462397,22.81362416,3.964057166,-0.000845131,0.032015592
605388.SH,均瑶健康,湖北,乳制品,20200818,0.12147639,13.44252349,4.057064901,-0.001487064,0.028518997
605389.SH,长龄液压,江苏,机械基件,20210322,5.1280627,29.65832653,9.162418297,-0.001353845,0.028220234
605398.SH,新炬网络,上海,软件服务,20210121,5.631536,30.53359732,7.678136934,-0.001024332,0.039928748
605399.SH,晨光新材,江西,化工原料,20200804,5.4360824,28.26332886,13.82466642,-0.001671524,0.035101683
605488.SH,福莱新材,浙江,塑料,20210513,6.4467297,16.81762416,4.792519105,-0.001033356,0.031919331
605499.SH,东鹏饮料,深圳,软饮料,20210527,0.7887329,180.0199329,26.22863563,0.000466536,0.023283989
605500.SH,森林包装,浙江,造纸,20201222,5.979003,10.6732349,4.006794885,-0.00131246,0.027532399
605507.SH,国邦医药,浙江,化学制药,20210802,5.6343184,22.94287248,4.790157311,-0.000600383,0.020961022
605555.SH,德昌股份,浙江,家用电器,20211021,6.388499,23.85463687,7.320532348,-0.001185587,0.037146046
605566.SH,福莱蒽特,浙江,染料涂料,20211025,5.8216114,22.33190476,4.351674825,-0.001341175,0.025806063
605567.SH,春雪食品,山东,食品,20211013,6.0406103,13.26825485,3.095340779,-0.000996924,0.026772297
605577.SH,龙版传媒,黑龙江,出版业,20210824,0.7587014,13.59567785,3.99967816,-0.000115672,0.0385286
605580.SH,恒盛能源,浙江,供气供热,20210819,5.345988,12.57189262,2.666816704,-0.000886248,0.032490033
605588.SH,冠石科技,江苏,元器件,20210812,-1.3768502,39.12869799,8.194661408,-0.000246515,0.034677336
605589.SH,圣泉集团,山东,化工原料,20210810,5.4360824,23.61532886,5.631499775,-0.000704214,0.028230122
605598.SH,上海港湾,上海,建筑工程,20210917,6.1645865,24.32754434,9.380102705,-5.01641E-05,0.037294939
605599.SH,菜百股份,北京,服饰,20210909,3.6204495,12.02818674,1.742666621,-0.000369886,0.021898429
688001.SH,华兴源创,江苏,专用机械,20190722,5.9916244,30.08574497,5.243086591,-0.000474796,0.02964122
688002.SH,睿创微纳,山东,通信设备,20190722,5.876211,46.88004027,15.89613617,-0.00172706,0.028175097
688003.SH,天准科技,江苏,专用机械,20190722,5.9916244,35.81734228,4.70520827,-0.000453642,0.030034632
688004.SH,博汇科技,北京,软件服务,20200612,5.631536,26.40855034,8.219505963,-0.001564089,0.037734116
688005.SH,容百科技,浙江,电气设备,20190722,6.2462397,72.6682953,38.18267843,-0.002060554,0.033080212
688006.SH,杭可科技,浙江,电气设备,20190722,6.2462397,47.67865772,27.90280214,-0.00239799,0.031702896
688007.SH,光峰科技,深圳,元器件,20190722,-1.3768502,23.39193289,5.169928872,-0.000989824,0.030430018
688008.SH,澜起科技,上海,半导体,20190722,-2.3041902,59.8109396,8.842500235,-0.000114532,0.028574642
688009.SH,中国通号,北京,运输设备,20190722,6.052139,5.068469799,0.589964296,1.99127E-05,0.016816069
688010.SH,福光股份,福建,元器件,20190722,-1.3768502,22.22856376,3.998513226,-0.000861634,0.026384412
688011.SH,新光光电,黑龙江,元器件,20190722,-1.3768502,23.60558389,6.247129725,-0.001585756,0.02944537
688012.SH,中微公司,上海,半导体,20190722,-2.3041902,135.2410336,21.66292327,-0.000195217,0.028627087
688013.SH,天臣医疗,江苏,医疗保健,20200928,6.0711374,20.85095302,3.293605858,-0.000629347,0.023197842
688015.SH,交控科技,北京,运输设备,20190722,6.052139,22.24331544,5.986580121,-0.000972812,0.028985834
688016.SH,心脉医疗,上海,医疗保健,20190722,6.0711374,180.3794497,43.01459499,-0.001379118,0.032947834
688017.SH,绿的谐波,江苏,机械基件,20200828,5.1280627,124.7906309,28.56617965,-0.000972356,0.041537767
688018.SH,乐鑫科技,上海,半导体,20190722,-2.3041902,118.3872215,33.6434557,-0.001112624,0.034096812
688019.SH,安集科技,上海,半导体,20190722,-2.3041902,196.4468859,52.15270578,-0.000971936,0.037093882
688020.SH,方邦股份,广东,元器件,20190722,-1.3768502,51.80928859,18.72416782,-0.001473371,0.038496744
688021.SH,奥福环保,山东,汽车配件,20191106,5.914197,26.04896644,12.19614867,-0.001984476,0.031779583
688022.SH,瀚川智能,江苏,专用机械,20190722,5.9916244,39.85132886,19.58239027,-0.001916556,0.039551072
688023.SH,安恒信息,浙江,软件服务,20191105,5.631536,152.881396,76.44165138,-0.00300844,0.036221858
688025.SH,杰普特,深圳,专用机械,20191031,5.9916244,56.41531544,14.44078745,-0.000549118,0.038217835
688026.SH,洁特生物,广东,医疗保健,20200122,6.0711374,32.75724832,22.70613091,-0.00258699,0.03268347
688027.SH,国盾量子,安徽,通信设备,20200709,5.876211,136.6864642,29.15977017,-2.78321E-05,0.030796492
688028.SH,沃尔德,北京,机械基件,20190722,5.1280627,30.01595109,11.30822833,-0.001222257,0.033642446
688029.SH,南微医学,江苏,医疗保健,20190722,6.0711374,103.5995436,53.19241701,-0.00148148,0.031322103
688030.SH,山石网科,江苏,软件服务,20190930,5.631536,20.03832215,5.460929212,-0.001095766,0.027230265
688031.SH,星环科技-U,上海,软件服务,20221018,5.631536,74.10294118,32.51121168,-0.001769705,0.043753019
688032.SH,禾迈股份,浙江,电气设备,20211220,6.2462397,534.4306083,319.3999478,-0.002459392,0.049081961
688033.SH,天宜上佳,北京,电气设备,20190722,6.2462397,18.33785235,6.881266544,-0.001872764,0.035955368
688035.SH,德邦科技,山东,半导体,20220919,-2.3041902,50.96792683,15.59403447,-0.001901382,0.037288814
688036.SH,传音控股,深圳,通信设备,20190930,5.876211,112.8305369,32.29548984,-0.000639201,0.034810367
688037.SH,芯源微,辽宁,半导体,20191216,-2.3041902,159.7357315,56.0308864,-0.001529745,0.044951237
688038.SH,中科通达,湖北,软件服务,20210713,5.631536,13.66747651,3.253571003,-0.000989582,0.029920495
688039.SH,当虹科技,浙江,软件服务,20191211,5.631536,42.30332886,16.77479531,-0.001509019,0.045954058
688041.SH,海光信息,天津,半导体,20220812,-2.3041902,65.41541586,13.83822005,0.000696479,0.038980748
688045.SH,必易微,深圳,半导体,20220526,-2.3041902,48.8058042,16.457641,-0.001573518,0.034988994
688046.SH,药康生物,江苏,生物制药,20220425,4.419265,20.71236486,7.199110855,-0.000635164,0.032051477
688047.SH,龙芯中科,北京,半导体,20220624,-2.3041902,100.158442,20.80119001,0.000204251,0.037521625
688048.SH,长光华芯,江苏,半导体,20220401,-2.3041902,78.32044554,34.27782964,-0.001694805,0.04180534
688049.SH,炬芯科技,广东,半导体,20211129,-2.3041902,34.28181422,9.650135394,-0.001864066,0.032117448
688050.SH,爱博医疗,北京,医疗保健,20200729,6.0711374,181.6261342,48.63874442,-0.001408887,0.03556964
688051.SH,佳华科技,北京,软件服务,20200320,5.631536,31.38361074,9.96509803,-0.001522103,0.035717915
688052.SH,纳芯微,江苏,半导体,20220422,-2.3041902,215.9304047,109.7024388,-0.001628286,0.039389929
688053.SH,思科瑞,四川,元器件,20220708,-1.3768502,50.02656827,17.58853834,-0.001853284,0.033304995
688055.SH,龙腾光电,江苏,元器件,20200817,-1.3768502,4.681033557,1.17613575,-0.001154801,0.022547776
688056.SH,莱伯泰科,北京,电器仪表,20200902,5.9888244,38.08320805,11.20100527,-0.001154314,0.032459346
688057.SH,金达莱,江西,环境保护,20201111,5.655056,16.07661745,5.074032123,-0.001403838,0.018565368
688058.SH,宝兰德,北京,软件服务,20191101,5.631536,54.02257718,22.75714484,-0.00204299,0.038833981
688059.SH,华锐精密,湖南,机械基件,20210208,5.1280627,108.6061074,40.12836185,-0.001674867,0.032960594
688060.SH,云涌科技,江苏,IT设备,20200710,6.018636,48.94605369,12.76606206,-0.000943439,0.032030425
688061.SH,灿瑞科技,上海,半导体,20221018,-2.3041902,52.13598739,27.72194145,-0.002858635,0.033625509
688062.SH,迈威生物-U,上海,生物制药,20220118,4.419265,22.5053211,5.988378777,-3.09383E-05,0.031523508
688063.SH,派能科技,上海,电气设备,20201230,6.2462397,190.6374631,109.3154625,-0.002246491,0.040691383
688065.SH,凯赛生物,上海,化工原料,20200812,5.4360824,77.5922942,39.17239913,-0.001606347,0.027043301
688066.SH,航天宏图,北京,软件服务,20190722,5.631536,57.22171812,25.04787687,-0.001529246,0.038071259
688067.SH,爱威科技,湖南,医疗保健,20210616,6.0711374,21.20083221,4.183305158,-0.000910233,0.02551007
688068.SH,热景生物,北京,医疗保健,20190930,6.0711374,69.1755302,44.83809924,-0.002246231,0.042382556
688069.SH,德林海,江苏,环境保护,20200722,5.655056,28.75312752,12.11273353,-0.00169855,0.02726045
688070.SH,纵横股份,四川,航空,20210210,6.8991065,37.99598658,10.10268251,-0.000549601,0.037064041
688071.SH,华依科技,上海,专用机械,20210729,5.9916244,45.57837584,15.1268724,-0.001032351,0.042406087
688072.SH,拓荆科技,辽宁,半导体,20220420,-2.3041902,237.3368739,85.09399104,0.000459277,0.043675718
688073.SH,毕得医药,上海,化学制药,20221011,5.6343184,69.78349272,35.22540167,-0.00151542,0.03926701
688075.SH,安旭生物,浙江,医疗保健,20211118,6.0711374,88.82744253,64.305199,-0.001295498,0.047964263
688076.SH,诺泰生物,江苏,生物制药,20210520,4.419265,39.03685906,13.54505402,0.000301359,0.035984415
688077.SH,大地熊,安徽,矿物制品,20200722,5.8976912,44.86808054,25.12552204,-0.001723667,0.035782818
688078.SH,龙软科技,北京,软件服务,20191230,5.631536,42.05880537,12.76355756,-0.001353024,0.033484727
688079.SH,美迪凯,浙江,元器件,20210302,-1.3768502,10.67873826,2.520419409,-0.001125016,0.030948199
688080.SH,映翰通,北京,通信设备,20200212,5.876211,45.42377181,13.91913038,-0.001002521,0.03666702
688081.SH,兴图新科,湖北,软件服务,20200106,5.631536,17.94524832,5.523321934,-0.001577079,0.035070023
688082.SH,盛美上海,上海,半导体,20211118,-2.3041902,97.76435345,14.83498287,-0.000526651,0.034404908
688083.SH,中望软件,广东,软件服务,20210311,5.631536,182.7154899,95.03492403,-0.00254093,0.035185574
688084.SH,晶品特装,北京,专用机械,20221208,5.9916244,64.83799544,17.48440592,-0.001933088,0.031382661
688085.SH,三友医疗,上海,医疗保健,20200409,6.0711374,24.01453441,5.391919325,-0.000669536,0.027988273
688087.SH,英科再生,山东,环境保护,20210709,5.655056,44.06724832,22.34541187,-0.001586595,0.02811904
688088.SH,虹软科技,浙江,软件服务,20190722,5.631536,32.97899329,7.138342962,-0.000514109,0.033556769
688089.SH,嘉必优,湖北,食品,20191219,6.0406103,32.3737047,14.86527484,-0.00155954,0.033789985
688090.SH,瑞松科技,广东,专用机械,20200217,5.9916244,30.46208054,4.666246372,0.000151818,0.034355615
688091.SH,上海谊众,上海,化学制药,20210909,5.6343184,68.34277402,35.55663408,-0.000660916,0.040771061
688092.SH,爱科科技,浙江,专用机械,20210319,5.9916244,28.65645638,5.333110796,-0.000899789,0.029317629
688093.SH,世华科技,江苏,化工原料,20200930,5.4360824,22.17406711,7.646110032,-0.001238997,0.0296467
688095.SH,福昕软件,福建,软件服务,20200908,5.631536,91.52456376,37.97104795,-0.001532153,0.045272664
688096.SH,京源环保,江苏,环境保护,20200409,5.655056,10.91955705,3.331775406,-0.001317751,0.026898942
688097.SH,博众精工,江苏,专用机械,20210512,5.9916244,30.03734228,7.765473448,-0.00117154,0.03110299
688098.SH,申联生物,上海,农业综合,20191028,5.4254327,7.72766443,2.014358451,-0.001418182,0.020288567
688099.SH,晶晨股份,上海,半导体,20190808,-2.3041902,81.50289933,22.92581888,-0.000803921,0.028589507
688100.SH,威胜信息,湖南,通信设备,20200121,5.876211,27.78648322,5.330997277,0.000633148,0.028553677
688101.SH,三达膜,陕西,环境保护,20191115,5.655056,14.37014765,2.549283339,-0.000697303,0.023690572
688102.SH,斯瑞新材,陕西,铜,20220316,-2.2392933,12.97927184,2.886877136,-0.001523773,0.03868574
688103.SH,国力股份,江苏,元器件,20210910,-1.3768502,52.0003523,13.97039726,-0.001132697,0.037180727
688105.SH,诺唯赞,江苏,生物制药,20211115,4.419265,51.00765379,27.70519584,-0.002043461,0.03684865
688106.SH,金宏气体,江苏,化工原料,20200616,5.4360824,22.0574094,3.370963397,-0.000579242,0.025064986
688107.SH,安路科技,上海,半导体,20211112,-2.3041902,49.96007143,18.48530485,-0.001713287,0.038109119
688108.SH,赛诺医疗,天津,医疗保健,20191030,6.0711374,8.436080537,2.294649385,0.000176033,0.032481913
688109.SH,品茗科技,浙江,软件服务,20210330,5.631536,33.19026846,10.01031583,-0.001117627,0.03437856
688110.SH,东芯股份,上海,半导体,20211210,-2.3041902,31.03832353,7.132377057,-0.001486378,0.031447344
688111.SH,金山办公,北京,软件服务,20191118,5.631536,277.3033423,81.55736383,-0.000112104,0.033886599
688112.SH,鼎阳科技,深圳,电器仪表,20211201,5.9888244,59.38851528,25.32185811,-0.002140033,0.035993093
688113.SH,联测科技,江苏,专用机械,20210506,5.9916244,44.94987919,10.50742774,-0.001276174,0.029131097
688114.SH,华大智造,深圳,医疗保健,20220909,6.0711374,81.27812877,24.99934928,-0.001714724,0.033380076
688115.SH,思林杰,广东,电器仪表,20220314,5.9888244,34.81467213,9.926166659,-0.000767509,0.03342176
688116.SH,天奈科技,江苏,化工原料,20190925,5.4360824,78.75555705,53.15165182,-0.00245954,0.036661845
688117.SH,圣诺生物,四川,生物制药,20210603,4.419265,29.49377181,5.194475961,-0.000298121,0.036492098
688118.SH,普元信息,上海,软件服务,20191204,5.631536,21.74515436,5.794150996,-0.000657965,0.034499325
688119.SH,中钢洛耐,河南,其他建材,20220606,5.5222344,5.623551237,1.647839434,-0.002319266,0.022822365
688120.SH,华海清科,天津,半导体,20220608,-2.3041902,231.6820213,67.87656723,-0.000901657,0.039944844
688121.SH,卓然股份,上海,专用机械,20210906,5.9916244,23.36086253,7.844168162,-0.00168446,0.034484978
688122.SH,西部超导,陕西,小金属,20190722,-2.8607216,70.75586577,25.06826444,-0.001001089,0.028246676
688123.SH,聚辰股份,上海,半导体,20191223,-2.3041902,71.45695302,21.63994214,0.000178597,0.03958111
688125.SH,安达智能,广东,专用机械,20220415,5.9916244,43.05342809,11.96473308,-0.000839631,0.030345844
688126.SH,沪硅产业,上海,半导体,20200420,-2.3041902,20.20228188,4.370051875,-0.000852473,0.021866034
688127.SH,蓝特光学,浙江,元器件,20200921,-1.3768502,18.94369128,2.413795462,-0.000383479,0.032727528
688128.SH,中国电研,广东,专用机械,20191105,5.9916244,21.68096644,4.990527008,-0.001304902,0.029109111
688129.SH,东来技术,上海,染料涂料,20201023,5.8216114,14.70903356,1.951223942,-0.000634116,0.021525658
688130.SH,晶华微,浙江,半导体,20220729,-2.3041902,39.66104364,10.2101759,-0.002106684,0.032198172
688131.SH,皓元医药,上海,化学制药,20210608,5.6343184,114.1703673,86.01642174,-0.003381566,0.041511612
688132.SH,邦彦技术,深圳,通信设备,20220923,5.876211,21.57059426,4.633561863,-0.001079887,0.027981221
688133.SH,泰坦科技,上海,化工原料,20201030,5.4360824,108.1712349,65.63898074,-0.003538891,0.036539443
688135.SH,利扬芯片,广东,半导体,20201111,-2.3041902,28.06422819,9.384787048,-0.001395976,0.033958539
688136.SH,科兴制药,山东,生物制药,20201214,4.419265,22.22422819,5.098447869,-0.000962064,0.029382037
688137.SH,近岸蛋白,江苏,生物制药,20220929,4.419265,55.04173554,20.25822085,-0.001711902,0.029582793
688138.SH,清溢光电,深圳,半导体,20191120,-2.3041902,19.03420134,2.934179088,0.000130757,0.032227107
688139.SH,海尔生物,山东,医疗保健,20191025,6.0711374,58.92230872,21.93171047,-0.001932049,0.026809735
688141.SH,杰华特,浙江,半导体,20221223,-2.3041902,30.47168224,13.58940497,-0.002707266,0.039273665
688143.SH,长盈通,湖北,通信设备,20221212,5.876211,33.01659039,10.95864939,-0.002062607,0.035365623
688146.SH,中船特气,河北,半导体,20230421,-2.3041902,33.54691429,6.290289571,-0.001583272,0.028442138
688147.SH,微导纳米,江苏,专用机械,20221223,5.9916244,36.87698598,9.461435371,-0.000503467,0.036138572
688148.SH,芳源股份,广东,电气设备,20210806,6.2462397,14.82161074,9.036163654,-0.00255465,0.036072516
688150.SH,莱特光电,陕西,元器件,20220318,-1.3768502,20.36579545,3.406962648,-7.26294E-05,0.037289528
688151.SH,华强科技,湖北,医疗保健,20211206,6.0711374,20.56141813,5.813266033,-0.001639392,0.020832078
688152.SH,麒麟信安,湖南,软件服务,20221028,5.631536,107.7178205,68.23455386,-0.003524356,0.04336248
688153.SH,唯捷创芯,天津,半导体,20220412,-2.3041902,51.42885191,12.09923494,-0.000550879,0.035557564
688155.SH,先惠技术,上海,电气设备,20200811,6.2462397,70.28865772,28.75218536,-0.001609167,0.034410539
688156.SH,路德环境,湖北,饲料,20200922,6.365519,23.13502013,6.779328164,-0.000828042,0.026544578
688157.SH,松井股份,湖南,染料涂料,20200609,5.8216114,73.59140136,28.55914012,-0.00125178,0.032541367
688158.SH,优刻得-W,上海,软件服务,20200120,5.631536,17.19284564,6.347363877,-0.00155145,0.03476485
688159.SH,有方科技,深圳,通信设备,20200123,5.876211,28.18209396,9.123317471,0.000131788,0.03549395
688160.SH,步科股份,上海,电器仪表,20201112,5.9888244,41.63122148,12.53874496,-4.97993E-05,0.040527945
688161.SH,威高骨科,山东,医疗保健,20210630,6.0711374,46.87030872,15.42368699,-0.001325607,0.028950552
688162.SH,巨一科技,安徽,专用机械,20211110,5.9916244,44.12797721,22.09699308,-0.002273775,0.033661623
688163.SH,赛伦生物,上海,生物制药,20220311,4.419265,20.65008052,5.38857739,-0.001951643,0.027499901
688165.SH,埃夫特-U,安徽,专用机械,20200715,5.9916244,9.432832215,1.303688071,-0.000410292,0.027966971
688166.SH,博瑞医药,江苏,化学制药,20191108,5.6343184,26.9569396,5.882736158,-0.000194426,0.033313205
688167.SH,炬光科技,陕西,元器件,20211224,-1.3768502,105.868791,34.21521021,-0.002077934,0.03879471
688168.SH,安博通,北京,软件服务,20190906,5.631536,38.83581208,10.51593003,-0.000795253,0.033048766
688169.SH,石头科技,北京,家用电器,20200221,6.388499,422.1102148,201.3958891,-0.001892689,0.037001338
688170.SH,德龙激光,江苏,专用机械,20220429,5.9916244,38.62335034,12.29572754,-0.000478196,0.03855015
688171.SH,纬德信息,广东,软件服务,20220127,5.631536,21.16228748,4.595123174,-0.001438852,0.032717536
688172.SH,燕东微,北京,半导体,20221216,-2.3041902,18.85004619,3.617831609,-0.001083348,0.027048312
688173.SH,希荻微,广东,半导体,20220121,-2.3041902,20.47029186,6.988207963,-0.002358433,0.038782847
688175.SH,高凌信息,广东,通信设备,20220315,5.876211,29.62339257,8.470702878,-0.002034882,0.033353419
688176.SH,亚虹医药-U,江苏,化学制药,20220107,5.6343184,10.93288956,3.423631596,-0.00167927,0.028747434
688177.SH,百奥泰,广东,生物制药,20200221,4.419265,26.69055034,6.03205426,-0.000408029,0.0289102
688178.SH,万德斯,江苏,环境保护,20200114,5.655056,18.01844295,4.48716425,-0.001363527,0.022747047
688179.SH,阿拉丁,上海,化学制药,20201026,5.6343184,37.1650604,22.20437933,-0.002736885,0.040341866
688180.SH,君实生物-U,上海,生物制药,20200715,4.419265,50.75401342,18.58860205,-0.000968948,0.035393816
688181.SH,八亿时空,北京,元器件,20200106,-1.3768502,33.71778523,10.82956608,-0.001398178,0.027559225
688182.SH,灿勤科技,江苏,通信设备,20211116,5.876211,16.74838109,4.581983505,-0.000589475,0.038632976
688183.SH,生益电子,广东,元器件,20210225,-1.3768502,12.2197047,3.407140931,0.000655068,0.032127034
688184.SH,帕瓦股份,浙江,电气设备,20220919,6.2462397,25.13910569,9.530352435,-0.002382535,0.020777194
688185.SH,康希诺,天津,生物制药,20200813,4.419265,138.5101611,86.40281042,-0.002876399,0.036477015
688186.SH,广大特材,江苏,特种钢,20200211,-2.4360137,27.18585235,12.47297992,-0.002125402,0.032723909
688187.SH,时代电气,湖南,运输设备,20210907,6.052139,51.85435897,10.89866269,-0.000267604,0.032107008
688188.SH,柏楚电子,上海,专用机械,20190808,5.9916244,250.5423893,72.76933746,-0.001324441,0.030680264
688189.SH,南新制药,湖南,化学制药,20200326,5.6343184,15.4866443,8.130847938,-0.002106952,0.036586574
688190.SH,云路股份,山东,矿物制品,20211126,5.8976912,79.21843478,14.90987558,-0.000872911,0.029424959
688191.SH,智洋创新,山东,软件服务,20210408,5.631536,17.08169128,3.004277611,-0.000491192,0.034893373
688192.SH,迪哲医药-U,江苏,生物制药,20211210,4.419265,37.31041176,7.477712223,-0.000122879,0.029685444
688193.SH,仁度生物,上海,医疗保健,20220330,6.0711374,43.74547697,10.28821373,-0.001451062,0.024997489
688195.SH,腾景科技,福建,元器件,20210326,-1.3768502,27.91315436,6.350448304,0.00020291,0.042057668
688196.SH,卓越新能,福建,环境保护,20191121,5.655056,50.84157047,18.17588584,-0.001016243,0.028565884
688197.SH,首药控股-U,北京,化学制药,20220323,5.6343184,38.79097879,12.14033242,9.87305E-05,0.035508943
688198.SH,佰仁医疗,北京,医疗保健,20191209,6.0711374,140.211396,44.90884736,-0.001028737,0.029160149
688199.SH,久日新材,天津,化工原料,20191105,5.4360824,31.11820134,9.424914776,-0.001663966,0.02786487
688200.SH,华峰测控,北京,半导体,20200218,-2.3041902,259.799906,150.0322719,-0.002480708,0.038220349
688201.SH,信安世纪,北京,软件服务,20210421,5.631536,37.56040431,19.56667313,-0.002858055,0.04461724
688202.SH,美迪西,上海,医疗保健,20191105,6.0711374,219.6674765,190.4135782,-0.004087288,0.040570509
688203.SH,海正生材,浙江,塑料,20220816,6.4467297,13.26473786,3.566252663,-0.001656231,0.025864472
688205.SH,德科立,江苏,通信设备,20220809,5.876211,50.25178846,12.93925914,-0.001031774,0.040533954
688206.SH,概伦电子,上海,半导体,20211228,-2.3041902,25.60239521,7.809007808,-0.001553872,0.034007444
688207.SH,格灵深瞳,北京,软件服务,20220317,5.631536,23.51264182,8.959333339,-0.001865681,0.038814254
688208.SH,道通科技,深圳,IT设备,20200213,6.018636,36.25159732,16.13864864,-0.001488225,0.032245928
688209.SH,英集芯,深圳,半导体,20220419,-2.3041902,17.95196309,4.793004111,-0.001039195,0.031801163
688210.SH,统联精密,深圳,元器件,20211227,-1.3768502,24.11472347,5.054401721,-0.001312075,0.036151214
688211.SH,中科微至,江苏,专用机械,20211026,5.9916244,41.68298738,13.27756734,-0.001467536,0.022690696
688212.SH,澳华内镜,上海,医疗保健,20211115,6.0711374,54.94669528,11.13482585,0.000100554,0.031873626
688213.SH,思特威-W,上海,半导体,20220520,-2.3041902,49.13461806,5.732056269,-0.000274392,0.035681077
688215.SH,瑞晟智能,浙江,专用机械,20200828,5.9916244,31.37853691,5.992696822,-0.00110295,0.026872181
688216.SH,气派科技,深圳,半导体,20210623,-2.3041902,28.84548993,10.91264542,-0.001579433,0.037063132
688217.SH,睿昂基因,上海,医疗保健,20210517,6.0711374,40.9737047,14.5617417,-0.001843399,0.032045174
688218.SH,江苏北人,江苏,专用机械,20191211,5.9916244,17.91208054,4.356814227,-2.68913E-05,0.035714313
688219.SH,会通股份,安徽,塑料,20201118,6.4467297,9.804228188,1.569272647,-0.000893785,0.02297083
688220.SH,翱捷科技-U,上海,半导体,20220114,-2.3041902,62.50873476,15.56775878,-0.001792591,0.023978091
688221.SH,前沿生物-U,江苏,生物制药,20201028,4.419265,12.58955705,4.548748433,-0.001818568,0.032720156
688222.SH,成都先导,四川,化学制药,20200416,5.6343184,16.18167785,4.21641005,-0.001321825,0.031220711
688223.SH,晶科能源,江西,电气设备,20220126,6.2462397,11.7654784,3.37550199,-0.000548139,0.029686321
688225.SH,亚信安全,江苏,软件服务,20220209,5.631536,18.75839813,4.500650844,-0.001788793,0.031653997
688226.SH,威腾电气,江苏,电气设备,20210707,6.2462397,17.48185235,4.350076325,0.000107922,0.035051001
688227.SH,品高股份,广东,软件服务,20211230,5.631536,20.44397898,5.697331093,-0.001466099,0.030201304
688228.SH,开普云,广东,软件服务,20200327,5.631536,41.16139597,9.896479956,-0.000103355,0.03780076
688229.SH,博睿数据,北京,软件服务,20200817,5.631536,43.52888591,11.29439273,-0.000491985,0.03755522
688230.SH,芯导科技,上海,半导体,20211201,-2.3041902,61.40800582,30.94378065,-0.002565647,0.033966123
688231.SH,隆达股份,江苏,航空,20220722,6.8991065,26.03644737,9.5050203,-0.001985653,0.025219847
688232.SH,新点软件,江苏,软件服务,20211117,5.631536,40.4186944,13.01852271,-0.000863509,0.031944601
688233.SH,神工股份,辽宁,半导体,20200221,-2.3041902,44.74747651,21.32066728,-0.002022663,0.038118546
688234.SH,天岳先进,山东,半导体,20220112,-2.3041902,68.52898176,18.92316953,-0.000725022,0.034418385
688235.SH,百济神州-U,北京,生物制药,20211215,4.419265,126.2094092,19.08285057,-1.13462E-05,0.028090251
688236.SH,春立医疗,北京,医疗保健,20211230,6.0711374,22.723003,5.899072999,-0.001243276,0.029290191
688237.SH,超卓航科,湖北,航空,20220701,6.8991065,42.17186472,16.19533212,-0.002465142,0.03166422
688238.SH,和元生物,上海,医疗保健,20220322,6.0711374,14.41631922,7.764504806,-0.002542766,0.038430753
688239.SH,航宇科技,贵州,航空,20210705,6.8991065,56.97238926,16.37502514,-0.000925264,0.031872118
688244.SH,永信至诚,北京,软件服务,20221019,5.631536,57.15214737,21.66793963,-0.001799957,0.048426402
688246.SH,嘉和美康,北京,软件服务,20211214,5.631536,29.59834808,7.528954287,-0.001198607,0.032640605
688247.SH,宣泰医药,上海,化学制药,20220825,5.6343184,11.70084646,3.141263435,-0.000915461,0.03642003
688248.SH,南网科技,广东,电气设备,20211222,6.2462397,34.09186012,13.50308176,5.84511E-05,0.037853143
688249.SH,晶合集成,安徽,半导体,20230505,-2.3041902,16.42737609,2.196798866,-0.000714934,0.022236479
688251.SH,井松智能,安徽,专用机械,20220606,5.9916244,28.49256184,8.952950686,-0.002323905,0.034798251
688252.SH,天德钰,深圳,半导体,20220927,-2.3041902,17.93388889,3.023916403,-0.000478591,0.03484276
688253.SH,英诺特,北京,医疗保健,20220728,6.0711374,28.60969697,6.3097188,0.000347398,0.033023026
688255.SH,凯尔达,浙江,机械基件,20211025,5.1280627,30.08798319,8.531247432,-0.001324093,0.036577584
688256.SH,寒武纪-U,北京,半导体,20200720,-2.3041902,125.109396,60.91990728,0.001329727,0.043092826
688257.SH,新锐股份,江苏,机械基件,20211027,5.1280627,33.53571629,12.82262679,-0.001797346,0.030882388
688258.SH,卓易信息,江苏,软件服务,20191209,5.631536,44.45365101,15.7984423,-0.000484532,0.040173452
688259.SH,创耀科技,江苏,半导体,20220112,-2.3041902,67.47547112,17.23621045,-0.001561465,0.043046087
688260.SH,昀冢科技,江苏,元器件,20210406,-1.3768502,18.06544966,4.695450508,-0.000547696,0.041816892
688261.SH,东微半导,江苏,半导体,20220210,-2.3041902,152.7247508,84.35075551,-0.002092259,0.040758987
688262.SH,国芯科技,江苏,半导体,20220106,-2.3041902,37.81637462,15.15176463,-0.001544643,0.039648371
688265.SH,南模生物,上海,医疗保健,20211228,6.0711374,42.86908683,13.50053573,-0.001630545,0.025499647
688266.SH,泽璟制药-U,江苏,生物制药,20200123,4.419265,47.68292617,9.718980226,-0.000132474,0.029698287
688267.SH,中触媒,辽宁,化工原料,20220216,5.4360824,27.21550157,8.509382336,-0.001305654,0.027672234
688268.SH,华特气体,广东,化工原料,20191226,5.4360824,70.81765101,16.6452539,-0.000709614,0.032026478
688269.SH,凯立新材,陕西,化工原料,20210609,5.4360824,72.00318121,34.43897946,-0.002150523,0.030057198
688270.SH,臻镭科技,浙江,半导体,20220127,-2.3041902,67.29503864,29.23639792,-0.001360291,0.041034582
688271.SH,联影医疗,上海,医疗保健,20220822,6.0711374,141.9363601,28.01039459,-0.000892407,0.023584988
688272.SH,富吉瑞,北京,元器件,20211018,-1.3768502,24.5325802,11.22417764,-0.001614793,0.031923172
688273.SH,麦澜德,江苏,医疗保健,20220811,6.0711374,31.72223938,7.875345119,-0.001251927,0.029721513
688275.SH,万润新能,湖北,电气设备,20220929,6.2462397,97.3242562,65.05777588,-0.004145492,0.029425767
688276.SH,百克生物,吉林,生物制药,20210625,4.419265,56.30389262,14.72572302,-0.00150264,0.029650793
688277.SH,天智航-U,北京,医疗保健,20200707,6.0711374,14.45221477,4.835608184,-0.001861008,0.027502731
688278.SH,特宝生物,福建,生物制药,20200117,4.419265,40.31869799,11.85101233,0.001179982,0.029435853
688279.SH,峰岹科技,深圳,半导体,20220420,-2.3041902,95.12564706,18.06031447,0.000951533,0.032897866
688280.SH,精进电动-UW,北京,汽车配件,20211027,5.914197,8.87991573,3.644526712,-0.002053645,0.035226259
688281.SH,华秦科技,陕西,航空,20220307,6.8991065,208.130432,84.84555442,-0.001941819,0.037093968
688282.SH,*ST导航,北京,通信设备,20220318,5.876211,40.3561626,11.75236818,-0.001363099,0.033838435
688283.SH,坤恒顺维,四川,电器仪表,20220215,5.9888244,50.62302034,16.09706646,-0.000803314,0.038561373
688285.SH,高铁电气,陕西,运输设备,20211020,6.052139,8.429093445,1.136757438,-0.000649366,0.024727658
688286.SH,敏芯股份,江苏,半导体,20200810,-2.3041902,56.05981208,17.60949822,-0.001372381,0.036597464
688287.SH,ST观典,北京,航空,20220525,6.8991065,10.94673647,3.565530198,-0.002360909,0.032846791
688288.SH,鸿泉物联,浙江,IT设备,20191106,6.018636,22.47579866,7.039784194,-0.001262766,0.036765539
688289.SH,圣湘生物,湖南,医疗保健,20200828,6.0711374,28.63908725,14.41587368,-0.001767751,0.027099677
688290.SH,景业智能,浙江,专用机械,20220429,5.9916244,56.59831633,20.95334604,-0.000132828,0.037393172
688291.SH,金橙子,北京,软件服务,20221026,5.631536,25.49504255,6.16527229,-0.001512021,0.031217933
688292.SH,浩瀚深度,北京,通信设备,20220818,5.876211,23.17214425,7.976796751,-0.000522368,0.045708693
688293.SH,奥浦迈,上海,生物制药,20220902,4.419265,65.63472112,34.21675306,-0.002904048,0.037386134
688295.SH,中复神鹰,江苏,化纤,20220406,5.6056967,33.57557025,8.775683416,-0.001043576,0.026567372
688296.SH,和达科技,浙江,软件服务,20210727,5.631536,23.36957047,11.78065158,-0.00229146,0.03389278
688297.SH,中无人机,四川,航空,20220629,6.8991065,44.06413479,7.979137569,-0.00096718,0.024628618
688298.SH,东方生物,浙江,医疗保健,20200205,6.0711374,93.83593289,74.80821035,-0.002360965,0.039293586
688299.SH,长阳科技,浙江,元器件,20191106,-1.3768502,17.37485906,5.720162558,-0.001186221,0.026173761
688300.SH,联瑞新材,江苏,矿物制品,20191115,5.8976912,62.55438926,18.73314207,-0.000717125,0.0400703
688301.SH,奕瑞科技,上海,医疗保健,20200918,6.0711374,330.6857718,126.5795912,-0.001747439,0.037494485
688302.SH,海创药业-U,四川,生物制药,20220412,4.419265,42.10154742,11.93559544,3.18097E-05,0.039598141
688303.SH,大全能源,新疆,电气设备,20210722,6.2462397,45.31363758,16.06740758,-0.001735344,0.023852896
688305.SH,科德数控,辽宁,机床制造,20210709,-2.5901217,83.58053691,17.359292,-0.000968996,0.029371889
688306.SH,均普智能,浙江,专用机械,20220322,5.9916244,5.008680782,0.676585844,-0.000781973,0.02718746
688307.SH,中润光学,浙江,元器件,20230216,-1.3768502,27.31878481,6.902822938,-0.00231015,0.034709858
688308.SH,欧科亿,湖南,机械基件,20201210,5.1280627,49.35405369,21.59418123,-0.00209298,0.035669038
688309.SH,恒誉环保,山东,环境保护,20200714,5.655056,18.10985195,3.878343473,-0.000973876,0.026481732
688310.SH,迈得医疗,浙江,医疗保健,20191203,6.0711374,28.43942282,9.291670325,-0.001727749,0.036727831
688311.SH,盟升电子,四川,元器件,20200731,-1.3768502,55.52441611,20.00543583,-0.001501521,0.036762753
688312.SH,燕麦科技,深圳,专用机械,20200608,5.9916244,19.35174497,3.808517536,-0.000270131,0.02670023
688313.SH,仕佳光子,河南,通信设备,20200812,5.876211,11.52366443,2.071297349,-0.000306083,0.032258948
688314.SH,康拓医疗,陕西,医疗保健,20210518,6.0711374,42.02461745,15.655265,-0.001378555,0.032609717
688315.SH,诺禾致源,北京,医疗保健,20210413,6.0711374,26.12437584,10.00026494,-0.002139652,0.034598804
688316.SH,青云科技-U,北京,软件服务,20210316,5.631536,42.5295302,11.47627889,-0.001102083,0.04074045
688317.SH,之江生物,上海,医疗保健,20210118,6.0711374,31.16957047,12.50367109,-0.001536304,0.031423243
688318.SH,财富趋势,深圳,软件服务,20200427,5.631536,120.996349,27.45964338,-0.000245653,0.042800812
688319.SH,欧林生物,四川,生物制药,20210608,4.419265,18.50785235,7.094307441,-0.001605528,0.031181452
688320.SH,禾川科技,浙江,电器仪表,20220428,5.9888244,38.91181664,12.53399033,0.000503012,0.040076635
688321.SH,微芯生物,深圳,化学制药,20190812,5.6343184,24.58771812,5.823673175,-0.000978919,0.024679819
688322.SH,奥比中光-UW,深圳,元器件,20220707,-1.3768502,30.73289134,5.841562869,-0.000988649,0.040590059
688323.SH,瑞华泰,深圳,塑料,20210428,6.4467297,22.23455034,6.920340488,-0.001793345,0.031859049
688325.SH,赛微微电,广东,半导体,20220422,-2.3041902,42.01387858,9.262861555,-0.000813157,0.035778782
688326.SH,经纬恒润-W,北京,汽车配件,20220419,5.914197,122.9928859,43.62027057,-0.000566811,0.038840339
688327.SH,云从科技-UW,广东,软件服务,20220527,5.631536,19.00562172,8.805320725,-0.001400891,0.048730362
688328.SH,深科达,深圳,专用机械,20210309,5.9916244,25.40703356,8.382133789,-0.001406511,0.038526906
688329.SH,艾隆科技,江苏,专用机械,20210329,5.9916244,30.27828188,9.589046254,-0.001449666,0.03303681
688330.SH,宏力达,上海,电气设备,20201015,6.2462397,61.46739597,35.37565606,-0.00189989,0.028954673
688331.SH,荣昌生物,山东,生物制药,20220331,4.419265,55.64163097,15.93732778,-0.000485533,0.039751277
688332.SH,中科蓝讯,深圳,半导体,20220715,-2.3041902,62.76977654,10.13081769,-0.000396112,0.028956498
688333.SH,铂力特,陕西,机械基件,20190722,5.1280627,135.2641074,53.13143589,-0.00214645,0.0352796
688334.SH,西高院,陕西,电气设备,20230619,6.2462397,16.02025641,1.231782202,-0.000850913,0.020038233
688335.SH,复洁环保,上海,环境保护,20200817,5.655056,21.7385906,8.646137417,-0.001821841,0.029725495
688336.SH,三生国健,上海,生物制药,20200722,4.419265,18.16010738,3.229241562,-6.93964E-05,0.022754403
688337.SH,普源精电,江苏,电器仪表,20220408,5.9888244,59.46541315,27.2098922,-0.000527504,0.036770806
688338.SH,赛科希德,北京,医疗保健,20200806,6.0711374,35.67018792,9.656010731,-0.000984262,0.026330484
688339.SH,亿华通-U,北京,汽车配件,20200810,5.914197,98.95489933,74.70643361,-0.003364344,0.036335943
688343.SH,云天励飞-U,深圳,软件服务,20230404,5.631536,45.82425414,17.41927649,-0.003913211,0.040004053
688345.SH,博力威,广东,电气设备,20210611,6.2462397,43.14565101,18.45042326,-0.002053584,0.036083084
688347.SH,华虹公司,上海,半导体,20230807,-2.3041902,37.85924731,6.819841066,-0.001782114,0.026173072
688348.SH,昱能科技,浙江,电气设备,20220608,6.2462397,269.5294681,210.7814729,-0.003107356,0.045321274
688349.SH,三一重能,北京,电气设备,20220622,6.2462397,31.69516245,6.316386112,-0.000892803,0.023772072
688350.SH,富淼科技,江苏,化工原料,20210128,5.4360824,17.27810738,3.519485856,-0.001025117,0.023684151
688351.SH,微电生理-U,上海,医疗保健,20220831,6.0711374,21.99736111,3.40844122,0.00076176,0.035028853
688352.SH,颀中科技,安徽,半导体,20230420,-2.3041902,12.04421652,1.778845179,-0.001669893,0.029438466
688353.SH,华盛锂电,江苏,化工原料,20220713,5.4360824,45.01404453,26.84978778,-0.003469442,0.030748934
688355.SH,明志科技,江苏,机械基件,20210512,5.1280627,23.41280537,7.136455838,-0.0010869,0.036319612
688356.SH,键凯科技,北京,化学制药,20200826,5.6343184,156.3156242,77.78772965,-0.001974251,0.033967115
688357.SH,建龙微纳,河南,化工原料,20191204,5.4360824,89.17812081,51.19600742,-0.00248794,0.03655837
688358.SH,祥生医疗,江苏,医疗保健,20191203,6.0711374,37.43332886,8.018940444,-0.000952858,0.033060892
688359.SH,三孚新科,广东,化工原料,20210521,5.4360824,56.97885906,15.2948333,-0.000859367,0.037897602
688360.SH,德马科技,浙江,机械基件,20200602,5.1280627,23.0467619,6.238816511,-0.001078457,0.032044893
688361.SH,中科飞测,深圳,半导体,20230519,-2.3041902,65.19336336,12.00017129,-0.000720988,0.031953831
688362.SH,甬矽电子,浙江,半导体,20221116,-2.3041902,26.566,6.751499869,-0.000995143,0.038726812
688363.SH,华熙生物,山东,医疗保健,20191106,6.0711374,105.868443,37.24043172,-0.001538748,0.025909459
688365.SH,光云科技,浙江,软件服务,20200429,5.631536,10.85936913,3.586458028,-0.001079605,0.038107635
688366.SH,昊海生科,上海,医疗保健,20191030,6.0711374,97.08950336,24.6361615,-0.001321275,0.032290974
688367.SH,工大高科,安徽,运输设备,20210628,6.052139,17.53026846,3.595450857,-0.000725886,0.02538233
688368.SH,晶丰明源,上海,半导体,20191014,-2.3041902,147.3262953,85.54267745,-0.002739898,0.038185967
688369.SH,致远互联,北京,软件服务,20191031,5.631536,51.3913557,22.47101988,-0.002086064,0.034308534
688370.SH,丛麟科技,上海,环境保护,20220825,5.655056,27.75972441,8.805300264,-0.001960769,0.021427065
688371.SH,菲沃泰,江苏,元器件,20220802,-1.3768502,17.84685714,6.011250983,-0.001838015,0.035360121
688372.SH,伟测科技,上海,半导体,20221026,-2.3041902,85.37034043,32.31331506,-0.001935364,0.040864064
688373.SH,盟科药业-U,上海,化学制药,20220805,5.6343184,7.089559387,2.08613474,-0.001786256,0.03002716
688375.SH,国博电子,江苏,元器件,20220722,-1.3768502,80.48229323,19.65981335,-0.001648521,0.031089522
688376.SH,美埃科技,江苏,专用机械,20221118,5.9916244,33.99916115,4.024835148,-0.000523219,0.028653475
688377.SH,迪威尔,江苏,专用机械,20200708,5.9916244,25.62981208,9.181026351,-0.000325316,0.0302219
688378.SH,奥来德,吉林,专用机械,20200903,5.9916244,46.46716779,16.21294753,-0.001885168,0.041417128
688379.SH,华光新材,浙江,机械基件,20200819,5.1280627,18.1455302,2.786310529,-0.000653422,0.026591388
688380.SH,中微半导,深圳,半导体,20220805,-2.3041902,24.99444444,6.804032632,-0.001889432,0.029907792
688381.SH,帝奥微,江苏,半导体,20220823,-2.3041902,29.73860784,10.27090551,-0.002004597,0.030682519
688382.SH,益方生物-U,上海,生物制药,20220725,4.419265,13.27338983,3.748808842,-0.00112564,0.034877073
688383.SH,新益昌,深圳,专用机械,20210428,5.9916244,101.1816376,29.8489161,-0.001510871,0.037693763
688385.SH,复旦微电,上海,半导体,20210804,-2.3041902,50.66609396,15.99829687,-0.00063679,0.033486059
688386.SH,泛亚微透,江苏,化工原料,20201016,5.4360824,45.54304698,13.64309853,-0.001323934,0.032210061
688387.SH,信科移动-U,湖北,通信设备,20220926,5.876211,6.335318275,1.033158613,-7.04663E-06,0.025256488
688388.SH,嘉元科技,广东,电气设备,20190722,6.2462397,53.63826846,42.79080183,-0.003164793,0.033441127
688389.SH,普门科技,深圳,医疗保健,20191105,6.0711374,19.72379866,3.543007377,-0.000339196,0.0280566
688390.SH,固德威,江苏,电气设备,20200904,6.2462397,241.8139597,128.1474612,-0.002729056,0.048361168
688391.SH,钜泉科技,上海,半导体,20220913,-2.3041902,71.54548387,38.73510067,-0.003009709,0.038128454
688392.SH,骄成超声,上海,专用机械,20220927,5.9916244,88.75806584,39.60072008,-0.002598803,0.037397914
688393.SH,安必平,广东,医疗保健,20200820,6.0711374,23.58271141,4.682462293,-0.000879298,0.02805493
688395.SH,正弦电气,深圳,机械基件,20210429,5.1280627,21.26413423,4.593265387,-0.00102907,0.029228234
688396.SH,华润微,江苏,半导体,20200227,-2.3041902,52.09122148,9.496919718,-0.000867176,0.020706888
688398.SH,赛特新材,福建,矿物制品,20200211,5.8976912,33.70284564,9.141546669,-0.001676527,0.03424132
688399.SH,硕世生物,江苏,医疗保健,20191205,6.0711374,89.98869799,30.90652832,-0.000608281,0.029274925
688400.SH,凌云光,北京,专用机械,20220706,5.9916244,24.96878676,6.055244321,-0.001164358,0.03362745
688401.SH,路维光电,深圳,半导体,20220817,-2.3041902,35.18941634,10.41174262,-0.00189294,0.037818029
688403.SH,汇成股份,安徽,半导体,20220818,-2.3041902,10.36323587,2.058683224,-0.001596572,0.028177831
688408.SH,中信博,江苏,电气设备,20200828,6.2462397,99.15597315,40.72938411,-0.001342208,0.04199421
688409.SH,富创精密,辽宁,半导体,20221010,-2.3041902,85.82466805,30.78536763,-0.002099681,0.04105571
688410.SH,山外山,重庆,医疗保健,20221226,6.0711374,32.13266979,13.37712291,-0.002341915,0.045282427
688416.SH,恒烁股份,安徽,半导体,20220829,-2.3041902,48.91820158,14.97123969,-0.001312691,0.041043473
688418.SH,震有科技,深圳,通信设备,20200722,5.876211,15.07147651,3.912516958,5.77825E-05,0.038167446
688419.SH,耐科装备,安徽,半导体,20221107,-2.3041902,34.204329,6.747215243,-0.001302037,0.039209062
688420.SH,美腾科技,天津,专用机械,20221209,5.9916244,30.32068493,9.642238362,-0.002085798,0.024684187
688425.SH,铁建重工,湖南,工程机械,20210622,6.1479993,4.400604027,0.640569962,-0.00057529,0.016350142
688426.SH,康为世纪,江苏,生物制药,20221025,4.419265,30.675138,10.31726798,-0.001711891,0.037612321
688428.SH,诺诚健华-U,北京,生物制药,20220921,4.419265,11.082,2.160661983,0.000454133,0.032258372
688429.SH,时创能源,江苏,电气设备,20230629,6.2462397,19.15986928,4.432899504,-0.001875692,0.035158849
688432.SH,有研硅,北京,半导体,20221110,-2.3041902,12.96078431,2.985369243,-0.001416765,0.026387611
688433.SH,华曙高科,湖南,专用机械,20230417,5.9916244,26.19460452,6.166292773,-0.001659623,0.034774583
688435.SH,英方软件,上海,软件服务,20230119,5.631536,60.78839024,32.64266964,-0.003485477,0.038751731
688439.SH,振华风光,贵州,元器件,20220826,-1.3768502,91.76842209,24.07555333,-0.001339707,0.02784429
688443.SH,智翔金泰-U,重庆,生物制药,20230620,4.419265,32.91826367,4.580338015,-0.000863545,0.03544245
688448.SH,磁谷科技,江苏,专用机械,20220921,5.9916244,26.20597959,5.738744613,-0.000993819,0.030039793
688450.SH,光格科技,江苏,电器仪表,20230724,5.9888244,31.02103806,9.956202682,-0.002838729,0.034409659
688455.SH,科捷智能,山东,机械基件,20220915,5.1280627,12.36601215,2.762581048,-0.001751807,0.023073905
688456.SH,有研粉材,北京,铜,20210317,-2.2392933,28.92578523,3.941487964,-7.78417E-05,0.028220008
688458.SH,美芯晟,北京,半导体,20230522,-2.3041902,58.07442771,23.96426276,-0.003223888,0.042586027
688459.SH,哈铁科技,黑龙江,运输设备,20221012,6.052139,9.2153125,0.58637016,-0.000153356,0.015429334
688466.SH,金科环境,北京,环境保护,20200508,5.655056,17.02451007,3.407940492,-0.000928779,0.025655516
688468.SH,科美诊断,北京,医疗保健,20210409,6.0711374,11.31734228,3.600134506,-0.001455542,0.029158394
688469.SH,芯联集成-U,浙江,半导体,20230510,-2.3041902,4.875029412,0.747688867,-0.001514674,0.017119654
688472.SH,阿特斯,江苏,电气设备,20230609,6.2462397,12.90305031,2.224936068,-0.000251494,0.031602346
688475.SH,萤石网络,浙江,IT设备,20221228,6.018636,41.68792941,8.276799379,0.000388384,0.033422103
688478.SH,晶升股份,江苏,半导体,20230424,-2.3041902,38.50767908,9.483439986,-0.001536311,0.039045412
688479.SH,友车科技,上海,软件服务,20230511,5.631536,22.05327434,6.030743638,-0.001771422,0.023989346
688480.SH,赛恩斯,湖南,环境保护,20221125,5.655056,30.29131696,4.759525319,5.45353E-05,0.028793658
688484.SH,南芯科技,上海,半导体,20230407,-2.3041902,36.94508333,6.162087245,-0.001923741,0.031005686
688485.SH,九州一轨,北京,运输设备,20230118,6.052139,12.76990268,3.786469169,-0.002235987,0.025297984
688486.SH,龙迅股份,安徽,半导体,20230221,-2.3041902,86.64336735,20.71016,-0.001539295,0.04169258
688488.SH,艾迪药业,江苏,生物制药,20200720,4.419265,12.24208054,2.322996846,-0.001026082,0.030064595
688489.SH,三未信安,北京,IT设备,20221202,6.018636,60.12311512,35.32446714,-0.003171904,0.041068318
688496.SH,清越科技,江苏,元器件,20221228,-1.3768502,13.23218824,3.833694848,-0.000652616,0.046405321
688498.SH,源杰科技,陕西,半导体,20221221,-2.3041902,159.7135814,50.232226,-0.000275554,0.052936433
688499.SH,利元亨,广东,专用机械,20210701,5.9916244,130.6900403,94.00717374,-0.003625066,0.037196564
688500.SH,慧辰股份,北京,互联网,20200716,1.3198211,26.65177658,6.1973366,-9.32397E-05,0.031379712
688501.SH,青达环保,山东,环境保护,20210716,5.655056,19.3481745,5.343812536,-0.00048005,0.036016825
688502.SH,茂莱光学,江苏,元器件,20230309,-1.3768502,158.3540789,55.92988302,-0.002101999,0.044063707
688503.SH,聚和材料,江苏,电气设备,20221209,6.2462397,75.42079909,37.75254581,-0.003572821,0.040769582
688505.SH,复旦张江,上海,化学制药,20200619,5.6343184,9.779812081,2.259150323,-0.000959062,0.019149891
688506.SH,百利天恒-U,四川,化学制药,20230106,5.6343184,115.6206205,40.33744175,0.003892503,0.043841715
688507.SH,索辰科技,上海,软件服务,20230418,5.631536,110.6005382,51.3259921,-0.004684952,0.043260726
688508.SH,芯朋微,江苏,半导体,20200722,-2.3041902,68.04277852,28.19006926,-0.001840676,0.031264047
688509.SH,正元地信,北京,软件服务,20210730,5.631536,4.745302013,1.036568831,-0.000977691,0.027515073
688510.SH,航亚科技,江苏,航空,20201216,6.8991065,18.77865772,3.902367364,-0.001012293,0.028951383
688511.SH,天微电子,四川,元器件,20210730,-1.3768502,34.05559732,12.79868636,-0.00251677,0.03257959
688512.SH,慧智微-U,广东,半导体,20230516,-2.3041902,14.62032738,5.580286855,-0.002830727,0.038257273
688513.SH,苑东生物,四川,化学制药,20200902,5.6343184,51.78704698,7.352474522,-0.000337544,0.026063142
688515.SH,裕太微-U,江苏,半导体,20230210,-2.3041902,112.0847619,52.57117127,-0.003217173,0.039697417
688516.SH,奥特维,江苏,专用机械,20200521,5.9916244,179.7658389,89.38663919,-0.002159784,0.039121056
688517.SH,金冠电气,河南,电气设备,20210618,6.2462397,14.69175839,3.168914072,8.146E-06,0.0336629
688518.SH,联赢激光,深圳,专用机械,20200622,5.9916244,27.74818792,10.16957352,-0.001335605,0.034149705
688519.SH,南亚新材,上海,元器件,20200818,-1.3768502,27.28775839,8.226737859,-0.001149227,0.032370987
688520.SH,神州细胞-U,北京,生物制药,20200622,4.419265,53.23036242,10.54788495,-0.000515196,0.02825706
688521.SH,芯原股份,上海,半导体,20200818,-2.3041902,54.71484564,17.51188871,-0.001211337,0.032634775
688522.SH,纳睿雷达,广东,通信设备,20230301,5.876211,52.03963731,8.039462628,-0.000726666,0.038666827
688523.SH,航天环宇,湖南,航空,20230602,6.8991065,22.7077709,4.692023096,-0.002045763,0.038276553
688525.SH,佰维存储,深圳,半导体,20221230,-2.3041902,56.48446809,19.94852743,0.002714791,0.054956302
688526.SH,科前生物,湖北,农业综合,20200922,5.4254327,22.10378523,4.649307603,-0.000957778,0.025005873
688528.SH,秦川物联,四川,电器仪表,20200701,5.9888244,10.30837584,1.79696673,-0.000371086,0.026057524
688529.SH,豪森智能,辽宁,专用机械,20201109,5.9916244,24.0730604,6.229797459,-0.001216987,0.030696502
688530.SH,欧莱新材,广东,半导体,20240509,-2.3041902,18.86656566,2.802482559,-0.004725986,0.034493918
688531.SH,日联科技,江苏,专用机械,20230331,5.9916244,98.72782967,45.00802681,-0.004034913,0.035875071
688533.SH,上声电子,江苏,汽车配件,20210419,5.914197,43.37655034,14.87717016,0.000419389,0.04262904
688535.SH,华海诚科,江苏,半导体,20230404,-2.3041902,73.77116022,14.57276227,-0.000272032,0.051149024
688536.SH,思瑞浦,江苏,半导体,20200921,-2.3041902,330.0470204,226.7630399,-0.002630944,0.036211876
688538.SH,和辉光电-U,上海,半导体,20210528,-2.3041902,2.602469799,0.330052651,-0.000564834,0.012340896
688539.SH,高华科技,江苏,电器仪表,20230418,5.9888244,36.84487252,7.120185498,-0.001222567,0.033592683
688543.SH,国科军工,江西,专用机械,20230621,5.9916244,47.85690323,6.072253898,-0.000799206,0.031350193
688548.SH,广钢气体,广东,化工原料,20230815,5.4360824,10.45161172,1.823513588,-0.001882698,0.029426643
688549.SH,中巨芯-U,浙江,元器件,20230908,-1.3768502,7.398352941,1.556258268,-0.003637198,0.031178314
688550.SH,瑞联新材,陕西,化工原料,20200902,5.4360824,55.70974324,26.74468814,-0.001891252,0.034953937
688551.SH,科威尔,安徽,专用机械,20200910,5.9916244,48.89324832,11.50036633,-0.000894843,0.034314912
688552.SH,航天南湖,湖北,通信设备,20230518,5.876211,20.44592814,3.999459747,-0.001845516,0.026232396
688553.SH,汇宇制药-W,四川,化学制药,20211026,5.6343184,18.92368864,6.731536942,-0.001738209,0.020921173
688556.SH,高测股份,山东,专用机械,20200807,5.9916244,55.41237584,24.74602925,-0.002193454,0.042918336
688557.SH,兰剑智能,山东,专用机械,20201202,5.9916244,31.32020134,5.873211976,-0.00091418,0.027378833
688558.SH,国盛智科,江苏,机床制造,20200630,-2.5901217,32.34209396,9.504081872,-0.001635166,0.027799811
688559.SH,海目星,深圳,专用机械,20200909,5.9916244,50.98083221,17.07965339,-0.000718309,0.034559603
688560.SH,明冠新材,江西,电气设备,20201224,6.2462397,28.81426846,13.71318221,-0.001590231,0.03658831
688561.SH,奇安信-U,北京,软件服务,20200722,5.631536,54.15359732,20.10080051,-0.001587296,0.02693736
688562.SH,航天软件,北京,软件服务,20230524,5.631536,20.74190909,5.826689326,-0.00210683,0.030912415
688563.SH,航材股份,北京,航空,20230719,6.8991065,56.10496575,5.364726816,-0.000882963,0.019254739
688565.SH,力源科技,浙江,环境保护,20210513,5.655056,9.891261745,3.843201198,-0.00167953,0.034147118
688566.SH,吉贝尔,江苏,化学制药,20200518,5.6343184,24.18324832,5.003353867,-4.38752E-05,0.029583507
688567.SH,孚能科技,江西,电气设备,20200717,6.2462397,22.52448649,8.155076397,-0.001769384,0.029530652
688568.SH,中科星图,北京,软件服务,20200708,5.631536,59.18502013,14.07581209,-0.001075144,0.032672684
688569.SH,铁科轨道,北京,运输设备,20200831,6.052139,23.59777181,7.488480212,8.9278E-05,0.030741444
688570.SH,天玛智控,北京,专用机械,20230605,5.9916244,23.71838509,3.802929663,-0.002058493,0.020675342
688571.SH,杭华股份,浙江,染料涂料,20201211,5.8216114,7.070778523,1.050402476,-0.00071855,0.023278605
688573.SH,信宇人,深圳,专用机械,20230817,5.9916244,24.3902583,7.84804422,-0.003871772,0.047887804
688575.SH,亚辉龙,深圳,医疗保健,20210517,6.0711374,24.09414765,6.787648737,-0.000463022,0.034310559
688576.SH,西山科技,重庆,医疗保健,20230606,6.0711374,84.62582555,23.85772315,-0.003628413,0.026939495
688577.SH,浙海德曼,浙江,机床制造,20200916,-2.5901217,49.57234899,12.96439787,-0.000991017,0.037004935
688578.SH,艾力斯,上海,化学制药,20201202,5.6343184,32.09987919,12.50641345,0.000709184,0.029822568
688579.SH,山大地纬,山东,软件服务,20200717,5.631536,10.92065772,2.715138014,-0.000555259,0.03485847
688580.SH,伟思医疗,江苏,医疗保健,20200721,6.0711374,62.00985235,20.46152975,-0.001913897,0.033522666
688581.SH,安杰思,浙江,医疗保健,20230519,6.0711374,91.42624625,27.23824272,-0.002407029,0.035047433
688582.SH,芯动联科,安徽,电器仪表,20230630,5.9888244,34.65481967,4.906622946,-0.000848329,0.034100759
688584.SH,上海合晶,上海,半导体,20240208,-2.3041902,16.49771242,2.283047218,-0.002531058,0.023579819
688585.SH,上纬新材,上海,化工原料,20200928,5.4360824,8.348255034,1.748572279,-0.000925625,0.028907529
688586.SH,江航装备,安徽,航空,20200731,6.8991065,17.44991946,7.323077695,-0.001776348,0.030847792
688588.SH,凌志软件,江苏,软件服务,20200511,5.631536,12.02107383,3.040147523,-0.000903484,0.029267926
688589.SH,力合微,深圳,半导体,20200722,-2.3041902,38.26928859,9.387092382,-0.000785138,0.033787369
688590.SH,新致软件,上海,软件服务,20201207,5.631536,15.52128859,4.015412003,-0.000668371,0.038171788
688591.SH,泰凌微,上海,半导体,20230825,-2.3041902,23.6274717,6.512155419,-0.002240391,0.036951125
688592.SH,司南导航,上海,通信设备,20230816,5.876211,45.84533088,12.25927668,-0.002463914,0.040971168
688593.SH,新相微,上海,半导体,20230601,-2.3041902,12.71061728,3.529585473,-0.002156269,0.030835272
688595.SH,芯海科技,深圳,半导体,20200928,-2.3041902,50.95016107,27.02817003,-0.001833482,0.038388475
688596.SH,正帆科技,上海,专用机械,20200820,5.9916244,31.59284564,7.708484971,0.000264296,0.035264103
688597.SH,煜邦电力,北京,电器仪表,20210617,5.9888244,12.3024698,4.313094194,-0.000586986,0.036909111
688598.SH,金博股份,湖南,矿物制品,20200518,5.8976912,180.5620805,116.0381138,-0.004100875,0.038771334
688599.SH,天合光能,江苏,电气设备,20200610,6.2462397,47.42516779,20.58110173,-0.001496703,0.034037374
688600.SH,皖仪科技,安徽,电器仪表,20200703,5.9888244,19.57425503,5.66896745,-0.000278102,0.031498804
688601.SH,力芯微,江苏,半导体,20210628,-2.3041902,85.53680537,46.0456389,-0.001946894,0.039033068
688602.SH,康鹏科技,上海,化工原料,20230720,5.4360824,9.498728522,2.268376322,-0.002004509,0.039494269
688603.SH,天承科技,广东,化工原料,20230710,5.4360824,63.20063545,16.54699918,-0.001071961,0.040544553
688606.SH,奥泰生物,浙江,医疗保健,20210325,6.0711374,93.74048322,33.95151631,-0.000965626,0.038620899
688607.SH,康众医疗,江苏,医疗保健,20210201,6.0711374,22.68210738,8.982481546,-0.002082601,0.033146828
688608.SH,恒玄科技,上海,半导体,20201216,-2.3041902,154.8404698,50.55151252,-0.000649792,0.03186697
688609.SH,九联科技,广东,家用电器,20210323,6.388499,9.724120805,2.019010673,-0.000326513,0.039846821
688610.SH,埃科光电,安徽,电器仪表,20230719,5.9888244,41.66976027,12.2879022,-0.002882811,0.030370897
688611.SH,杭州柯林,浙江,电气设备,20210412,6.2462397,47.47587919,16.46081421,-0.000957578,0.037276508
688612.SH,威迈斯,深圳,汽车配件,20230726,5.914197,34.00445993,8.91215766,-0.002871714,0.030440846
688613.SH,奥精医疗,北京,医疗保健,20210521,6.0711374,28.78751678,14.5961078,-0.002028887,0.029745625
688615.SH,合合信息,上海,软件服务,20240926,5.631536,119.315,8.053946238,0.095534187,0
688616.SH,西力科技,浙江,电器仪表,20210318,5.9888244,11.71051007,1.633630846,-0.000707852,0.026630326
688617.SH,惠泰医疗,深圳,医疗保健,20210107,6.0711374,325.6734094,88.08572947,2.1295E-05,0.033342209
688618.SH,三旺通信,深圳,通信设备,20201230,5.876211,54.20006711,21.51913868,-0.000980708,0.039437586
688619.SH,罗普特,福建,软件服务,20210223,5.631536,13.79565101,4.620761282,-0.001670921,0.033171414
688620.SH,安凯微,广东,半导体,20230627,-2.3041902,10.20652597,2.694583046,-0.002143583,0.031613271
688621.SH,阳光诺和,北京,医疗保健,20210621,6.0711374,82.90080272,28.67831184,-0.001459064,0.03463689
688622.SH,禾信仪器,广东,电器仪表,20210913,5.9888244,35.23620081,13.94725285,-0.002096312,0.035445179
688623.SH,双元科技,浙江,专用机械,20230608,5.9916244,67.9123511,13.92890713,-0.002191709,0.017080033
688625.SH,呈和科技,广东,化工原料,20210607,5.4360824,43.43840268,7.822653192,-0.000646377,0.027605791
688626.SH,翔宇医疗,河南,医疗保健,20210331,6.0711374,40.1822953,9.138653092,-0.001147712,0.030259351
688627.SH,精智达,深圳,专用机械,20230718,5.9916244,67.00665529,19.99777018,-0.00166404,0.043278973
688628.SH,优利德,广东,电器仪表,20210201,5.9888244,34.23390604,7.048530612,0.000221475,0.030901402
688629.SH,华丰科技,四川,元器件,20230627,-1.3768502,24.02626623,3.427444992,-2.83125E-05,0.052515485
688630.SH,芯碁微装,安徽,专用机械,20210401,5.9916244,69.58896644,12.39470743,-0.000296559,0.036204723
688631.SH,莱斯信息,江苏,软件服务,20230628,5.631536,45.76889251,14.99965603,0.0020209,0.046635775
688633.SH,星球石墨,江苏,专用机械,20210324,5.9916244,41.36002685,14.84351882,-0.001728983,0.03495809
688636.SH,智明达,四川,元器件,20210408,-1.3768502,85.1377047,42.84391328,-0.002761625,0.040535643
688638.SH,誉辰智能,深圳,专用机械,20230712,5.9916244,48.55794613,15.64634093,-0.003941026,0.028624249
688639.SH,华恒生物,安徽,化学制药,20210422,5.6343184,111.1046577,35.02709864,-0.000804888,0.038170915
688646.SH,逸飞激光,湖北,专用机械,20230728,5.9916244,33.64021053,7.05922391,-0.002787494,0.033186401
688648.SH,中邮科技,上海,机床制造,20231113,-2.5901217,24.072,3.424633032,-0.002549482,0.041058929
688651.SH,盛邦安全,北京,软件服务,20230726,5.631536,38.69271777,12.03898982,-0.00236059,0.044491255
688652.SH,京仪装备,北京,半导体,20231129,-2.3041902,45.03546798,6.511081654,-0.001612914,0.03816707
688653.SH,康希通信,上海,半导体,20231117,-2.3041902,13.78511848,3.519171488,-0.003963708,0.04185081
688655.SH,迅捷兴,深圳,元器件,20210511,-1.3768502,13.5904698,3.214536526,-0.000965149,0.031985689
688656.SH,浩欧博,江苏,医疗保健,20210113,6.0711374,37.47253691,10.89939113,-0.001075151,0.028563157
688657.SH,浩辰软件,江苏,软件服务,20231010,5.631536,58.37920502,20.5782598,-0.004179997,0.036155497
688658.SH,悦康药业,北京,化学制药,20201224,5.6343184,19.67277852,3.076234333,-0.000303032,0.030860575
688659.SH,元琛科技,安徽,环境保护,20210331,5.655056,11.97131544,4.144823808,-0.001186161,0.038204089
688660.SH,电气风电,上海,电气设备,20210519,6.2462397,6.830577181,2.9973944,-0.00146626,0.026005369
688661.SH,和林微纳,江苏,元器件,20210329,-1.3768502,62.17136913,23.09818255,-0.001652209,0.042128318
688662.SH,富信科技,广东,元器件,20210401,-1.3768502,33.65244295,7.966126249,-0.000664517,0.040960725
688663.SH,新风光,山东,电气设备,20210413,6.2462397,33.57904698,10.7308518,-0.000468195,0.039627602
688665.SH,四方光电,湖北,电器仪表,20210209,5.9888244,95.68408054,41.66088155,-0.002186788,0.034610889
688667.SH,菱电电控,湖北,汽车配件,20210312,5.914197,95.11575839,39.88959947,-0.001611368,0.036648428
688668.SH,鼎通科技,广东,通信设备,20201221,5.876211,58.13198658,15.03547753,-0.000311835,0.046097713
688669.SH,聚石化学,广东,化工原料,20210125,5.4360824,22.43071141,8.183851881,-0.001425132,0.031669534
688670.SH,金迪克,江苏,生物制药,20210802,4.419265,42.0142953,20.78072089,-0.0027237,0.036177731
688671.SH,碧兴物联,深圳,环境保护,20230809,5.655056,29.78451264,13.24007493,-0.005238192,0.050563218
688676.SH,金盘科技,海南,电气设备,20210309,6.2462397,33.54867114,8.985748183,0.000682489,0.039187915
688677.SH,海泰新光,山东,医疗保健,20210226,6.0711374,75.44154362,27.85562245,-0.001461491,0.030669974
688678.SH,福立旺,江苏,元器件,20201223,-1.3768502,20.16793289,5.757728982,-0.001151285,0.039271655
688679.SH,通源环境,安徽,环境保护,20201225,5.655056,11.56412081,2.421520963,-0.000829418,0.024055905
688680.SH,海优新材,上海,塑料,20210122,6.4467297,141.2771544,84.33683573,-0.003102858,0.040889869
688681.SH,科汇股份,山东,电气设备,20210616,6.2462397,14.50672483,3.361497604,-0.000813451,0.02943945
688682.SH,霍莱沃,上海,软件服务,20210420,5.631536,78.40108725,37.62887514,-0.002195514,0.040832996
688683.SH,莱尔科技,广东,元器件,20210412,-1.3768502,21.82181208,3.66190683,-0.000522652,0.028433978
688685.SH,迈信林,江苏,航空,20210513,6.8991065,24.98312752,5.93107234,7.78404E-05,0.035272988
688686.SH,奥普特,广东,电器仪表,20201231,5.9888244,163.734604,86.31722405,-0.00277792,0.037622946
688687.SH,凯因科技,北京,生物制药,20210208,4.419265,23.90072483,4.802038155,-0.000126813,0.034330813
688689.SH,银河微电,江苏,半导体,20210127,-2.3041902,27.13154362,7.046709379,-0.000808792,0.031285775
688690.SH,纳微科技,江苏,化工原料,20210623,5.4360824,50.35734228,24.44534538,-0.00245129,0.028966448
688691.SH,灿芯股份,上海,半导体,20240411,-2.3041902,48.82965517,7.15873731,-0.001938192,0.037850694
688692.SH,达梦数据,湖北,软件服务,20240612,5.631536,224.6868421,17.25490092,0.001477587,0.04076756
688693.SH,锴威特,江苏,半导体,20230818,-2.3041902,37.42525926,13.29160776,-0.004305764,0.048736677
688695.SH,中创股份,山东,软件服务,20240313,5.631536,33.35,5.439811372,-0.004093481,0.037399451
688696.SH,极米科技,四川,家用电器,20210303,6.388499,229.0914631,153.3648288,-0.00269324,0.031725703
688697.SH,纽威数控,江苏,机床制造,20210917,-2.5901217,19.09317872,4.448675786,-0.000520581,0.032422914
688698.SH,伟创电气,江苏,电气设备,20201229,6.2462397,25.91307383,5.944950629,5.67452E-06,0.032163331
688699.SH,明微电子,深圳,半导体,20201218,-2.3041902,80.77515436,65.42385706,-0.003216752,0.038035478
688700.SH,东威科技,江苏,专用机械,20210615,5.9916244,75.22548993,38.93017201,-0.001307578,0.044642535
688701.SH,卓锦股份,浙江,环境保护,20210916,5.655056,9.386757493,2.844475866,-0.001751058,0.031680851
688702.SH,盛科通信-U,江苏,半导体,20230914,-2.3041902,42.1538247,6.813525527,-0.00192455,0.03970179
688707.SH,振华新材,贵州,电气设备,20210914,6.2462397,36.56125,18.82298946,-0.002118332,0.033216928
688709.SH,成都华微,四川,半导体,20240207,-2.3041902,19.41506494,2.873523547,-0.001163159,0.032334584
688710.SH,益诺思,上海,生物制药,20240903,4.419265,24.79411765,1.400553725,-0.000886209,0.037231279
688711.SH,宏微科技,江苏,半导体,20210901,-2.3041902,68.02421477,35.83583286,-0.002214891,0.04302371
688716.SH,中研股份,吉林,化工原料,20230920,5.4360824,26.02441296,6.400740712,-0.002219281,0.039196475
688717.SH,艾罗能源,浙江,电气设备,20240103,6.2462397,69.82435754,14.46027289,-0.001970212,0.050505648
688718.SH,唯赛勃,上海,塑料,20210728,6.4467297,17.84037584,6.582396214,-0.001818021,0.03221719
688719.SH,爱科赛博,陕西,电气设备,20230928,6.2462397,46.04377593,16.62876079,-0.004222636,0.040222418
688720.SH,艾森股份,江苏,半导体,20231206,-2.3041902,39.56782828,8.725563635,-0.003039232,0.047949131
688721.SH,龙图光罩,深圳,半导体,20240806,-2.3041902,28.22405405,2.233785352,-0.005510585,0.039262625
688722.SH,同益中,北京,化纤,20211019,5.6056967,15.07977716,3.412361719,-0.000548525,0.027939711
688728.SH,格科微,上海,半导体,20210818,-2.3041902,19.08567785,5.599507933,-0.001295674,0.024042967
688733.SH,壹石通,安徽,矿物制品,20210817,5.8976912,43.34771812,22.07269455,-0.002249327,0.035274684
688737.SH,中自科技,四川,汽车配件,20211022,5.914197,34.16862937,11.33860063,-0.002184398,0.031514845
688739.SH,成大生物,辽宁,生物制药,20211028,4.419265,40.28479606,15.61155418,-0.001614221,0.017201253
688766.SH,普冉股份,上海,半导体,20210823,-2.3041902,170.1372483,98.00694817,-0.002446304,0.042609888
688767.SH,博拓生物,浙江,医疗保健,20210908,6.0711374,45.90833784,20.15355513,-0.001421375,0.034679196
688768.SH,容知日新,安徽,电器仪表,20210726,5.9888244,76.05589262,39.09557645,-0.002046272,0.037142829
688772.SH,珠海冠宇,广东,电气设备,20211015,6.2462397,24.09215278,10.78916245,-0.001108057,0.033705934
688776.SH,国光电气,四川,元器件,20210831,-1.3768502,131.860698,58.11802096,-0.001569388,0.036828047
688777.SH,中控技术,浙江,专用机械,20201124,5.9916244,67.8937047,21.97582531,-0.001144352,0.027292892
688778.SH,厦钨新能,福建,电气设备,20210805,6.2462397,70.97056376,34.34164387,-0.00198536,0.034184589
688779.SH,五矿新能,湖南,电气设备,20210811,6.2462397,13.62432215,6.750817283,-0.002321242,0.025230525
688786.SH,悦安新材,江西,小金属,20210826,-2.8607216,42.71544966,9.680765368,-0.001292331,0.033840161
688787.SH,海天瑞声,北京,软件服务,20210813,5.631536,80.17651007,40.34001838,-0.001079122,0.050553167
688788.SH,科思科技,深圳,通信设备,20201022,5.876211,54.54544966,36.49321701,-0.002559007,0.032871796
688789.SH,宏华数科,浙江,专用机械,20210708,5.9916244,150.7713289,61.54902134,-0.001809129,0.035970818
688793.SH,倍轻松,深圳,家用电器,20210715,6.388499,49.68660403,21.08924837,-0.001499795,0.036007721
688798.SH,艾为电子,上海,半导体,20210816,-2.3041902,108.586953,55.68438698,-0.002057262,0.035196358
688799.SH,华纳药厂,湖南,化学制药,20210713,5.6343184,38.65426846,4.9129552,0.00015808,0.024960092
688800.SH,瑞可达,江苏,元器件,20210722,-1.3768502,77.23967785,41.06701942,-0.001805803,0.039718345
688819.SH,天能股份,浙江,电气设备,20210118,6.2462397,34.33060403,6.411921863,-0.000607548,0.024134033
688981.SH,中芯国际,上海,半导体,20200716,-2.3041902,47.86087248,5.753218166,-0.000151872,0.020267979
830779.BJ,武汉蓝电,湖北,电器仪表,20230601,5.9888244,27.46340426,5.639670652,-0.001224322,0.040314129
830799.BJ,艾融软件,上海,软件服务,20200727,5.631536,9.939087248,3.197256086,-0.000233874,0.038327691
830809.BJ,安达科技,贵州,电气设备,20230323,6.2462397,9.687879747,5.545641592,-0.001134973,0.043418817
830832.BJ,齐鲁华信,山东,化工原料,20210223,5.4360824,5.577610738,1.542603035,-0.000498467,0.027539805
830839.BJ,万通液压,山东,工程机械,20201109,6.1479993,8.277436242,2.075165949,0.000249338,0.027487018
830879.BJ,基康仪器,北京,电器仪表,20221220,5.9888244,7.711327968,1.42813515,0.001363513,0.036533448
830896.BJ,旺成科技,重庆,汽车配件,20230419,5.914197,6.706853333,1.994286013,0.001993243,0.056550342
830946.BJ,森萱医药,江苏,化学制药,20200727,5.6343184,9.422684564,4.039656683,0.00047261,0.048851764
830964.BJ,润农节水,河北,建筑工程,20200727,6.1645865,3.576134228,0.715353197,-0.000427631,0.022415138
830974.BJ,凯大催化,浙江,化工原料,20230308,5.4360824,10.09457195,5.663846096,-0.002455386,0.050312534
831010.BJ,凯添燃气,宁夏,供气供热,20200727,5.345988,4.343315436,0.934606834,-1.96699E-05,0.031405047
831039.BJ,国义招标,广东,建筑工程,20210818,6.1645865,6.230488467,1.644851331,-0.000274172,0.032003213
831087.BJ,秋乐种业,河南,种植业,20221207,0.24632932,7.217168142,1.602227368,-0.001140054,0.041748835
831152.BJ,昆工科技,云南,小金属,20220901,-2.8607216,16.0986789,5.597099047,-0.000383527,0.052978354
831167.BJ,鑫汇科,深圳,元器件,20220527,-1.3768502,11.93380098,3.807889523,-0.001186172,0.048217311
831175.BJ,派诺科技,广东,电气设备,20231214,6.2462397,12.00752604,2.970895176,0.000755505,0.054500517
831195.BJ,三祥科技,山东,汽车配件,20221230,5.914197,8.653895254,2.225004008,0.00108045,0.035997514
831278.BJ,泰德股份,山东,汽车配件,20220620,5.914197,3.99317817,1.071752709,0.001037733,0.049119803
831304.BJ,迪尔化工,山东,化工原料,20230418,5.4360824,5.308022989,1.701026594,0.003065911,0.094668896
831305.BJ,海希通讯,上海,电器仪表,20211105,5.9888244,12.01421277,6.398194213,-0.001731485,0.039211876
831370.BJ,新安洁,重庆,环境保护,20200727,5.655056,3.196805369,1.204442603,-0.001474494,0.026018933
831396.BJ,许昌智能,河南,电气设备,20240126,6.2462397,5.21102981,0.884316256,0.000156353,0.108082561
831445.BJ,龙竹科技,福建,家居用品,20200727,5.7977047,9.065100671,5.974557303,-0.001871363,0.035007298
831526.BJ,凯华材料,天津,化工原料,20221222,5.4360824,11.87871951,8.331287812,0.00396416,0.067704581
831627.BJ,力王股份,广东,电气设备,20230907,6.2462397,12.49369272,4.357895984,-5.89704E-05,0.077687995
831641.BJ,格利尔,江苏,矿物制品,20221202,5.8976912,8.122068345,1.942896473,0.000791972,0.060157251
831689.BJ,克莱特,山东,专用机械,20220321,5.9916244,10.03053681,1.906886103,0.000543019,0.029860725
831726.BJ,朱老六,吉林,食品,20210527,6.0406103,10.3010604,2.45044166,-0.000122782,0.030155219
831768.BJ,拾比佰,广东,家用电器,20210628,6.388499,6.454577181,3.186385119,-0.000711527,0.033133272
831832.BJ,科达自控,山西,软件服务,20211115,5.631536,13.0202289,2.667861888,-0.001216145,0.02615297
831834.BJ,三维股份,江苏,塑料,20220822,6.4467297,4.688982387,1.163762888,-0.000193393,0.038057355
831855.BJ,浙江大农,浙江,机床制造,20221229,-2.5901217,8.303946188,3.007287947,-4.42266E-05,0.081827619
831856.BJ,浩淼科技,安徽,专用机械,20201225,5.9916244,6.086585034,1.555861348,-0.000290868,0.028066267
831906.BJ,舜宇精工,浙江,汽车配件,20230222,5.914197,13.27597531,3.863190321,-0.001935611,0.071238171
831961.BJ,创远信科,上海,电器仪表,20200727,5.9888244,13.28975839,5.285234524,-0.001363061,0.03488068
832000.BJ,安徽凤凰,安徽,汽车配件,20201223,5.914197,6.66314094,1.729977178,0.000192488,0.033643057
832023.BJ,田野股份,广西,食品,20230202,6.0406103,3.186442142,0.620730777,-0.000104185,0.031061902
832089.BJ,禾昌聚合,江苏,塑料,20211109,6.4467297,11.42765292,2.568100395,-0.000945693,0.025870065
832110.BJ,雷特科技,广东,电气设备,20221206,6.2462397,16.59625698,2.875008104,0.000847138,0.070843982
832145.BJ,恒合股份,北京,环境保护,20211115,5.655056,6.187496423,2.332005826,-0.001891293,0.029545572
832149.BJ,利尔达,浙江,元器件,20230217,-1.3768502,5.816886633,1.863894625,-0.000311767,0.038987715
832171.BJ,志晟信息,河北,软件服务,20211115,5.631536,7.481206897,4.440411347,-0.001504751,0.049710787
832175.BJ,东方碳素,河南,化工原料,20230630,5.4360824,9.219386107,1.939891135,0.000817587,0.042576268
832225.BJ,利通科技,河南,橡胶,20210225,6.791621,9.516174497,3.953037759,0.000319936,0.035712237
832278.BJ,鹿得医疗,江苏,医疗保健,20200727,6.0711374,6.310872483,1.900544041,-0.001114723,0.034464393
832419.BJ,路斯股份,山东,饲料,20220311,6.365519,7.265877617,1.716099594,0.000197575,0.023967694
832469.BJ,富恒新材,深圳,塑料,20230918,6.4467297,8.555718085,3.289884539,0.000338704,0.083847491
832471.BJ,美邦科技,河北,化工原料,20230525,5.4360824,10.4910099,3.364590586,0.000977863,0.048165743
832491.BJ,奥迪威,广东,元器件,20220614,-1.3768502,12.66985849,3.050163462,-1.37538E-05,0.040747604
832522.BJ,纳科诺尔,河北,专用机械,20231116,5.9916244,14.30828037,3.214818807,0.001833699,0.04185144
832566.BJ,梓橦宫,四川,化学制药,20210813,5.6343184,9.452161074,4.112592422,-0.000727953,0.037407964
832651.BJ,天罡股份,山东,电器仪表,20230627,5.9888244,13.97671141,2.106950097,-0.000169299,0.055040019
832662.BJ,方盛股份,江苏,机械基件,20221128,5.1280627,10.09814196,2.669564883,-0.001008801,0.068368639
832735.BJ,德源药业,江苏,化学制药,20210219,5.6343184,23.43977181,4.94746099,0.000255655,0.026587766
832786.BJ,骑士乳业,内蒙,乳制品,20231013,0.12147639,4.959308756,1.126268536,0.001206906,0.035509625
832802.BJ,保丽洁,江苏,环境保护,20230206,5.655056,9.057567568,2.44005979,-0.001224028,0.045260982
832876.BJ,慧为智能,深圳,元器件,20221109,-1.3768502,8.722118227,2.33137241,0.001034839,0.044740653
832885.BJ,星辰科技,广西,电器仪表,20210708,5.9888244,11.50300671,5.904106675,-0.001607199,0.045737897
832978.BJ,开特股份,湖北,汽车配件,20230928,5.914197,7.043866906,3.227071689,0.002066824,0.039689897
832982.BJ,锦波生物,山西,医疗保健,20230720,6.0711374,166.776588,49.20334118,0.001771293,0.035253866
833030.BJ,立方控股,浙江,软件服务,20231102,5.631536,14.13458647,5.898434971,-0.002479005,0.072324648
833075.BJ,柏星龙,深圳,广告包装,20221214,6.04935,10.41876686,1.886592611,0.001310716,0.065629248
833171.BJ,国航远洋,福建,水运,20221215,5.862221,4.468946396,1.374088721,0.000355968,0.075165949
833230.BJ,欧康医药,四川,生物制药,20221209,4.419265,10.6508284,2.636469467,0.001155743,0.062864054
833266.BJ,生物谷,云南,中成药,20200727,0.30637786,8.724161074,2.299450583,-0.000449233,0.033290955
833284.BJ,灵鸽科技,江苏,专用机械,20231219,5.9916244,8.836735751,2.949772118,-0.000142359,0.080203985
833346.BJ,威贸电子,上海,元器件,20220223,-1.3768502,8.907772512,2.396848656,-2.96726E-05,0.035431254
833394.BJ,民士达,山东,造纸,20230425,5.979003,15.01829574,3.430024115,-0.002787489,0.097600665
833427.BJ,华维设计,江西,建筑工程,20210205,6.1645865,7.814134228,2.50761573,3.91034E-05,0.031825032
833429.BJ,康比特,北京,食品,20221215,6.0406103,9.061163311,1.93904257,-1.2399E-05,0.038206868
833454.BJ,同心传动,河南,汽车配件,20211115,5.914197,7.638912732,2.419771762,-0.001384777,0.04027812
833455.BJ,汇隆活塞,辽宁,专用机械,20230621,5.9916244,3.906923077,0.771438807,0.00279669,0.073586461
833509.BJ,同惠电子,江苏,电器仪表,20210111,5.9888244,11.82314094,3.624721801,-0.000656033,0.0340944
833523.BJ,德瑞锂电,广东,电气设备,20210603,6.2462397,14.94805369,5.396571651,-0.000161173,0.037869152
833533.BJ,骏创科技,江苏,汽车配件,20220524,5.914197,15.16077966,3.564001881,-0.000323181,0.050950195
833575.BJ,康乐卫士,北京,生物制药,20230315,4.419265,33.90566929,24.28920622,-0.002427965,0.0504221
833580.BJ,科创新材,河南,其他建材,20220513,5.5222344,5.167125645,1.082955168,-0.001017147,0.040660215
833751.BJ,惠同新材,湖南,小金属,20230717,-2.8607216,7.370561224,1.276020562,0.001393301,0.044820663
833781.BJ,瑞奇智造,四川,专用机械,20221226,5.9916244,5.135451128,0.989291812,-2.52788E-05,0.050207105
833819.BJ,颖泰生物,北京,农药化肥,20200727,4.9359045,4.773852349,1.084696605,-0.001100181,0.020171668
833873.BJ,中设咨询,重庆,建筑工程,20211115,6.1645865,3.945193133,1.244413677,-0.001748497,0.029824681
833914.BJ,远航精密,江苏,小金属,20221111,-2.8607216,12.28648352,4.489687051,-0.000804963,0.026837208
833943.BJ,优机股份,四川,机械基件,20220624,5.1280627,8.50754955,1.750898412,-0.000299738,0.057444036
834014.BJ,特瑞斯,江苏,专用机械,20221213,5.9916244,11.01344523,3.610073905,-3.7883E-05,0.038352895
834021.BJ,流金科技,北京,影视音像,20200727,5.3885503,3.888483221,1.208009441,-0.000795524,0.040289194
834033.BJ,康普化学,重庆,化工原料,20221221,5.4360824,28.10670913,9.436519508,0.000855442,0.079430499
834058.BJ,华洋赛车,浙江,摩托车,20230810,0.30112803,18.95019231,8.771854396,0.004309487,0.101696216
834062.BJ,科润智控,浙江,电气设备,20220713,6.2462397,5.499220779,0.757266745,0.000331584,0.031431283
834261.BJ,一诺威,山东,化工原料,20230403,5.4360824,15.10566474,11.711255,-0.002221574,0.046675887
834407.BJ,驰诚股份,河南,电器仪表,20230216,5.9888244,8.628649237,2.492802549,-5.1267E-05,0.060152741
834415.BJ,恒拓开源,河南,软件服务,20200727,5.631536,4.93109589,1.253315232,0.000333486,0.035452312
834475.BJ,三友科技,浙江,专用机械,20200727,5.9916244,7.947369128,2.628565536,-0.001620159,0.040217815
834599.BJ,同力股份,陕西,工程机械,20210222,6.1479993,8.153006711,1.144433621,0.000249801,0.021765532
834639.BJ,晨光电缆,浙江,电气设备,20220712,6.2462397,4.251786311,0.578878209,0.000101379,0.036559582
834682.BJ,球冠电缆,浙江,电气设备,20200727,6.2462397,5.929986577,1.089477839,-0.000546736,0.024573142
834765.BJ,美之高,深圳,家居用品,20210705,5.7977047,6.848161074,1.562493863,5.10225E-05,0.032527617
834770.BJ,艾能聚,浙江,电气设备,20230228,6.2462397,5.76604811,1.315380033,0.00027317,0.04597788
834950.BJ,迅安科技,江苏,元器件,20230111,-1.3768502,13.46040865,3.528601563,-0.0002642,0.036846048
835174.BJ,五新隧装,湖南,工程机械,20210820,6.1479993,14.27249664,5.754400158,0.000930165,0.039166669
835179.BJ,凯德石英,北京,矿物制品,20220304,5.8976912,19.09043131,2.252144146,-0.000421511,0.026228101
835184.BJ,国源科技,北京,软件服务,20200727,5.631536,6.114832215,1.627242293,-0.000368108,0.029140727
835185.BJ,贝特瑞,深圳,化工原料,20200727,5.4360824,56.26077852,45.94431607,-0.002195959,0.03606545
835207.BJ,众诚科技,河南,软件服务,20220923,5.631536,8.270811688,2.455266712,0.000416671,0.053424856
835237.BJ,力佳科技,湖北,电气设备,20221125,6.2462397,14.8,4.823566074,-3.2136E-05,0.059456677
835305.BJ,云创数据,江苏,软件服务,20210826,5.631536,14.23884564,3.962263223,-0.00074594,0.042515544
835368.BJ,连城数控,辽宁,专用机械,20200727,5.9916244,56.43204027,25.13891275,-0.001956822,0.028430373
835438.BJ,戈碧迦,湖北,元器件,20240325,-1.3768502,9.822657895,4.317344114,0.002782499,0.075597842
835508.BJ,殷图网联,北京,电气设备,20200727,6.2462397,9.667610738,3.851167737,0.000800264,0.043576948
835579.BJ,机科股份,北京,机械基件,20231130,5.1280627,13.81955307,3.789718927,0.002692503,0.054809244
835640.BJ,富士达,陕西,通信设备,20200727,5.876211,16.66620134,2.998420899,-0.000849164,0.024849628
835670.BJ,数字人,山东,软件服务,20201208,5.631536,12.20774497,5.054588968,-6.88759E-05,0.04547602
835857.BJ,百甲科技,江苏,钢加工,20230314,-2.7339256,3.808455598,0.94710693,6.52051E-05,0.038046159
835892.BJ,中科美菱,安徽,医疗保健,20221018,6.0711374,10.20972689,2.360336668,-0.00130802,0.037980728
835985.BJ,海泰新能,河北,电气设备,20220808,6.2462397,7.503424879,2.3014881,-0.000327325,0.036767908
836077.BJ,吉林碳谷,吉林,化纤,20210831,5.6056967,34.64897987,19.32507298,-0.001182263,0.03987729
836149.BJ,旭杰科技,江苏,建筑工程,20200727,6.1645865,5.615463087,1.749052072,0.000120199,0.036816071
836208.BJ,青矩技术,北京,建筑工程,20230629,6.1645865,32.07579288,6.977115592,-0.002616697,0.040657845
836221.BJ,易实精密,江苏,汽车配件,20230608,5.914197,11.03293651,3.304062543,0.002491914,0.079607351
836239.BJ,长虹能源,四川,电气设备,20210209,6.2462397,39.07544098,37.84349354,-0.002129588,0.039791549
836247.BJ,华密新材,河北,橡胶,20221223,6.791621,11.7134873,6.523994678,0.005274941,0.079821574
836260.BJ,中寰股份,四川,专用机械,20211115,5.9916244,7.890500715,4.250287859,-0.002293896,0.037121732
836263.BJ,中航泰达,北京,环境保护,20200727,5.655056,5.626693878,1.061656632,-0.000160819,0.031982689
836270.BJ,天铭科技,浙江,汽车配件,20220902,5.914197,12.57044231,3.35062511,-0.00059725,0.054396996
836395.BJ,朗鸿科技,浙江,IT设备,20220901,6.018636,10.55041818,4.709939806,0.0001476,0.060442603
836414.BJ,欧普泰,上海,电器仪表,20221212,5.9888244,18.93941957,11.70034163,-0.001768622,0.055594243
836419.BJ,万德股份,陕西,化工原料,20230915,5.4360824,8.406909722,1.898908498,-0.002277559,0.073815598
836422.BJ,润普食品,江苏,食品,20230301,6.0406103,7.147540603,2.865076156,-0.000913039,0.066947997
836433.BJ,大唐药业,内蒙,中成药,20200727,0.30637786,5.083033557,2.222591104,-0.001175922,0.045372696
836504.BJ,博迅生物,上海,医疗保健,20230817,6.0711374,11.29317073,3.40929467,-4.30061E-05,0.055323666
836547.BJ,无锡晶海,江苏,化学制药,20231212,5.6343184,18.76808081,5.529326737,0.001341476,0.074171408
836675.BJ,秉扬科技,四川,矿物制品,20201228,5.8976912,6.04685906,1.674156604,-0.000689902,0.026725258
836699.BJ,海达尔,江苏,家用电器,20230509,6.388499,13.94527859,3.865858362,0.000822735,0.053423065
836717.BJ,瑞星股份,河北,专用机械,20230703,5.9916244,5.739713376,1.737621372,-0.001988329,0.098119837
836720.BJ,吉冈精密,江苏,机械基件,20211124,5.1280627,11.56682081,4.967463254,-0.001852996,0.047533158
836807.BJ,奔朗新材,广东,机械基件,20221220,5.1280627,6.824197292,3.396189267,-0.001449705,0.040551896
836826.BJ,盖世食品,辽宁,食品,20210112,6.0406103,8.847758389,2.731492206,0.000179478,0.046105823
836871.BJ,派特尔,广东,塑料,20220722,6.4467297,6.378209459,2.488953769,-0.000535083,0.073002974
836892.BJ,广咨国际,广东,建筑工程,20211028,6.1645865,10.8859775,3.102567518,-0.00079448,0.039937678
836942.BJ,恒立钻具,湖北,机械基件,20221208,5.1280627,11.13865417,2.709018763,-0.000514064,0.028743326
836957.BJ,汉维科技,广东,化工原料,20221214,5.4360824,6.301525424,1.437170124,-0.001005212,0.039030502
836961.BJ,西磁科技,浙江,专用机械,20231221,5.9916244,15.54832536,5.849345096,0.003013052,0.125567806
837006.BJ,晟楠科技,江苏,航空,20230518,6.8991065,12.54914216,2.074968517,0.000310582,0.097333856
837023.BJ,芭薇股份,广东,日用化工,20240329,5.286983,14.97320293,5.209207324,-0.001066807,0.046545807
837046.BJ,亿能电力,江苏,电气设备,20221013,6.2462397,6.559958333,1.715571324,-0.000501494,0.048074648
837092.BJ,汉鑫科技,山东,软件服务,20211115,5.631536,19.7574392,6.698598206,-0.000946804,0.04278276
837174.BJ,宏裕包材,湖北,广告包装,20230818,6.04935,9.473407407,2.330254597,0.00014955,0.050628056
837212.BJ,智新电子,山东,元器件,20210608,-1.3768502,8.755288591,3.628907305,-0.000324701,0.042547865
837242.BJ,建邦科技,山东,汽车配件,20200727,5.914197,11.25291275,3.136282167,0.000486667,0.028278245
837344.BJ,三元基因,北京,生物制药,20210108,4.419265,17.95197315,3.262976163,-0.000415428,0.024778436
837403.BJ,康农种业,湖北,种植业,20240118,0.24632932,11.94189573,3.016773775,-0.002411101,0.081258456
837592.BJ,华信永道,北京,软件服务,20230710,5.631536,14.16747045,4.698349159,0.003219337,0.068351833
837663.BJ,明阳科技,江苏,汽车配件,20230315,5.914197,12.00536946,2.884781565,-2.25906E-05,0.077821346
837748.BJ,路桥信息,福建,软件服务,20230816,5.631536,13.58782369,4.868732288,0.003342417,0.109794824
837821.BJ,则成电子,深圳,元器件,20220706,-1.3768502,12.41913603,5.390740799,0.001539562,0.052014297
838030.BJ,德众汽车,湖南,汽车服务,20201127,5.5388756,3.865328859,1.078866854,0.000151505,0.040825029
838163.BJ,方大新材,河北,塑料,20200727,6.4467297,8.063677852,3.42118564,0.001116352,0.025603354
838171.BJ,邦德股份,山东,汽车配件,20220602,5.914197,10.25725389,2.602587126,0.000239244,0.07971959
838227.BJ,美登科技,浙江,软件服务,20221228,5.631536,20.68510539,3.456778016,0.000163906,0.058685817
838262.BJ,太湖雪,江苏,纺织,20221230,6.4696865,12.36055432,3.646730579,0.000555288,0.082861875
838275.BJ,驱动力,广东,农业综合,20210125,5.4254327,4.063167785,1.281202562,-0.00044929,0.028886909
838402.BJ,硅烷科技,河南,化工原料,20220928,5.4360824,13.23759036,5.788735003,-0.003007288,0.076888818
838670.BJ,恒进感应,湖北,机床制造,20220705,-2.5901217,13.60755518,6.454073238,-0.000989204,0.074867259
838701.BJ,豪声电子,浙江,元器件,20230719,-1.3768502,11.49249147,3.226266493,0.004149669,0.071305819
838810.BJ,春光药装,辽宁,专用机械,20221216,5.9916244,7.205550239,1.245984788,0.001845217,0.042182769
838837.BJ,华原股份,广西,汽车配件,20230515,5.914197,5.479806094,1.526849595,0.001621426,0.053829833
838924.BJ,广脉科技,浙江,通信设备,20211103,5.876211,7.864328147,2.22081607,-0.000287419,0.036817684
838971.BJ,天马新材,河南,化工原料,20220927,5.4360824,13.26743056,5.156563601,-0.001045991,0.055035822
839167.BJ,同享科技,江苏,小金属,20200727,-2.8607216,15.19812081,3.890818488,-0.000398602,0.040195454
839273.BJ,一致魔芋,湖北,食品,20230221,6.0406103,11.5725,3.254033549,0.00060575,0.050414195
839371.BJ,欧福蛋业,江苏,食品,20230118,6.0406103,4.04185941,0.785276841,0.00238027,0.061260107
839493.BJ,并行科技,北京,软件服务,20231101,5.631536,47.09374677,8.121186816,-0.00073908,0.072226252
839680.BJ,广道数字,深圳,软件服务,20211115,5.631536,14.21892704,3.826493134,-0.001197871,0.036585727
839719.BJ,宁新新材,江西,化工原料,20230526,5.4360824,12.12781053,2.930018621,-0.001105699,0.032353119
839725.BJ,惠丰钻石,河南,矿物制品,20220718,5.8976912,25.2787399,19.16992617,-0.000699535,0.090929141
839729.BJ,永顺生物,广东,农业综合,20200727,5.4254327,8.58409396,3.098337703,-0.001549036,0.020453987
839790.BJ,联迪信息,江苏,软件服务,20220902,5.631536,7.341734104,2.08545248,-0.000308541,0.060042994
839792.BJ,东和新材,辽宁,其他建材,20230330,5.5222344,6.065679825,0.757680946,0.00047448,0.043275888
839946.BJ,华阳变速,湖北,汽车配件,20210720,5.914197,4.096389262,1.417525287,0.000308813,0.045518356
870199.BJ,倍益康,四川,家用电器,20221201,6.388499,16.41416481,6.968488082,-0.003168849,0.04730457
870204.BJ,沪江材料,江苏,塑料,20220118,6.4467297,11.95584098,6.325011787,-0.002158925,0.046486622
870299.BJ,灿能电力,江苏,电气设备,20220610,6.2462397,5.425711744,1.411731952,0.000208925,0.035728063
870357.BJ,雅葆轩,安徽,元器件,20221118,-1.3768502,12.70514463,3.902688326,0.000479861,0.061072793
870436.BJ,大地电气,江苏,汽车配件,20211115,5.914197,9.405507868,4.175931736,-0.002078435,0.037525383
870508.BJ,丰安股份,浙江,机械基件,20221216,5.1280627,9.411950207,3.806502088,-0.000835181,0.070357982
870656.BJ,海昇药业,浙江,化学制药,20240202,5.6343184,14.2456051,1.335150206,-0.002592696,0.030809185
870726.BJ,鸿智科技,广东,家用电器,20230808,6.388499,14.12115108,4.412985528,-7.67457E-05,0.060542917
870866.BJ,绿亨科技,广东,农药化肥,20221209,4.9359045,6.814077329,1.795808373,-0.000418191,0.031145203
870976.BJ,视声智能,广东,通信设备,20230901,5.876211,11.92863118,3.164188394,0.00455334,0.080337886
871245.BJ,威博液压,江苏,机械基件,20220106,5.1280627,11.65113293,2.88809436,-0.001355975,0.029072423
871263.BJ,莱赛激光,江苏,电器仪表,20231228,5.9888244,12.68384615,3.111006932,-0.003634995,0.047948516
871396.BJ,常辅股份,江苏,电器仪表,20201118,5.9888244,9.294201342,2.701010004,0.000221815,0.036842355
871478.BJ,巨能股份,宁夏,专用机械,20230512,5.9916244,16.18932353,4.243072558,-0.002239458,0.089319037
871553.BJ,凯腾精工,北京,专用机械,20210806,5.9916244,4.105275168,0.989632663,0.000229834,0.036580222
871634.BJ,新威凌,湖南,铅锌,20221124,5.7158103,9.283772102,2.119397923,0.001944355,0.057511719
871642.BJ,通易航天,江苏,航空,20210816,6.8991065,9.530214765,3.588061365,-0.000798879,0.040382849
871694.BJ,中裕科技,江苏,塑料,20230424,6.4467297,13.87564677,3.11434445,0.000263489,0.079717525
871753.BJ,天纺标,天津,纺织,20221031,6.4696865,16.84935484,10.33164921,-0.000497177,0.072128257
871857.BJ,泓禧科技,重庆,元器件,20220228,-1.3768502,9.944063492,2.128860656,-0.000275402,0.030848217
871970.BJ,大禹生物,山西,化学制药,20220518,5.6343184,6.767041522,2.161370097,-0.001921921,0.044411456
871981.BJ,晶赛科技,安徽,元器件,20211115,-1.3768502,18.28135908,9.550576155,-0.001844557,0.04093228
872190.BJ,雷神科技,山东,IT设备,20221223,6.018636,15.30102564,4.537543169,-0.001816013,0.048869233
872351.BJ,华光源海,湖南,仓储物流,20221229,5.1189384,5.76262215,1.222857402,0.001088094,0.033901514
872374.BJ,云里物里,深圳,通信设备,20221129,5.876211,11.61185738,4.17878138,0.000965959,0.049078757
872392.BJ,佳合科技,江苏,广告包装,20221230,6.04935,8.632393162,2.460839379,-0.000930486,0.061102079
872541.BJ,铁大科技,上海,运输设备,20230310,6.052139,4.606561086,1.384081818,0.005411489,0.080592374
872808.BJ,曙光数创,北京,IT设备,20221118,6.018636,46.0999843,20.46938669,0.000427284,0.062079584
872895.BJ,花溪科技,河南,农用机械,20230406,6.1171265,9.79184466,4.003032593,0.000852636,0.064594574
872925.BJ,锦好医疗,广东,医疗保健,20211025,6.0711374,14.51521008,4.127742085,-0.000976251,0.03913396
872931.BJ,无锡鼎邦,江苏,化工机械,20240408,6.008067,6.59725,2.26602496,0.011868363,0.160364851
872953.BJ,国子软件,山东,软件服务,20230823,5.631536,13.52561798,2.32494011,-0.000714938,0.047520081
873001.BJ,纬达光电,广东,元器件,20221227,-1.3768502,8.365622222,2.284112785,-0.000244318,0.051826654
873122.BJ,中纺标,北京,综合类,20220927,1.0376348,23.72142,15.35480196,0.002909046,0.072319529
873132.BJ,泰鹏智能,山东,家居用品,20231116,5.7977047,12.01026087,4.809596477,0.002966836,0.106070564
873152.BJ,天宏锂电,浙江,电气设备,20230119,6.2462397,10.42209877,4.27710963,-0.000459482,0.063161135
873167.BJ,新赣江,江西,化学制药,20230209,5.6343184,10.71846698,2.553920688,0.000694095,0.086815732
873169.BJ,七丰精工,浙江,机械基件,20220415,5.1280627,6.303592715,1.084799623,0.000683078,0.049898332
873223.BJ,荣亿精密,浙江,机械基件,20220609,5.1280627,3.570318021,0.763144337,-0.000729637,0.053072608
873305.BJ,九菱科技,湖北,机械基件,20221221,5.1280627,12.58799107,3.571502605,0.000104885,0.062348148
873339.BJ,恒太照明,江苏,家用电器,20221117,6.388499,4.654088398,0.958905745,-0.000582391,0.145521993
873527.BJ,夜光明,浙江,化工原料,20221027,5.4360824,7.960858896,1.108469779,-0.000425279,0.027772347
873570.BJ,坤博精工,浙江,机械基件,20231123,5.1280627,41.17274038,14.62370244,0.004418189,0.152668656
873576.BJ,天力复合,陕西,小金属,20230712,-2.8607216,17.99784211,3.754118523,0.0011524,0.070066361
873593.BJ,鼎智科技,江苏,机械基件,20230413,5.1280627,48.14134021,32.42969801,-0.001448598,0.125417721
873665.BJ,科强股份,江苏,橡胶,20230926,6.791621,8.058054475,1.455514604,-0.001329302,0.065598012
873679.BJ,前进科技,浙江,机械基件,20231110,5.1280627,15.92907407,4.339760048,-0.003012958,0.041782395
873690.BJ,捷众科技,浙江,汽车配件,20240105,5.914197,12.72973404,2.24217318,0.00223029,0.12925785
873693.BJ,阿为特,上海,机械基件,20231027,5.1280627,30.19858407,9.422900885,-0.004589347,0.068212215
873703.BJ,广厦环能,北京,专用机械,20231205,5.9916244,23.46653266,8.637997835,-0.004235267,0.04607206
873706.BJ,铁拓机械,福建,工程机械,20240308,6.1479993,9.802765957,1.761072363,0.00677783,0.117248498
873726.BJ,卓兆点胶,江苏,机械基件,20231019,5.1280627,23.51456897,7.612806241,-0.00138306,0.046738937
873806.BJ,云星宇,北京,软件服务,20240111,5.631536,8.989421965,1.195806,-0.002308054,0.041760576
873833.BJ,美心翼申,重庆,汽车配件,20231108,5.914197,9.889020408,2.476983859,0.000349007,0.057849833
689009.SH,九号公司-WD,北京,摩托车,20201029,0.30112803,41.81024161,13.02844418,-0.000763857,0.029687621
